:020000041000EA
:1000000000B5324B212058609868022188439860DF
:10001000D860186158612E4B002199600221596106
:100020000121F02299502B49196001219960352056
:1000300000F044F80222904214D00621196600F024
:1000400034F8196E01211966002018661A6600F04E
:100050002CF8196E196E196E052000F02FF8012189
:100060000842F9D1002199601B49196000215960AB
:100070001A491B48016001219960EB211966A021F2
:10008000196600F012F800219960164914480160C1
:100090000121996001BC002800D000471248134993
:1000A000086003C880F30888084703B5996A0420EC
:1000B0000142FBD001200142F8D103BD02B5186610
:1000C0001866FFF7F2FF186E186E02BD00000240BE
:1000D000000000180000070000035F00212200005C
:1000E000F4000018222000A00001001008ED00E03C
:1000F00000000000000000000000000074B24E7A12
:1001000000200420F7010010C3010010C5010010F9
:10011000C1010010C1010010C1010010C101001097
:10012000C1010010C1010010C1010010C701001081
:10013000C1010010C1010010C9010010CB01001065
:10014000CD010010CD010010CD010010CD01001037
:10015000CD010010CD010010CD010010CD01001027
:10016000CD010010CD010010CD010010CD01001017
:10017000CD010010CD010010CD010010CD01001007
:10018000CD010010CD010010CD010010CD010010F7
:10019000CD010010CD010010CD010010CD010010E7
:1001A000CD010010CD010010CD010010CD010010D7
:1001B000CD010010CD010010CD010010CD010010C7
:1001C00000BE00BE00BE00BE00BE00BEEFF3058054
:1001D000103800BEF2EB887104320510243205108D
:1001E0003402001090A31AE700201F49086006C8D7
:1001F00081F3088810471D48006800282FD10DA4FE
:100200000ECC002902D000F012F8F9E71849194A7B
:10021000002000E001C19142FCD1174988471749ED
:1002200088471749884700BEFDE701C901C29A42C5
:10023000FBD3704724320510C0000020E00E0020E0
:100240004440051000000420000004204440051034
:10025000001004200010042000000000704709482E
:1002600005F070FB0047000008ED00E0000000D042
:10027000000F0020DCA70220D5450010A9040010C3
:10028000954500105756000006005250ABB360531E
:10029000247C011006005250861C0302347C01109D
:1002A000060052505422A29D407C0110050052507D
:1002B000DE65F46844400510F8B5C04606480749B5
:1002C000091A8B10C90FC91810B5491003D0044B77
:1002D000002B00D0984710BDE00E0020E00E00205B
:1002E00000000000054B10B5002B03D00449054861
:1002F00000E000BFFFF7E2FF10BDC04600000000B5
:10030000D89C022058640110F8B5CE46474680B507
:1003100006000F0015F0CEFF8046380015F0CAFF2A
:1003200081468446002828D080452CD300201AE03E
:1003300094421ED10133634511D2C218B45CFA5CF9
:1003400021004139C9B2192901D82034E4B215007D
:10035000413DEDB2192DEBD82032D2B2E8E70123AE
:10036000002B0BD101304B46C318434503D8002363
:10037000E1E70023F4E7002300E000231800C0BCFD
:10038000B946B046F8BD0023F8E70000F0B5C64610
:1003900000B5A0B00D0014001E00002A22D0538921
:1003A0001F1C7F2B00D97F27BFB261683A006846C7
:1003B00006F0FCF800236A46D35531496846FFF73A
:1003C000A3FF002812D02F4B05221A702E4A3100AD
:1003D000280000F0BDFD3100280001F035FF2000AD
:1003E00009F0A2FB20B080BCB846F0BD27496846A2
:1003F000FFF78AFF002803D0224B06221A70E5E798
:1004000023496846FFF780FF002803D01D4B0722D1
:100410001A70DBE71F496846FFF776FF002803D014
:10042000184B08221A70D1E71B496846FFF76CFF8A
:10043000002803D0134B01221A70C7E717496846FA
:10044000FFF762FF002803D00E4B02221A70BDE7AF
:1004500013496846FFF758FF002803D0094B0322D1
:100460001A70B3E70F496846FFF74EFF002803D024
:10047000044B04221A70A9E7024B00221A70A5E768
:1004800058640110C9A70220891300006864011094
:100490007864011088640110AC6C0110986401103C
:1004A000446B01107064011030B587B006F01CFA7F
:1004B000FA20C00003F043FA5E4C200006F0D8F9A1
:1004C0005D4806F0D5F9200006F0D2F95B4806F049
:1004D000CFF911F049FD002800D097E011F04EFC53
:1004E000574C5848210006F0F3F95749574B584AE2
:1004F000200011F0FCFC011E00D08EE0554806F0F3
:10050000B7F9554B1868043010F0A4FC0100534BA8
:10051000180006F0DDF9524806F0AAF900F0F8F8E4
:1005200000F088F94F4806F0A3F900F025FD4E4889
:1005300006F09EF901F01EF84C4806F099F901F01A
:10054000ADF94B4806F094F901F0F4FD494806F086
:100550008FF90DF06FFD484B1860002861D04749B6
:10056000474A0DF0C7FB011E5FD14649424B0022AE
:1005700018680DF03DFD424C4348210006F0A8F9F3
:100580004248434906F0A4F94248434906F0A0F91D
:10059000424806F06DF901F043FE414806F068F963
:1005A000244D280006F064F93E4806F061F9280061
:1005B00006F05EF93C48210006F08AF93B4806F057
:1005C00057F93B4806F054F93A4B1878C0B201F09D
:1005D000F5F800F0E0FF384B186003AC200001F0A4
:1005E00083F9684601F0C2F9684601F011FA334B0D
:1005F0001860200001F03AFA314B1860200001F039
:1006000055FA304B186001F037FEDDE72E4806F052
:100610002FF90120404207B030BD2C4806F058F9B0
:10062000F7E72B4806F024F9F3E72A4806F050F9DB
:10063000EFE7C046A4640110D86401100C650110F6
:10064000446501105065011070650110307500009F
:1006500004004000A0650110C89C0220B465011090
:10066000CC650110F86501101C6601104866011088
:1006700068660110886601108CA7022008B8011076
:10068000881300008D030010E86601101467011044
:1006900089130000406701108D1300006C67011082
:1006A0008C670110A8670110DC6701100C6801104D
:1006B0003C680110C9A70220E0890120E4890120DB
:1006C000E8890120EC890120286501107C65011072
:1006D000AC660110CC66011083001B189B00094812
:1006E000844663441000002909D01004064A1968A2
:1006F0004840104080225201134318607047034A5B
:10070000F5E7C0460C0005400000FFFFFFFF0000BA
:1007100030B587B001A83A4B0200190038C938C279
:1007200009C909C200240CE0A20001ABD558280079
:1007300001F038FF0123AB40D022120653629361CF
:100740000134042CF0DDD0231B06802212025A61F2
:100750000421082001F0E2FD0421092001F0DEFD62
:1007600004210A2001F0DAFD04210B2001F0D6FD5E
:10077000244B04221A60244D2A6024480523036078
:10078000234C2360234B00211960234A012313606B
:10079000224A1160224A1360224A234911661166D7
:1007A00051675167102151655165916691661F4AE5
:1007B0001268190091431E4A11602A689100891835
:1007C0008A0018498C46624411681D008D438021BF
:1007D00049010A4315600268900080188200624453
:1007E00010681D0085430A43156022689000801838
:1007F000820062441068834311430B6007B030BD30
:10080000BCAD011098A502209CA50220A0A5022045
:10081000A4A50220387F01203C7F0120407F0120D9
:10082000447F012000000540691800005000054089
:100830005010054010B50E4B18680E4B1968002279
:10084000FFF74AFF0C4B18680C4B19680022FFF7A2
:1008500043FF0B4B18680B4B19680022FFF73CFF56
:10086000094B1868094B19680022FFF735FF10BDC6
:1008700098A50220387F01209CA502203C7F012002
:10088000A0A50220407F0120A4A50220447F0120D2
:1008900010B50F4B18680F4B19680F4C2200FFF76B
:1008A0001BFF0E4B18680E4B19680022FFF714FF50
:1008B0000C4B18680C4B19682200FFF70DFF0B4B0F
:1008C00018680B4B19680022FFF706FF10BDC046E1
:1008D00098A50220387F0120691800009CA50220FD
:1008E0003C7F0120A0A50220407F0120A4A502207A
:1008F000447F012010B50F4B18680F4B1968002278
:10090000FFF7EAFE0D4B18680D4B19680D4C2200DD
:10091000FFF7E2FE0C4B18680C4B19680022FFF73A
:10092000DBFE0B4B18680B4B19682200FFF7D4FE57
:1009300010BDC04698A50220387F01209CA502204A
:100940003C7F012069180000A0A50220407F012003
:10095000A4A50220447F012010B50F4B18680F4B4F
:1009600019680022FFF7B8FE0D4B18680D4B196887
:100970000D4C2200FFF7B0FE0C4B18680C4B1968A9
:100980002200FFF7A9FE0B4B18680B4B19680022D9
:10099000FFF7A2FE10BDC04698A50220387F0120B7
:1009A0009CA502203C7F012069180000A0A5022020
:1009B000407F0120A4A50220447F012010B50F4BE9
:1009C00018680F4B19680F4C2200FFF785FE0E4B7D
:1009D00018680E4B19680022FFF77EFE0C4B186852
:1009E0000C4B19680022FFF777FE0B4B18680B4B76
:1009F00019682200FFF770FE10BDC04698A50220BE
:100A0000387F0120691800009CA502203C7F01204E
:100A1000A0A50220407F0120A4A50220447F012040
:100A200010B50E4B18680E4B19680022FFF754FEE4
:100A30000C4B18680C4B19680022FFF74DFE0B4B4E
:100A400018680B4B19680B4AFFF746FE0A4B1868EB
:100A50000A4B19680022FFF73FFE10BD98A502203F
:100A6000387F01209CA502203C7F0120A0A5022008
:100A7000407F012069180000A4A50220447F0120C6
:100A800010B50E4B18680E4B19680E4AFFF724FE7E
:100A90000D4B18680D4B19680022FFF71DFE0C4B1B
:100AA00018680C4B19680022FFF716FE0A4B1868ED
:100AB0000A4B19680022FFF70FFE10BD98A502200F
:100AC000387F0120691800009CA502203C7F01208E
:100AD000A0A50220407F0120A4A50220447F012080
:100AE00010B50E4B18680E4B19680022FFF7F4FD85
:100AF0000C4B18680C4B19680022FFF7EDFD0B4BEF
:100B000018680B4B19680022FFF7E6FD094B1868BF
:100B1000094B1968094AFFF7DFFD10BD98A50220AF
:100B2000387F01209CA502203C7F0120A0A5022047
:100B3000407F0120A4A50220447F01206918000005
:100B400010B50E4B18680E4B19680022FFF7C4FD54
:100B50000C4B18680C4B19680C4AFFF7BDFD0C4B89
:100B600018680C4B19680022FFF7B6FD0A4B18688D
:100B70000A4B19680022FFF7AFFD10BD98A50220AF
:100B8000387F01209CA502203C7F012069180000CD
:100B9000A0A50220407F0120A4A50220447F0120BF
:100BA00070B50400642800D96424124B1868124BF5
:100BB00019680022FFF790FD104B1D68104B1E684E
:100BC00010486043642104F0E9FE84B22200310041
:100BD0002800FFF781FD0C4B18680C4B19682200A8
:100BE000FFF77AFD0A4B18680A4B19680022FFF7D5
:100BF00073FD70BD98A50220387F01209CA50220BE
:100C00003C7F012069180000A0A50220407F012040
:100C1000A4A50220447F012070B5642800D9642077
:100C2000124B1D68124B1E68124B5843642104F08E
:100C3000B5FE84B2220031002800FFF74DFD0E4BB7
:100C400018680E4B19680022FFF746FD0C4B186818
:100C50000C4B19680022FFF73FFD0B4B18680B4B3C
:100C600019682200FFF738FD70BDC04698A5022024
:100C7000387F0120691800009CA502203C7F0120DC
:100C8000A0A50220407F0120A4A50220447F0120CE
:100C9000090703D51C2802D0022805D07047054A51
:100CA000136801331360F9E7034A136801331360D3
:100CB000F4E7C0467CA7022080A70220F0B5DE46FC
:100CC00057464E464546E0B5A3B07C4B1A68914660
:100CD00000221A607A4B19688B461A60794B1B68A0
:100CE0009846794B1B681693784B1A682092784B7C
:100CF00019688A46484605F041F904000D000022B3
:100D0000744B05F0B8F802000B0005F0AFF80022B4
:100D1000714B05F0CAF818901991704A704B200079
:100D2000290005F0C2F804000D0002000B0005F0D8
:100D30009DF81A901B916B4F22002B003868796840
:100D400005F094F838607960584605F017F904000A
:100D50000D0000225F4B05F08EF802000B0005F03D
:100D600085F800225C4B05F0A0F81C901D915B4AB1
:100D70005B4B2000290005F098F804000D000200EC
:100D80000B0005F073F81E901F91574E22002B00A8
:100D90003068716805F06AF830607160169805F087
:100DA000B3FA16901791209805F0AEFA04000D00E2
:100DB000504605F0A9FA0A000100209121924B4803
:100DC0000291039200940195169A179B414605F0F3
:100DD0007FFD47483A687B68029203931A991B9AF1
:100DE00000910192189A199B494605F071FD4148FE
:100DF00032687368029203931E991F9A00910192C0
:100E00001C9A1D9B594605F063FD3B4805F030FDDB
:100E10003A4B1B78002B07D1012023B0F0BCBB4616
:100E2000B246A946A046F0BD354AC02135482E4BF2
:100E30001E685F68149615971E9E1F9F1296139743
:100E40001C9E1D9F109611975B460E93254B1E68A6
:100E50005F680C960D971A9E1B9F0A960B97189E1B
:100E6000199F089609974B460693209E219F04964A
:100E7000059702940395169B179C00930194434693
:100E8000490004F02BFD0500A02281B2920036201B
:100E900008F096FE041EBFD040681A492A0005F0EB
:100EA00085FB194B1B88194A1949086821000DF068
:100EB00042F8200008F038FEAEE7C0467CA70220CA
:100EC00080A70220E0890120E4890120E88901202F
:100ED000EC8901200000544000004E40333333338E
:100EE000096EEC3F70100020781000206C68011033
:100EF000A4680110E86801102C690110D7A702202E
:100F000030690110F8A50220BCA70220F4A5022038
:100F100078A70220F0B5C64600B584B004000E00E4
:100F200017001D0002F05EFB8046E117FA229200D6
:100F30000023200005F00AF902000B00029501973A
:100F40000096404602F068FC04B080BCB846F0BD94
:100F5000054B18600968054B1960054B1A80054B55
:100F600001221A707047C04678A70220F4A502201B
:100F7000BCA70220D7A7022010B51C2001F012FB4D
:100F8000D024240680235B05A362002201211C20BB
:100F900001F0DCF9022001F005FB0423A36200222A
:100FA0000121022001F0D2F90F4802221C2105F094
:100FB0008FFC0E4B012208211C2001F097FA012220
:100FC0000821022001F082FA094805F051FC094B82
:100FD0000949FA24640000222000FFF79BFF07481C
:100FE000210005F075FC10BDF0690110910C001096
:100FF0001C6A011098100020BD0C00103C6A011002
:1010000030B501250DE05A1C92008150013B002BA8
:1010100003DB9A001158A142F5D801339B00C4505C
:101020000135042D03DCAB00C4586B1EEFE780686C
:1010300030BD000010B5002B02DB0260436010BD24
:10104000024B034A03483F2103F0A8FA6C6A0110DF
:101050001CAE0110886A011010B582B0040002F0C5
:10106000FFFC02000B006846FFF7E4FF009A019BBB
:1010700022606360200002B010BD000070B582B035
:10108000D024240680256D0265610A20002102F02B
:1010900049FCA5616846FFF7DFFF009C019DD02356
:1010A0001B065A6880239B0216001E401A420DD16F
:1010B0006846FFF7D1FF009A019B121BAB41002B42
:1010C00022DCECD1124B9A42E9D91DE06846FFF7C9
:1010D000C3FF009C019DD0231B065B689B030ED5BC
:1010E0006846FFF7B9FF009A019B121BAB41002B2A
:1010F00003DCF0D1064B9A42EDD9002604E06846A5
:10110000FFF7AAFF009E361B300002B070BDC0463C
:101110009065000000B583B06846FFF79DFF00981A
:101120000199074B9A68DB68121A8B4101204042F3
:10113000C117801859410B43D80F03B000BDC046FA
:10114000000F002070B582B0060014001D00FA22C6
:10115000920000230698002104F0F8FF02000B0023
:1011600012196B41002B09DB6846FFF763FF009AF9
:10117000019B32607360300002B070BD01225242A8
:10118000004BF1E7FFFFFF7F70B584B0050002AEB2
:101190003000FFF761FF029A039B054C0095300079
:1011A000FFF7D0FF029A039BA260E36004B070BD1A
:1011B000000F002010B5074805F05AFB064805F05F
:1011C00057FB064B01221A705A70C820FFF7DCFF4C
:1011D00010BDC046EC6A01101C6B0110000F00200E
:1011E000F0B589B005AC200000F0C0FB200000F095
:1011F0000FFC264B1861264904F0C5FF041C04E0CF
:101200002449201C04F0C2FF041C0021201C05F00E
:1012100003F80028F4D104E01E49201C04F0B3FFB9
:10122000041C1C49201C05F005F80028F4D1174DBA
:101230006C6102AC2000FFF70FFF029A039B164976
:1012400000912000FFF77EFF029A039BAA61EB61E9
:101250002000FFF701FF029A039B2A626B6246207F
:10126000FFF79EFC28696D6905F04EF806000F0037
:101270000A4C281C05F048F80090019132003B0010
:10128000200005F025FB09B0F0BDC046000F00208E
:101290000000B4420000B443983A00004C6B0110C7
:1012A000F0B589B005AC200000F060FB200000F034
:1012B000AFFB264B1861264904F068FF041C04E0CC
:1012C0002449201C04F062FF041C0021201C04F0AF
:1012D000A3FF0028F4D104E01E49201C04F053FFB2
:1012E000041C1C49201C04F0A5FF0028F4D1174D54
:1012F0006C6102AC2000FFF7AFFE029A039B164917
:1013000000912000FFF71EFF029A039BAA61EB6188
:101310002000FFF7A1FE029A039B2A626B6246201F
:10132000FFF77AFC28696D6904F0EEFF06000F00F4
:101330000A4C281C04F0E8FF0090019132003B00A9
:10134000200005F0C5FA09B0F0BDC046000F00202E
:101350000000B4420000B443983A00007C6B0110D6
:10136000F0B5CE46474680B58DB006A8FFF774FEAF
:1013700006980799744B9A69DB691C0013001B1AC5
:101380008C411A00002C14DD06A8FFF765FE0698B4
:1013900007996D4B1A6A5B6A1C0013001B1A8C417B
:1013A0001A00002C10DD00200DB0C0BCB946B046BC
:1013B000F0BD002C01D1002AE6D1644805F058FAAE
:1013C000FFF738FA0120EFE7002C01D1002AEAD11B
:1013D00006AD2800FFF740FE069A079B5A4C3221C3
:1013E00000912800FFF7AEFE069A079B2262636217
:1013F00009AD280000F0BAFA280000F009FB051C2E
:101400006669011C301C04F0BEFE041C04E0504957
:10141000201C04F0B8FE041C4E49201C04F012FFEE
:101420000028F4D104E04A49201C04F0AFFE041C5B
:101430004949201C04F0F0FE0028F4D16000430864
:1014400098468021C905181C04F0ECFE002813D131
:101450004249404604F0F6FE002826D14049404665
:1014600004F0F0FE00282FD13E49404604F0EAFE89
:1014700000282BD01E2719E0281C04F045FF04008B
:101480000D00394F404604F03FFF02900391301C9D
:1014900004F03AFF0090019122002B00380005F083
:1014A00017FAFFF7C7F901207EE746270021201C25
:1014B00004F0B2FE00280BD10021201C04F0C2FE73
:1014C000002823D100206FE72D27EFE71427EDE751
:1014D0003800FFF765FB1C4B5B699946281C04F03C
:1014E00013FF04000D00214E0497404604F00CFF4A
:1014F00002900391484604F007FF009001912200FA
:101500002B00300005F0E4F900204DE73800FFF72C
:1015100083FB0D4B5B699946281C04F0F5FE040023
:101520000D00134E0497404604F0EEFE0290039126
:10153000484604F0E9FE0090019122002B003000A3
:1015400005F0C6F900202FE7000F0020AC6B01105A
:101550000000B44300003443000034C30000F041F5
:10156000000070410000A040D06B0110086C011019
:10157000446C011010B5102001F014F8D02424069A
:1015800080235B026362A361112001F00BF88023CA
:101590009B02A36210BD10B586B0002406E0A20035
:1015A00001ABD050142002F0CAF90134042C07DC3E
:1015B000FFF764FD0028F2D03A2104F017FAEEE7B5
:1015C00001A8FFF71DFD002801D006B010BDFFF7F0
:1015D00055FD0028F9D03A2104F008FAF5E700009B
:1015E00010B5564B5B78092B00D9A0E09B00544AFC
:1015F000D3589F46FFF78EFD002800D110BD5148FB
:1016000005F036F9FFF7ECFD4C4B02225A70F5E776
:101610000020FFF7A5FE0028F0D04B4805F028F980
:10162000FFF736F9C8204000FFF7AEFD434B032219
:101630005A70E3E7FFF76EFD0028DFD0434805F05E
:1016400017F9FFF72DFE3D4B04225A70D6E7012013
:10165000FFF786FE0028D1D0FFF79DFF04003C482D
:10166000210005F035F91E2C09D93A4805F000F99A
:10167000C820FFF789FD314B05225A70BEE7364876
:1016800005F0F6F8C820FFF77FFD2C4B01225A70B9
:10169000B4E7FFF73FFD0028B0D0304805F0E8F888
:1016A000FFF79EFD254B06225A70A7E70020FFF7A3
:1016B00057FE0028A2D02A4805F0DAF8FFF7E8F82C
:1016C000C8204000FFF760FD1C4B07225A7095E7C9
:1016D000FFF720FD002800D190E7224805F0C8F868
:1016E000FFF7DEFD154B08225A7087E70120FFF750
:1016F00037FE002800D181E71B4805F0B9F8FFF755
:10170000C7F81A48FFF740FD0C4B09225A7075E7DD
:10171000FFF700FD002800D170E7FFF78BF81448B1
:1017200005F0A6F8054B00221A705A7066E7FFF71D
:1017300081F8024B00221A7060E7C046000F0020BB
:10174000D0AD0110806C01109C6C0110B46C0110C4
:10175000E06C0110146D01102C6D0110546D01101E
:10176000706D0110946D0110B06D0110C40900007E
:10177000DC6D011010B508281BD880000E4B1B58DB
:101780009F46FFF785F810BDFFF7B4F8FBE7FFF7BA
:10179000E3F8F8E7FFF712F9F5E7FFF741F9F2E7A9
:1017A000FFF76EF9EFE7FFF79BF9ECE7FFF7C8F9F2
:1017B000E9E7FFF73FF8E6E7F8AD011010B50400E0
:1017C0000C4B1B78002B11D1012803D0052801D028
:1017D000062804D1FFF7DFFE01381D2803D92000B9
:1017E000FFF7C8FF10BDFFF7E5FCFBE7FFF7F8FECA
:1017F000F8E7C046000F002010B50B480B4914F065
:101800005BFC03211A2000F089FD03211B2000F05E
:1018100085FD002201211A2000F098FD00220121FF
:101820001B2000F093FD10BDB00E0020801A0600B2
:1018300070B584B003AC2023237037336370164D2A
:1018400000260096553B22001921280014F060FC68
:10185000232323701B3B63700096063B2200192153
:10186000280014F055FC2670182363700096163B70
:1018700022001E21280014F04BFC02232370667006
:10188000009622001E21280014F042FC642002F081
:1018900056F804B070BDC046B00E002000B585B04B
:1018A000FFF7AAFFFFF7C4FF0A4804F0E1FF0A4868
:1018B000C0221206094B0292039380229205084B24
:1018C00000920193C0221206064B05F001F805B004
:1018D00000BDC046146E0110546E0110F38BA23F80
:1018E00085EBB13FE045A73FF0B587B005000F227B
:1018F0006A44A82313701C4CA73B009319212000B5
:1019000014F006FC04AE00230093063332001921C4
:10191000200014F009FC7078000200B233781843FC
:10192000F7783F023FB2B3781F437479240224B2A0
:1019300033791C4304F08CFCE221890504F03DFC62
:101940002860380004F084FCE221890504F035FCAD
:101950006860200004F07CFCE221890504F02DFC85
:10196000A86007B0F0BDC046B00E0020F0B587B04B
:1019700006000F226A44032313701F4C023B00939E
:101980001E21200014F0C4FB04AF00230093063393
:101990003A001E21200014F0C7FB3878000200B284
:1019A0007B781843BC78240224B2FB781C433D7931
:1019B0002D022DB27B791D4304F04AFC0F4904F03F
:1019C000E8FB0F4904F0DFFB3060280004F040FC26
:1019D0000A4904F0DEFB0B4904F0D5FB70602000DF
:1019E00004F036FC084904F0D4FB084904F0CBFBB2
:1019F000B06007B0F0BDC046B00E00200080894442
:101A0000062F3A3D295C8F3D000075449E5F143DD2
:101A100070B54668006804F077FC04000D00301CC7
:101A200004F072FC22002B0004F000FB00220B4BA0
:101A300004F03BFA0A4A0B4B04F01DFA04F0E6FAF4
:101A4000041C002104F0E8FB002801D1201C70BD1B
:101A50000549201C04F09AFB041CF7E7008066404F
:101A6000182D4454FB2109400000B44370B546686A
:101A7000806804F049FC04000D00301C04F044FCB4
:101A800022002B0004F0D2FA0022054B04F00DFADC
:101A9000044A054B04F0EFF904F0B8FA70BDC046F3
:101AA00000806640182D4454FB21094070B50400A5
:101AB000066880231B069C4666444068011C04F0AF
:101AC0007CFB051CA068011C04F077FB011C281C92
:101AD00004F05CFB04F018FC04F0A0FA04000D0014
:101AE000301C04F011FC22002B0004F09FFA0022AD
:101AF000044B04F0DAF9044A044B04F0BCF904F096
:101B000085FA70BD00806640182D4454FB210940C1
:101B100082B000226B46D91D06E08369DB06FCD447
:101B200003680B7001320131002AF6D06B46D87978
:101B300002B0704783001B189B0009488446634429
:101B40001000002909D01004064A196848401040C6
:101B500080225201134318607047034AF5E7C046DC
:101B60000C0005400000FFFFFFFF0000F0B5DE465F
:101B700057464E464546E0B583B09C46161AF317C5
:101B8000F6185E40824211DD0123984663465F1AD3
:101B9000FC173B1963400193FC17E71B67408C451A
:101BA00008DD01239946019BF41A1EE001235B42E4
:101BB0009846EBE701235B429946F4E764235B42D6
:101BC0009A461A4D0B015B1A1B019B465D44534616
:101BD0002B54904220D06500AF4202DC019BE41AF6
:101BE0004044AE4201DBA4194944EF28F1D8002952
:101BF000EFDBEF29EDDC0D4D0B015B1A1B019A4663
:101C000055442D56AB1E9A466433D7DB5346642B9E
:101C1000D7DD64239A46D4E76145DCD103B0F0BC3C
:101C2000BB46B246A946A046F0BDC046F089012099
:101C300082B001AAA52313705070002108E0064B62
:101C40009B699B06FBD41078034B1860013101326D
:101C50000129F4D902B070470080034070B5041C1C
:101C60000421002000F05AFB104D114B2B6164231E
:101C70006B601049201C04F0A0FA0F4904F089FAA7
:101C800004F036FB82B200210020FFF753FF2A68E0
:101C900001239343094A1360201C04F035FB020022
:101CA0000B00074804F014FE70BDC046000005405C
:101CB0000F270000003C1C460000C84200100540F1
:101CC000706E011010B5002B02DB0260436010BD86
:101CD000024B034A03483F2102F060FC6C6A01108A
:101CE00034AE0110886A011010B582B0040001F012
:101CF000B7FE02000B006846FFF7E4FF009A019B65
:101D000022606360200002B010BD0000F0B5C6463E
:101D100000B580460E001700002406E043461D195A
:101D20000848FFF7F5FE28700134B44206DA39009E
:101D3000044802F0FDF90028F0D100E0012080BC49
:101D4000B846F0BD0080034000B589B05020FFF7D1
:101D50006FFF074A072106A8FFF7D8FF002801D127
:101D600009B000BD024A142101A8FFF7CFFFF7E731
:101D700020A1070000B583B02020FFF759FF034AD8
:101D800007216846FFF7C2FF03B000BD20A107008E
:101D9000F8B507000E0015000024FA235B019C42F1
:101DA00059D2FA2189002D4802F0C2F9002804D145
:101DB000FA239B009C466444EFE72848FFF7A8FEFF
:101DC000274B1B78002B0DD1012202408307DB0F2C
:101DD0009A42E2D0234B1870234B01221A60204B09
:101DE0001A70DAE720490A68531C0B601D498854B1
:101DF000042BD2DD0B78012119409A07D20F9142B2
:101E000023D09B082B70174CA3786078DB01400827
:101E1000184304F01DFAF221890504F0CEF9386068
:101E20002379E4781B021C43200004F011FAFA2104
:101E3000890504F0C2F930600B4B00221A60084B90
:101E40001A70631E9C41E0B2F8BD074B00221A6075
:101E5000034B1A70A1E70020F6E7C046008003405C
:101E6000D3A702201C7F0120F06E022070B50E1C4B
:101E700014001D000F4904F08CF914F075FA783045
:101E800020600C49301C04F084F914F06DFA7822BB
:101E9000101A28602368EF2B05D8002805DBEF28EF
:101EA00005DD002000E0002070BD0020FCE70120DF
:101EB000FAE7C0460000A042F0B587B0041C0D1C34
:101EC00001924349281C04F0A7F9002801D007B06B
:101ED000F0BD404B1968404B186804AB05AAFFF7EA
:101EE000C5FF0028F3D03D4B3D49186804F065F963
:101EF00004F00AFA3B4A3C4B03F0BDFF06000F001A
:101F0000201C04F001FA32003B0003F0AFFF04F0A4
:101F10007DF88521C90504F050F9344904F094FA9C
:101F200014F022FA031E41DBB42252019A18B421A4
:101F3000C9018A4201DB2E4A9A182E489200115894
:101F40009B001E58281C04F038F9234B196804F034
:101F50001DF9041C311C281C04F02FF91D4B1968B5
:101F600004F014F9011C02AB03AA201CFFF77EFF4A
:101F70000028ACD0029B039A04990598FFF7F6FD60
:101F8000019B002BA3D00398059B984212D0029C82
:101F9000194B2201121B12019B181B5612331A00F7
:101FA00064320CDB642B0CDD64230AE0B423DB0118
:101FB000C318B9E7029A049B9A42E8D187E76423E1
:101FC0005B420D4A2101091B0901521813547EE797
:101FD0000000F042109D02200C9D0220089D02206E
:101FE00000003443182D4454FB2109400000B4463E
:101FF00080BCFFFFB0100020F0890120F0B5DE4664
:1020000057464E464546E0B585B0414B1B78002B00
:102010000FD0404B1B68002B0BD03F4B1A889346C8
:1020200001321A800023994648E03C48494604F0B2
:102030004FFC05B0F0BCBB46B246A946A046F0BD79
:10204000002815DB7F20287001340135EF2C18DCC7
:10205000334B3201921B12019B1818570028EFDDF9
:10206000C001642103F09AFCC0B27F30C0B2EAE73D
:10207000C301181A642103F091FCC0B27F30C0B2D2
:10208000E1E70137052F03DC4346FE180024DDE7B6
:10209000244A204B1868244B564631000BF04BFF66
:1020A0000400300007F040FD002C2BD178200021E7
:1020B00001F038FC4B460133DBB299464B46272BE7
:1020C000B7D802AB194A02925A469A80494699718A
:1020D0002822DA7101914B004B445B009846A02204
:1020E000B5219200C900362007F06AFD824600281B
:1020F0009BD04568082202A9280004F057FA083549
:102100000027BFE70A48019A210004F0E1FB90E7AD
:10211000CDA70220286F0220AAA702208C6E0110F2
:10212000F0890120246F02208D13000050414D5290
:10213000B46E011010B582B0002418E0200004F045
:1021400087F8F221890504F038F804F0DDF82A4A0E
:102150002A4B03F0AAFE0022294B03F08CFE03F069
:1021600055FF04F0D7F8274BA20098500134B42350
:10217000DB019C42E2DBB4212348C90104F0A8FB47
:10218000E121224C4902200001F090FF00230122AE
:102190000821200001F058FF236BC02212021340D7
:1021A0001B4A13600121200001F064FF022104207A
:1021B00000F0B4F80221052000F0B0F802E0134866
:1021C000FFF7A6FC114B9B69DB06F8D5E12111480E
:1021D000490204F07DFB104C6846FFF785FD009A2C
:1021E000019B226063600D485023F022F02104F02F
:1021F0006FFB02B010BDC046182D4454FB210940AE
:1022000000806640B0100020D86E011000800340AE
:1022100030900340046F011088100020346F0110CB
:1022200010B50748FFF71AFD9620C00001F087FBA4
:10223000FFF78AFDFFF79EFD024804F019FB10BD71
:102240000000C8426C6F011010B5064B18600A6898
:10225000054B1A60054B01221A700548054904F028
:1022600037FB10BD286F0220246F0220CDA702206B
:10227000846F01108D13000030B587B00F226A44BF
:1022800004A905A8FFF784FD002811D00F236B4493
:102290001B78092B0CD9049C1B49201C03F0CAFF96
:1022A000002805D01949201C03F0BCFF002811D1DB
:1022B0006846FFF719FD00980199154B1A685B688D
:1022C00004000D00A41A9D412200002D15DC11D040
:1022D00007B030BD01250F49201C03F0ABFF0028DB
:1022E00000D1002501235D40EAB20598211CFFF7CB
:1022F000E3FDDDE7084B9A42EAD9054B18605960C7
:10230000FFF77CFEE4E7C046000048420000FA45C3
:102310008810002000C0DA45DF22020010B58300DB
:10232000084A944663441A6840246240803414404A
:102330008022520113431C60C000034B9C46604442
:10234000416010BD04C001400040014080000B4BC3
:102350009C46604400290DD00823002A0CD004229A
:102360001343026853400C221A4080235B0103434D
:102370001A6070470023F0E70022F1E704C0014033
:10238000002909D08000094B9C46604480239B01B2
:10239000034302221A6070478000044B9C4660444D
:1023A000C0239B01034302221A60F4E704C00140EA
:1023B00070B50400D0231B061D680D4BAA00D3582E
:1023C000002B0AD0002803D0094BAD00EC5070BDA3
:1023D00008490D2000F090FBF6E70028F7D0044BE9
:1023E000AD00E850034900220D2000F07DFAEEE731
:1023F000307F01200D25001070B5D0231B061B680F
:10240000094C9D002C59204207D1074D9B000443E5
:102410005C510D2000F068FA70BD044B044A054879
:10242000CC2102F0BBF8C04670A30220B06F0110AF
:1024300070AE0110DC6F011010B50400D0231B0634
:102440001A680B4B9200D35818420BD00D2000F0A5
:1024500053FBD0231B061B6805499B005A58A24317
:102460005A5010BD034B044A0448D62102F096F896
:1024700070A30220387001104CAE0110DC6F011007
:10248000072303409B00C00899403C308000014B6B
:10249000C150704700400140F8B507000C0016001D
:1024A0001D00FFF7EDFFFB089B00ED1807203840EB
:1024B00080008440002E04D080239B012B431C60AD
:1024C000F8BDC0239B012B431C60F9E710B5D02356
:1024D0001B061B68002B03D0024BFFF7DDFF10BD6E
:1024E000014BFAE7304101400041014070B5140052
:1024F0001D00FFF7EBFF2800FFF75AFF002C00D16B
:1025000070BD01210D2000F09BF9F9E7F0B5D6462A
:102510004F464646C0B5D0231B061F681D4BBA0068
:10252000D3589846002F03D01B4B9946002623E032
:102530001A4B9946FAE724090135002C1BD03300C9
:102540000833AB4217D90F231A0022409246234288
:10255000F1D0134BBA00D2580123AB401342EAD159
:1025600051462800FFF78CFF4346002BE3D051462D
:102570002800C047DFE708361D2E06D8F3080833C9
:102580009B004A469C583500D7E7E0BCBA46B146A6
:10259000A846F0BD307F012030410140004101409C
:1025A00070A3022010B501238340D022120693624B
:1025B00093610521FFF7B2FE10BD0000034B1B68BD
:1025C00002201840431E9841C0B2704700C0064028
:1025D000EFF3108072B6034B1B68002BFBD0BFF3E8
:1025E0005F8F70472C0100D0BFF35F8F024B00223A
:1025F0001A6080F3108870472C0100D0F8B50600EF
:102600000C001500FFF7E4FFE308F718F15C072260
:102610002240012393400B4205D1DBB20B433B70B8
:10262000FFF7E2FFF8BD2100280002F04FF8F0B5F7
:1026300083B00600019114001F00FFF7C9FF00E0FE
:102640000134BC420CD8E308F518F35C07212140A3
:1026500001228A401A42F3D1D2B21A432A7001E011
:1026600001246442FFF7C0FF002C02DB200003B00E
:10267000F0BD019B002BF9D0089802F027F800006C
:1026800070B505000C00FFF7A3FFE308EE18EA5C45
:102690000721214001238B40134204D09A4332701A
:1026A000FFF7A2FF70BD034B034A0448332101F03A
:1026B00075FFC04664700110A4AE01108470011053
:1026C000002307E0054A9A189200BFF35F8F0021AC
:1026D000116001331F2BF5D97047C046400000340C
:1026E000054A1078431CDBB21370172B02D9130074
:1026F00010221A707047C046700D002010B582B0CD
:102700000100054C054B00931F2318222000FFF702
:102710008EFF02B010BDC046507F0120E470011052
:10272000074B9B68103080001950BFF35F8FBFF3D9
:102730005F8F044B0021196082F310887047C046F8
:1027400000ED00E0240100D01F23181A704700009C
:1027500010B50388DA0A1C2A05D15B055B15023324
:102760005B00C01810BD034B034A0448B12101F0BF
:1027700015FFC0460071011008AF0110187101105B
:1027800010B5091A0B1F0A4A88180A4A904208D83D
:10279000C90706D45B105B055B0D0748184380B280
:1027A00010BD064B064A0748A32101F0F7FEC046BC
:1027B000FC070000FE0F000000E0FFFF7471011035
:1027C000FCAE01101871011010B5091A04394A083D
:1027D000090B08D14905490D064B0B430380064BF5
:1027E0001343438010BD054B054A0648AB2101F059
:1027F000D5FEC04600F0FFFF00F8FFFFA4710110F6
:10280000D0AE01101871011001238340034A1068F3
:102810001840431E9841C0B27047C04600E100E036
:10282000002904D0034B1860034B18607047034B1A
:102830001860FBE780E200E000E100E080E100E0FA
:1028400010B5012383401800FFF7EAFF10BD000018
:1028500001238340014A13607047C04600E200E054
:10286000024B9B6810308000C058704700ED00E0BC
:1028700010B5FFF7F5FF002805D0054BC01A2F282B
:1028800003D8012010BD0020FCE70020FAE7C04675
:10289000740D002070B504000D00EFF3108672B6C1
:1028A0000C4B1B68002BFBD0BFF35F8F2000FFF7A2
:1028B000D7FF094B984201D0A84205D13200290028
:1028C0002000FFF72DFF70BD044B054A0548862107
:1028D00001F064FE240100D0CD010010B47101109C
:1028E00030AF011018710110F0B5DE4657464E4664
:1028F0004546E0B589B0814601911500EFF3108A95
:1029000072B66D4B1B68002BFBD0BFF35F8F6B4B18
:1029100000269E57002E41DB7400A419A4006848CD
:1029200024180622A256654B1A70664B9A684B46CD
:1029300010339B00D35898461F00181A2F2839D9F6
:10294000614B984530D105AF604B3B8060497300C7
:102950009B46981980005A4B984640440230FFF736
:102960000FFF78805B4BBB80FF23BB71FD71019B28
:10297000079333005B449B00434407CF07C3012305
:102980001C43A046524641464846FFF7C9FE09B0DF
:10299000F0BCBB46B246A946A046F0BD4E4B4F4ADE
:1029A0004F48D72101F0FAFD4E4B4C4A4C48DE21EE
:1029B00001F0F4FD01380C2103F018F8002912D1C0
:1029C00001239F43BB463B000027DA79AA4211D975
:1029D0000621595600290CDB4A005218920038494A
:1029E0001F008B18F1E7404B3C4A3D48EA2101F0BB
:1029F000D5FD1F00002F2ED005AB3C4A1A80813A2E
:102A00005A800623FB560293002B17DA384805AB91
:102A10009B469880029A9A71DD71019A0792381D3F
:102A20002100FFF7ADFEB880BE71254B72009219F0
:102A300092009B185A4613CA13C3A3E7381DFFF729
:102A400087FE01007000801980001D4BC018043003
:102A5000FFF796FEDBE705AF1C4B3B801C4973007C
:102A600002939B199B00164A90461A004244039217
:102A7000901CFFF785FE7880039A101D5946FFF7DA
:102A80007FFEB8801B4B5A464146521A524153436F
:102A90001B0DBB71FD71019A0792029B9B199B0054
:102AA000434407CF07C3114B5A461380813B5380E1
:102AB00001231C43A04665E7240100D0CAA70220D9
:102AC000740D002000ED00E0CD01001000A1FFFF1B
:102AD000A40D002001BDFFFFEC71011018AF011023
:102AE00018710110147201103C72011001480000AD
:102AF00001BD0000AAAA0000F0B5CE46474680B549
:102B000083B006000D00EFF3108872B64F4B1B68C0
:102B1000002BFBD0BFF35F8F4D4B9A68340010340D
:102B2000A300D7584B4B9F4207D0AF4200D18BE058
:102B30000197494BFB1A2F2B09D942463900300027
:102B4000FFF7EEFD03B0C0BCB946B046F0BD3000A3
:102B5000FFF75AFE814600213000FFF771FEBFF3F8
:102B60005F8FEFF30581002901D08C4211D1012341
:102B7000019C9C430020A368AB4212D00622A256BF
:102B8000002A0DDB53009B189B00334A2000D41809
:102B9000F1E7324B324A36213248FF3101F0FEFC78
:102BA0002000AB4249D106256557002D2BDB2A4B6F
:102BB0006A00521992009B189A68A260DA79E27151
:102BC0009B795BB2A371002B0FDA2748A080224BC0
:102BD0006A00521992009B18244A11789971157055
:102BE00049463000FFF72CFEA7E768004019800037
:102BF000194BC0180430FFF7ABFD0100231D18006E
:102C0000FFF7BEFDE2E7002912D100280ED0FF2316
:102C10008371174B838015490B78A3710E4A154BAE
:102C2000A41A644163431B0D0B70D9E7094FF2E707
:102C30001149201DFFF7C8FDD2E7104B084A6A2151
:102C40000848FF3101F0AAFC024F76E7240100D0CA
:102C500000ED00E0CD010010740D0020B0720110F5
:102C6000E8AE01101871011001BD0000CAA70220D2
:102C700001BDFFFFAAAA0000AE0D0020E472011002
:102C800010B5032304009C43064A9446644422681A
:102C90001840C000FC3383409A43130081400B432B
:102CA000236010BD00E400E070B5012202432E4B0A
:102CB000D31A2F2B28D8EFF30583002B2BD0EFF35B
:102CC000108C72B6294909680029FBD0BFF35F8FC9
:102CD000254C274905002D1B6D416943090D4CB258
:102CE000244989689B00C95891421BD000210329BF
:102CF00032D81D4B4A00521892009B189B795BB248
:102D0000A3421FD00131F2E71B4B1C4AC7211C48CC
:102D1000490001F043FC1B4B184A92211848FF312F
:102D200001F03CFC134A92681749D150174B1A78AE
:102D300082711C70BFF35F8F0C4B00221A608CF302
:102D4000108870BD084B4A005518AD005D19FF266C
:102D5000AE710F4AAA80E9E70E4B084AD121084814
:102D6000490001F01BFCC046740D0020240100D076
:102D7000AAAA000000ED00E0EC720110B4AE011050
:102D80001871011014730110CD010010CAA70220A0
:102D900001BDFFFF207301100022044B02E0044933
:102DA00002C30132072AFAD97047C04600E400E0A6
:102DB0008080808010B5FFF7C7FC0100024B18002F
:102DC000FFF75EFC10BDC046D9A7022010B582B047
:102DD0000100074C074B0093052300222000FFF75A
:102DE00026FC002801DB1F23181A02B010BDC046C4
:102DF000D9A702202873011070B504000E00150039
:102E0000FFF76EFC0100200000F006F8A680E580C8
:102E1000BFF35F8F70BD0000024B9C466144890088
:102E2000016070474000003410B5002B02DB0260E7
:102E3000436010BD024B034A03483F2101F0AEFB43
:102E40006C6A011088AF0110886A011070B582B0F9
:102E5000060014001D00FA229200002306980021AB
:102E600003F074F902000B0012196B41002B09DB0F
:102E70006846FFF7D9FF009A019B3260736030000B
:102E800002B070BD01225242004BF1E7FFFFFF7F0D
:102E900010B582B0040000F0E3FD02000B006846AC
:102EA000FFF7C2FF009A019B22606360200002B01E
:102EB00010BD30B585B004000D0002A8FFF7E8FF93
:102EC000029A039B00952000FFF7C0FF200005B089
:102ED00030BD10B50400FFF703FC01002000FFF730
:102EE0009BFFFF232371BFF35F8F10BD10B504005C
:102EF000FFF7F6FB01002000FFF78EFFFF23237191
:102F000000236371BFF35F8F10BD0000034B9C462D
:102F1000614489000160BFF35F8F70474000003457
:102F200010B504000120FFF7E9FB01002000FFF7C6
:102F3000EDFF10BD084B5B6A994209D8064A926AB8
:102F4000824207D2994201D0012002E0002000E035
:102F5000002070470120FCE70040054010B5002923
:102F60000AD003681B7B8B4206D38068054B9C46C6
:102F700061440901401810BD034B044A04483C2138
:102F800001F00CFBFFFFFF0FEC730110C8B0011044
:102F900010740110F8B504001700FFF7DFFF066892
:102FA000456839002000FFF7D9FF02684368012017
:102FB000AB4201D802D00020C0B2F8BDB242FBD86B
:102FC000F9E7000010B5002B02DB0260436010BD82
:102FD000024B034A03483F2101F0E0FA6C6A0110FA
:102FE00094B00110886A011010B582B004000498F2
:102FF000059912184B41002B09DB6846FFF7E2FFE9
:10300000009A019B22606360200002B010BD012283
:103010005242014BF1E7C046FFFFFF7F10B5002988
:1030200008D0037B8B4205D300684B005B18033B41
:10303000C01810BD024B034A0348682101F0AEFAE4
:103040006474011070B001108074011010B5437BDE
:103050008B4201D1012010BDFFF7E0FF8378002BE8
:1030600001D10020F7E70120F5E770B50400857B6A
:10307000002D01D1280070BD2900FFF7CFFF437854
:10308000A373002B00D1E37300238370437003709C
:10309000F0E70000F8B506000C001500FFF7BEFFD2
:1030A0000700002C0DD0002D11D0AC4215D0290006
:1030B0003000FFF7B3FF84703B78002B13D13D70D5
:1030C000F8BD0A4B0A4A0B486F2101F067FA0A4B18
:1030D000074A0848702101F061FA084B044A054884
:1030E000712101F05BFA43703D70E9E7E87401106B
:1030F0004CB0011080740110F474011000750110BF
:1031000070B506000D001400002914D0002A14D058
:10311000436880689847002806D0220029003000C4
:10312000FFF7B8FF280007E02A0021003000FFF772
:10313000B1FF200000E0100070BD0800FCE70000B7
:1031400070B504000D1E0CD0FFF768FF00238370DC
:1031500043700370617B2A002000FFF7D1FF60738A
:1031600070BD034B034A0448A52101F017FAC0467D
:103170006075011060B001108074011070B504001A
:103180000D1E0FD0FFF762FF00280BD1E17B002955
:103190000ED1A37B002B03D1E37B002B0DD1A573B4
:1031A000E57370BD084B094A0948F62101F0F6F9AC
:1031B0002000FFF733FF4570EBE7064B034A044856
:1031C000FB2101F0EBF9C046187501103CB001106D
:1031D000807401103C75011010B5002907D00368F8
:1031E0001B7B8B4203D3C0680139401810BD034BD1
:1031F000034A0448412101F0D1F9C046EC730110A3
:1032000028B001101074011010B50C00CB68834277
:1032100007D10B6908009847002809D02068616829
:1032200010BD064B064A52210648FF3101F0B6F99F
:103230000023E36000200021F2E7C0465075011032
:10324000DCAF01101074011070B505000C0008000F
:1032500000F000FD0949200000F040FCFFF740FAB3
:10326000074B9C466044800068602C75D0231B0689
:103270001B786B75034BA400E55070BD95330010AF
:1032800040000034F89C02200A4B1A68EFF31081CA
:1032900072B61368002BFCD0BFF35F8F054B1B6821
:1032A000BFF35F8F00221A6081F3108840BF0020B7
:1032B0000021704794A5022010B582B0040000F0F0
:1032C000CFFB02000B006846FFF77CFE009A019BD3
:1032D00022606360200002B010BD70B584B00400AD
:1032E00016001D0002A8FFF7E7FF029A039B009655
:1032F00001952000FFF778FE200004B070BD0000AB
:10330000F0B583B0070001921D000AAB1C780BAB2F
:103310001E78002C0BD000682100FFF797FE0028D4
:1033200009D0194B194A1A48672101F037F900688A
:10333000FFF79BFE0400002C02D1200003B0F0BD7B
:1033400021003800FFF70AFE019B03604560089BDF
:103350008360099BC36038682100FFF7F1FEA0423B
:10336000EBD1387D019A2B0000F000FC051E01D046
:10337000002E04D00C9B002BDFD01D70DDE73868D9
:10338000210000F0ADFDF5E7647501107CB001107F
:1033900010740110F0B5DE4657464E464546E0B57E
:1033A0008FB00021794B8200D6588A460B9083E07B
:1033B00039003000FFF7D2FD814602684368121BD6
:1033C000AB41002B09DD4B461A685B680B9800F097
:1033D000CDFB0023994600248AE0002B01D1002A6E
:1033E000F1D10021584600F071FD0500B84215D119
:1033F0004B465C681B68089309944B469C68DB68E5
:103400009946002C10D039003000FFF7E5FE037814
:103410009A461B021D433561002069E05C4B5D4A02
:103420005D488E2101F0BAF85C4B5A4A5A48922105
:1034300001F0B4F83369002B00D177E0AB4219D129
:1034400006980799002342428B4100920193089A03
:10345000099B0CA8FFF7C8FD0C9A0D9B0021049155
:103460000131039102974946019100943000FFF722
:1034700047FF16E04A4B474A4748A12101F08EF822
:10348000069A079B002B01D1002A52D130683900DF
:10349000FFF774FE39003000FFF79EFE037801331A
:1034A0000370002333617268BFF35F8F136088F38A
:1034B00010880120002862D00CA8FFF7FDFE0C9CAC
:1034C0000D9D00220023089209937268EFF3108883
:1034D00072B61368002BFCD0BFF35F8F33689B4636
:1034E0005F7B002F00D063E7002399460024002073
:1034F0007368BFF35F8F00221A6088F31088002C76
:10350000D8D053461D023D4349462800A0470690A7
:1035100007917268EFF3108872B61368002BFCD025
:10352000BFF35F8F079B002B00DA83E7079B002B1D
:10353000A6DD3369002BA9D0AB421AD10CAD28000F
:10354000FFF7BAFE0C9A0D9B06980799009001911F
:103550002800FFF749FD0C9A0D9B002104910131D1
:10356000039102974946019100943000FFF7C8FE8D
:1035700097E70B4B074A0848A42101F00FF80FB05A
:10358000F0BCBB46B246A946A046F0BDF89C02205E
:103590008C750110ACB0011010740110A4750110ED
:1035A000B075011010B50C4B5B68002B04D00B48B4
:1035B0000A21FFF731FC10BD074C094A206823009F
:1035C000102100F0EEFB032000F03EFA0321200062
:1035D000FFF73AFEEBE7C046BC0D002094A50220A1
:1035E000952F001010B5064B5B68002B01D00448E6
:1035F00010BD044B044A05485E2100F0CFFFC046D1
:10360000BC0D0020EC75011010B0011010740110F9
:10361000F0B5DE4657464E464546E0B58FB005004C
:1036200090460793189B9A46199B99461AAB1B78AC
:103630000993272304AA9446634400221A70CB46B8
:1036400023E001002800FFF7C7FD00783FE008985D
:10365000002B62D0099B002B5FD05946D047060053
:103660000F0003000B435FD0002945DB0AAC2000AC
:10367000FFF722FE0A9A0B9B009601972000FFF7A6
:10368000B3FC0A9B98460B9B07936A68EFF310897B
:1036900072B6136859424B41D9B20891002BF8D148
:1036A000BFF35F8F273304AA944663440493002337
:1036B000039302935B460193534600934246079B54
:1036C0002800FFF71DFE0690041EBAD106986B680D
:1036D000BFF35F8F0021196089F31088002C1AD086
:1036E000272304AA944663441B78002BAFD1000221
:1036F000069A02431000ABE700237242BB410092DE
:1037000001934246079B0AA8FFF76EFC0A9B984666
:103710000B9B0793B9E7012040420FB0F0BCBB46BA
:10372000B246A946A046F0BD0898F6E7F0B5C646F1
:1037300000B584B00500884616001F000AAB1C784F
:10374000FFF750FF0294019700962A004346FFF7C7
:103750005FFF04B080BCB846F0BD0000F0B5C646BF
:1037600000B505000C1E42D04268EFF3108772B618
:103770001368002BFCD0BFF35F8FE6B22B6898462E
:1037800031001800FFF762FC00282AD02B69A34201
:1037900013D0240AE4B231002800FFF71DFD03789E
:1037A000A34211D000206B68BFF35F8F00221A6024
:1037B00087F3108880BCB846F0BD0E4B0E4A2C2112
:1037C0000E48FF3100F0EAFE3100404600F088FB71
:1037D0000028E8D10A4B084A99210848490000F01E
:1037E000DDFE2B69A342DED100232B61DBE7002045
:1037F000E0E7C04610760110F8AF01101074011018
:103800003476011010B50400FFF7ECFE2100FFF73D
:10381000A5FF10BD407D7047F0B587B005001000D2
:1038200019000E9C13000B4301D101200021A5605B
:103830000C9B2361206061600D9B6361CE17370094
:103840007040020071400B00921BBB4104A8FFF7BF
:1038500044FD049A059B01210291019404490091C1
:103860002800FFF7D5FEE060C043C00F07B0F0BDF1
:103870000932001030B587B004000D00EFF3058366
:10388000002B20D106225242D31712196B418B42D2
:1038900002D803D1824201D90022002304A8FFF7F5
:1038A00091FB02A8FFF708FD02980399049A059B73
:1038B000121A8B41002B0BDC08D02000290000F0ED
:1038C000DBF807B030BD144800F000FF002AF4D048
:1038D000124A0498059900230093FFF727FF002858
:1038E00013DAEAE70E4B1A68EFF3108172B6136829
:1038F000002BFCD0BFF35F8F094B1B68BFF35F8FBA
:1039000000221A6081F3108820BF04980599FFF700
:1039100011FB0028E6D0D0E738760110893200107C
:1039200094A5022000B583B002000B006846FFF7A3
:10393000D4FC00980199FFF79DFF03B000BD10B5BE
:10394000FA2292000023002102F000FCFFF7EAFFB8
:1039500010BD000030B583B005000C00EFF3058307
:10396000002B0FD10B4A00230093FFF7DFFE002846
:103970000BDD20BFFFF746FF28002100FFF7DAFA32
:1039800003B030BDFFF7D6FAFAE728002100FFF7B1
:10399000D1FAF5E78932001010B5002B02DB026086
:1039A000436010BD024B034A03483F2100F0F6FD7F
:1039B0006C6A0110FCB00110886A011070B5EFF359
:1039C00005801038EFF3108C72B6194B1B68002B72
:1039D000FBD0BFF35F8F01221300834015494B6377
:1039E00015490B60154909780C00C440224213D0D8
:1039F000104A546A124A8500AA58944205D3114AC3
:103A0000AA580E4C9943217007E00A4A031D9B00F7
:103A100099589950002200E00022BFF35F8F044BB9
:103A2000002119608CF31088002A00D0904770BDE7
:103A3000280100D0004005403C700540D8A7022076
:103A4000C0A50220007D012010B50100024A034BF1
:103A50001800FEF7D3FD10BD88760110C3A7022021
:103A6000044B5B6A034A906A1900536A9942F9D180
:103A70007047C04600400540084B5B6A01E0074BB9
:103A80005B6A8B42FBD301E0044B5B6A8B4203D140
:103A9000024B9B6A8342F7D37047C0460040054003
:103AA000F0B583B004000D00FFF7DAFF06000F0049
:103AB00022002B0092197B41994202D804D19042F6
:103AC00002D901225242D3176846FFF765FF0098DA
:103AD0000199FFF7D1FF03B0F0BD000070B50400FD
:103AE0000E00EFF3108572B61B4B1B68002BFBD04A
:103AF000BFF35F8F002E1CD02000FEF7B1FE174BE6
:103B000083420BD019002000FEF7C4FE01212000E3
:103B1000FEF796FE0123A340114A1360114BA40047
:103B2000E650BFF35F8F0C4B00221A6085F31088BC
:103B300070BD0C4BA2000021D1500122A2400A49C5
:103B40000B7893430B7005492000FEF7D5FF002149
:103B50002000FEF775FEE4E7280100D0BD39001013
:103B600038600540007D0120D8A70220F0B5DE4670
:103B700000B584B00400150001921E000293FFF707
:103B80006FFF03958E4202D84ED185424CD9EFF398
:103B9000108B72B6274B1B68002BFBD0BFF35F8FD7
:103BA000254A17780125A540EBB23B431370234B00
:103BB0005D63221D92000199D150214AA100029813
:103BC00088501B6A2B4212D11C4B1B6C2B4208D015
:103BD0000020BFF35F8F174B00221A608BF3108811
:103BE00023E0184B184A1948C52100F0D7FCFFF70D
:103BF00037FF8E4214D802D1039B834210D80E4B5C
:103C00001B78BB420ED00D4B1D625D631F2222400C
:103C1000012393400E4A1360074B1F700120D8E721
:103C20000020D6E70120D4E7012004B080BCBB46C9
:103C3000F0BDC046280100D0D8A7022000400540B2
:103C4000C0A50220AC760110E0B00110D0760110C2
:103C500080E200E0EFF3108C72B60B4B1B68002B78
:103C6000FBD0BFF35F8F01238340084A13620849EA
:103C70000A789A430A70BFF35F8F034B00221A60E1
:103C80008CF310887047C046280100D000400540E2
:103C9000D8A7022010B5002908D0037B8B4205D39A
:103CA00000684B005B18033BC01810BD024B034A71
:103CB0000348682100F072FC6474011054B10110D3
:103CC00080740110F8B506000C001500FFF7E2FF44
:103CD0000700002C0DD0002D11D0AC4215D02900CA
:103CE0003000FFF7D7FF84703B78002B13D13D7075
:103CF000F8BD0A4B0A4A0B486F2100F04FFC0A4BF3
:103D0000074A0848702100F049FC084B044A05485E
:103D1000712100F043FC43703D70E9E7E874011045
:103D200040B1011080740110F4740110007501108D
:103D300070B506000D001400002914D0002A14D01C
:103D4000436880689847002806D022002900300088
:103D5000FFF7B8FF280007E02A0021003000FFF736
:103D6000B1FF200000E0100070BD0800FCE770B556
:103D700005000023437301338373037BC373012462
:103D800006E021002800FFF785FF0134E4B244700B
:103D9000297BA142F5D82800FFF77CFF0023437060
:103DA00070BD10B5017342608360FFF7E0FF10BD86
:103DB000F0B5C64600B505000C1E03D1200080BC3E
:103DC000B846F0BDFFF766FF4678002EF6D031000A
:103DD0002800FFF75FFF47780023984643702100D3
:103DE0002800FFF757FF43464370320021002800A8
:103DF000FFF79EFF040039002800FFF7D9FF0200FB
:103E000021002800FFF794FF0400D7E7F0B5C6466D
:103E100000B504000D001700002927D0FFF73AFF76
:103E20004378002B28D18378002B2BD101782000F8
:103E3000FFF7BEFF06008046002F0AD0E17B002975
:103E400026D1A37B002B03D1E37B002B25D1A573C7
:103E5000E5734346002B26D129002000FFF71AFF07
:103E600000234370300080BCB846F0BD114B124AAD
:103E70001248382100F092FB114B0F4A0F483A21AB
:103E800000F08CFB0F4B0C4A0C483B2100F086FBEA
:103E90002000FFF7FFFE4570D3E70B4B064A0748AB
:103EA000422100F07BFB31002000FFF7F3FE0023EE
:103EB0008370D1E7307701102CB1011038770110F1
:103EC0008C770110B47701103C75011070B50400B7
:103ED0000A00457B2900FFF799FF6073280070BD39
:103EE00070B506000C1E40D0437B8B4207D0FFF715
:103EF000D1FE05008178002906D1002036E001219D
:103F0000FFF7E4FF012031E03000FFF7C3FE017846
:103F1000A1420DD03000FFF7BDFE4178A1420AD08A
:103F20000029F7D1124B134A13486B3100F036FBCE
:103F30006B78037001E06B7843700023AB706B709B
:103F4000012221003000FFF761FF0200717B8142F6
:103F500005D03000FFF7ECFE7073012006E0074B40
:103F6000044A0548712100F019FB002070BDC046CD
:103F70002073011014B1011038770110D8770110A7
:103F800070B5046BE30701D4200070BD020030322D
:103F9000C0239B0113430A4A1A60456A836AAD0134
:103FA000ED18AD02062000F0D7F9064901F01EFD1C
:103FB0000100280001F01AFD0021FFF771FDE3E781
:103FC000010300004E0E000070B504000E00150045
:103FD000FFF7D6FF22002C32E36A5E403540802393
:103FE0005B0113431D60206370BD000070B50500C8
:103FF0000C00062000F0B0F9C000210001F0F6FC32
:10400000C60908D00E4B9E4216D87F2303400133C9
:1040100034005E0800E001246C62AE6200220021E0
:104020002800FFF7D1FF062000F096F98000A101DB
:10403000891901F0DBFC70BD0026024CECE7C0469C
:10404000FEFF0000FFFF000010B505394901013AED
:10405000D2000A43002B07D002210A43012B01D0D2
:10406000002102E0023100E0002111436E22FFF73F
:10407000ABFF10BD10B5002900D010211022FFF7B2
:10408000A3FF10BD002909D00A22064B9C466044BC
:1040900043425841044B4000C252704780225200B4
:1040A000F3E7C0460080FCBF84A7022070B505007E
:1040B0000C00062000F050F9061E27D0174B9D4239
:1040C00026D08022D203164B1A60164B1A60164B6C
:1040D0009B6811009943FAD100212800FFF7D2FF15
:1040E00021002800FFF782FF06000023012208219B
:1040F0002800FFF7A9FF2A002C3280239B011343DD
:1041000010221A60094B2B630323AB64300070BD8F
:1041100080221204024B1A60D7E7C0460080034099
:1041200000E0004000F0004000C00040010300003B
:10413000064B9A6A8369DB0606D5044B9B6A9B1A79
:104140008B42F7D9002000E0012070470040054075
:10415000F8B5DE4657464E464546E0B506000F0028
:1041600015000A9A934250D31A0E92461B029846A3
:104170000A9A00234046514601F076FC81467400BD
:10418000A419A4002F4B9C4664446368834200D268
:104190006060331FDBB29B46012B3CD9C0239B01DF
:1041A0002343802212011A60274BB200D158002904
:1041B00007D0586901F01AFC013043001B18033B7B
:1041C000FDD26D0123685D40E0222A4080235B011F
:1041D00023431A605A46012A28D980239B0123438E
:1041E000802212011A604B4663604A460023404613
:1041F000514601F039FC144BB60098510120F0BC37
:10420000BB46B246A946A046F8BD104B104A11481D
:10421000332100F0C3F9012FC0D1C0239B012343F8
:1042200003221A60A368DB07FCD5CAE7216879403E
:1042300003220A401A60A3680125BD401D42FAD03E
:10424000CBE7C04600800040547F0120F877011082
:1042500060B101100C78011030B583B00C2000F073
:1042600011F9FEF7ABF900280DD0002304E02E4A27
:1042700099002E4888500133092BF8D92A4B2C4A33
:104280005A6203B030BD2B4B00229A6700F06CF9E4
:10429000294B01221A60274B5B6C012BFBD1274B6A
:1042A00003221A60234B9B6B012BFBD1013300933C
:1042B0000433234A0121234800F054F805230093D6
:1042C000214A0121214800F04DF8214B00930022A2
:1042D00002210420FFF73CFF1E4D00952B00002219
:1042E00001210520FFF734FF104C00942300002229
:1042F00000210720FFF72CFF00942300002200215B
:104300000820FFF725FF0A4B00932300002200211D
:104310000920FFF71DFF00952B0000220021062039
:10432000FFF716FFADE7C046547F0120006CDC02AA
:104330001BB70000008000403CB0004030B000409F
:10434000002F685900800240008C864700C0024060
:10435000001BB70040597307014B8000C0587047DD
:10436000547F0120F0B5C64600B504000E001700CA
:104370001D00374801F03AFB8046364BFA18364BA1
:104380009A4239D80100380001F030FB0200103A9F
:1043900098235B009A4235D86B1E062B38D8069BB3
:1043A000013B062B34D83F09474537D32D04069BE4
:1043B0001B031D432368002B36DB284B9C4244D053
:1043C00080235B01264A1360264A1360264A9268BE
:1043D00019009143FAD12660A060221DC0239B01E1
:1043E000134321221A602268002AFCDAE5600822C1
:1043F0001A6080BCB846F0BD1C4B1D4A1D481121F7
:1044000000F0CCF81C4B1A4A1A48192100F0C6F8E3
:104410001A4B174A17481C2100F0C0F8184B144AD1
:104420001448232100F0BAF822683F231340B34216
:10443000C3D1A3681B051B0D8342BED1E368EE22E6
:10444000D2021340AB42B8D1D3E780239B01B9E736
:10445000001BB70080E84BD380F8A93200C00240AF
:1044600000E0004000F0004000C000406C78011007
:1044700070B10110CC780110287901104479011035
:104480009079011080239B000343014AD362704757
:1044900000800540024B1A68024B5A607047C046C4
:1044A000206F02200080054010B5174B8022D205F6
:1044B0001A60164B164A1A6000290AD0154BE022E2
:1044C000D2041A60002809D1124B802212061A6009
:1044D00010BD0D4BE022D2041A60F3E743011B1A12
:1044E0009B00181800010C4B186080235B04984255
:1044F00002D3094B094A1A60FFF7CCFF054B802213
:10450000D2051A60E4E7C04600B00540082001402B
:10451000FCFF010000A00540206F0220FFFFFF000C
:1045200010B5030010000C4A8024E4051460002B31
:104530000DD001221343094A094CD461094C5C4057
:104540001462516293620021FFF7AEFF10BD034B6E
:104550000022DA61F7E7C04600B005400080054060
:10456000D3C007B02D3FF84F064BAA2212011A60A4
:104570002F22DA60044B054A1A60024B5B68002B5D
:10458000FBDA7047004002400060024000B0FA00D1
:1045900000BEFDE710B5FFF7FBFF000030B583B0AC
:1045A0000D001900002A0BD0074B084C0192009314
:1045B0002B000200200002F08BF90120FFF7E8FF3A
:1045C000034B1A00F1E7C046AC790110BC79011029
:1045D000046C011070B52B4B2B4A1A602B4B2C4AE4
:1045E0001A602C4B9A682A4B9343FAD12A4C01E06B
:1045F00008CC9847294B9C42FAD3FFF72DFE234B5A
:10460000274A1A60234B9B68DB43DB01FAD1254B19
:1046100040229A675A671A67DA66234C09E0234BEF
:10462000234A24488721FFF7B9FF2000FEF751FCF9
:104630000834214B9C4209D22368002BF5D0012B72
:10464000EDD12000FEF752FC0834F2E71B4DA968BB
:104650001B4CC022200001F0A9FFAC60EFF30583E2
:10466000002B00D000BEFEF72BF8FEF795FBFEF7FF
:1046700099FF144C01E008CC9847134B9C42FAD3A5
:1046800070BDC04600E00040BFCDFBFE00F0004022
:10469000FE7F3C0000C00040C80E0020D80E002065
:1046A000FFFFFF0100F00140C00E0020EC79011077
:1046B0007CB101100C7A0110C80E002000ED00E062
:1046C00000000020D80E0020E00E00200FB400B53E
:1046D00083B0084802F0CCF8049B002B07D005A952
:1046E0000191180002F0D4F8034802F0C1F801204B
:1046F000FFF74EFF6C7A0110B06E011010B5014843
:10470000FFF7E4FF7C7A01109A4200D28854704788
:10471000704710B5002802D00B684968984710BD53
:104720000100002007E083001B185B00501C08609C
:104730001078C01830380A681378303BDBB2092B88
:10474000F1D97047F0B5DE4657464E464546E0B5CE
:1047500083B093461F000C9B9A460D9C0E9B994676
:104760000F9B9B0717D0B8460F00060022E0551C90
:104770004B4641462020B84701342A00B442F6D3C4
:104780003D004F465C46019B9B46B1464646B846B7
:1047900037002E000EE00192A34688464E46B946E9
:1047A0000700EBE7013C551C5346185D43463900B2
:1047B000B0472A00002CF5D135003E0047460F9B3C
:1047C0009B0711D4100003B0F0BCBB46B246A9460B
:1047D000A046F0BD541C4B4641462020B84722005D
:1047E000531BB342F6D3EDE7B0464E46B9462F0011
:1047F0005D46F5E7F0B5CE46474680B585B09446B0
:1048000098460C9D0D9C0EAB1B789946109A119BF7
:10481000129EB7071CD4002B0CD0F7070AD54F46C1
:10482000002F02D10C37374204D0013B02E0302781
:104830002F550134944201D21F2CF8D9F70707D520
:104840009C4205D21F2C03D830272F550134F5E7A1
:10485000F70612D5770505D4002C03D0944221D059
:104860009C421FD00F9A102A2FD00F9A022A36D0BE
:104870001F2C0AD830222A5501341F2C05D84A464D
:10488000002A32D02D222A55013403960293019436
:10489000009543466246FFF755FF05B0C0BCB946D8
:1048A000B046F0BD621E012C17D00F9F102F0BD009
:1048B00014000F9A102AD8D1B206D6D51F2CD4D8FE
:1048C00058222A550134D3E7023CB206F1D41F2CFA
:1048D000EFD878222A550134CAE71400C2E71F2C0A
:1048E000D3D860322A550134C2E7720703D52B2290
:1048F0002A550134C9E73207C7D520222A55013489
:10490000C3E7F0B5DE4657464E464546E0B593B0A0
:1049100081468A46089209931CAB10CB1B789B46B4
:104920001E9D219B9846002C03D1102342469A439A
:1049300090468023DB0046461E4042461A4218D06D
:10494000002C22D0002614E0424692061BD54121BD
:10495000C918C9B20A39C9B2771C0AAB99552900DE
:10496000200001F043F8AC4210D31F2F0ED83E00B8
:1049700004002900200001F039F8CBB2092BE3D85C
:104980003033D9B2E8E76121E2E7270043460693D6
:10499000209B05931F9B049303955B46029301970D
:1049A0000AAB0093099B089A51464846FFF722FF3D
:1049B00013B0F0BCBB46B246A946A046F0BDF0B568
:1049C000DE4657464E464546E0B597B00A900B91F5
:1049D0000C929A46209B9946219F22AA13789B46C7
:1049E000249B0993259C289B98464A463A4302D12A
:1049F0001032934398468022D200454615404346E4
:104A000013420AD04A463A4341D000252E0053466D
:104A10000D934D46099B9A4621E02E0053460D9377
:104A20004D46099B9A461AE04246920623D54122FA
:104A3000D218D2B20A3AD2B2731C99460EAB9A552A
:104A4000524623002800390001F00EF8BC4220D85D
:104A500013D04B461F2B16D84E4605000F0052466A
:104A600023002800390000F0FFFFD3B2092BDBD868
:104A70003033DAB2E0E76122DAE7AA45E9D94E46F7
:104A80000D9B9A4608E04E460D9B9A4604E0002690
:104A900002E04E460D9B9A4643460693279B05939C
:104AA000269B0493099B03935B46029301960EABEE
:104AB000009353460C9A0B990A98FFF79BFE17B088
:104AC000F0BCBB46B246A946A046F0BDF0B5DE46F6
:104AD00057464E464546E0B591B0804689460C9211
:104AE0009A461A9C1B9D22002B002000290001F0F1
:104AF00036FA002800D0F2E001225242D54B2000C5
:104B0000290001F027FA002800D0E8E001225242F3
:104B1000D14B2000290001F007FA002800D0DEE088
:104B2000002200232000290001F0FEF9002800D017
:104B3000EAE0069407958023DB001E9A1A400D9246
:104B40001E9A1A4201D106231C9306980799020067
:104B50000B000892099303000A00024300D1DFE032
:104B6000080D4005400DBD4EB4466044079E32031B
:104B7000120B1E00BA4B13431F0001F003FAB94A8F
:104B8000B94B01F092F9B94AB94B01F06FF90890AD
:104B900009910022B74B3000390001F062F9B64AA2
:104BA000B64B01F082F902000B000898099901F058
:104BB0005DF901F0FFF9834601F0E4F906000F000A
:104BC000AF4AB04B01F071F90022AF4B01F04EF942
:104BD00001F0F0F90890AD4AAD4B3000390001F01A
:104BE00064F906000F00089801F0CCF9A94AAA4B15
:104BF00001F05BF902000B003000390001F031F9DF
:104C000006000F0002000B0001F04FF90A900B9113
:104C1000089BA24A9446634400210022089109920D
:104C20001B0509930023089332003B003000390034
:104C300001F01CF90E900F9132003B000020802102
:104C4000C90501F00EF906000F000022944B0A98E6
:104C50000B9901F010F90022924B01F007F90200C4
:104C60000B000A980B9901F006F900228E4B01F017
:104C7000FDF802000B000A980B9901F0FCF8020005
:104C80000B003000390001F0F1F802000B000E9823
:104C90000F9901F0F0F80022714B01F0E7F8089A43
:104CA000099B01F002F906000F0008960997069A81
:104CB000079B01F04FF900280BD001235B429C4673
:104CC000E3440022774B3000390001F0D4F808901B
:104CD00009915B466333C62B45D8042623E01E9B0F
:104CE00004931D9B03931C9B0293009401955346D0
:104CF0000C9A4946404600F0FBF811B0F0BCBB46A8
:104D0000B246A946A046F0BD0021002206910792B6
:104D1000069480231B069C46AC44634607930AE72F
:104D200000239B4604261E9B1B0528D5089A099B39
:104D3000190011430FD05D4A5D4B0698079901F0A9
:104D400001F900287AD000225A4B0698079901F001
:104D5000EBF8002872D01C9B5B4506DD5A469B1A77
:104D6000013B1C9303E00526DDE700231C93802311
:104D7000DB001E9A1A431E92002600239B461D9BB1
:104D80009E4265D29F1B02231E9A1A400A921E9AC7
:104D9000134202D0002E00D000275B46002B07D024
:104DA000089A099B0698079901F065F80690079103
:104DB000002200232000290001F0B6F8002800D0CE
:104DC0007CE03D4B1E9A1340049303971C9B029377
:104DD000069B079C0093019453460C9A4946404613
:104DE00000F086F8002E00D187E71E9B9B0671D548
:104DF0004525441C5346020049462800C0475A46F0
:104E0000D317D2185A4005230593013E0496002378
:104E100003930A3302935B46DB0F019300925346E0
:104E2000220049464046FFF76CFD0A9B002B00D14B
:104E300063E7020047460C9E1D9D53E01C9B002B20
:104E40009DD00D9B002B9AD01C9B013B1C9396E799
:104E5000002798E7FFFFEF7FFFFFEFFF01FCFFFF59
:104E60000000F03FFB799F501344D33FB3C8608BE1
:104E7000288AC63F0000F83F61436F63A787D23F8F
:104E800071A379094F930A400000E03F1655B5BB66
:104E9000B16B0240EF39FAFE422EE63FFF030000FD
:104EA00000002C4000002440000018402D431CEB63
:104EB000E2361A3F80842E41FFF7FFFF069C079DD4
:104EC0002200290080200006844661440B000692DF
:104ED000079376E765258CE7541C53464946202006
:104EE000B8472200931BAB42F6D3100005E7C0463B
:104EF000F0B5DE4657464E464546E0B595B00690BD
:104F0000079193469946209F1E9A1F9B10001900F7
:104F100001F025F8002831D101225242BC4B1E98E5
:104F20001F9901F001F8002837D101225242B94BF4
:104F30001E981F9901F00EF800283DD10022B64BB3
:104F40001E981F9901F006F800284AD10022B34BA1
:104F50001E981F9900F0E8FF002842D1002200238C
:104F60001E981F9900F0E0FF00284AD100239846C0
:104F7000229B5B0500D4B0E0002452E0229B039307
:104F8000219B029303230193A54B00934B465A4662
:104F900007990698FFF7D6FB08E1229B0393219B14
:104FA0000293042301939F4B00934B465A46079963
:104FB0000698FFF7C7FBF9E0229B5B070ED59A4BDB
:104FC00004222299039121990291019200934B4668
:104FD0005A4607990698FFF7B5FBE7E0934B032283
:104FE000EFE7229B0493219B039302971E9B1F9C38
:104FF000009301944B465A4607990698FFF766FDC1
:10500000D4E01E9A1F9B0020002100F02AFF1E9072
:105010001F9101239846ABE70CAB30221A55013F94
:1050200001341F2C01D8092FF6D81E981F9900F0C3
:10503000C1FF050000F0A6FF02000B001E981F999B
:1050400000F00FFF7A4BFA009B181A685B680A920F
:105050000B9300F02AFF0890099100F0CFFF0600A3
:1050600000F08CFF02000B000898099900F0F9FE8F
:105070000890099100226F4B00F06CFF00282ED0A1
:105080000136300000F07AFF02000B000A980B99FD
:1050900000F050FF002801D001350026002F2CD150
:1050A000280000F06FFF02000B001E981F9900F00F
:1050B000D8FE06000F0000225E4B00F035FF0028EE
:1050C00046D100225B4B3000390000F043FF00283E
:1050D0003ED1EB073CD501353AE006274CE70022EC
:1050E000544B0898099900F01FFF0028D6D1002ED4
:1050F00001D0F307D2D50136D0E7AA461F2C11D82C
:10510000013F0A21300000F071FC651C30310CAB0E
:1051100019550A21300000F069FC092E0ED906004D
:105120002C00EBE755461F2C0CD87B1E002F09D016
:105130000CAA302111551F000134F4E72B0055460D
:105140001C00F0E71F2C03D80CAB2E221A5501349B
:105150001F2C10D80A21280000F020FC661C3031DA
:105160000CAB19550A21280000F018FC051E01D0CF
:105170003400EDE734000323229A1340012B1CD0A6
:105180001F2C06D84346002B32D00CAB2D221A55CB
:105190000134229B0393219B029301940CAB009357
:1051A0004B465A4607990698FFF7CCFA15B0F0BC63
:1051B000BB46B246A946A046F0BD219B002B13D0AA
:1051C0004346002B02D10C3313420FD0219B013BED
:1051D0002193190003E00CAB30221A5501348C42A4
:1051E000CED21F2CF7D9CBE72199F8E72199F6E722
:1051F000229B5B0704D50CAB2B221A550134C8E760
:10520000229B1B07C5D50CAB20221A550134C0E7E1
:10521000FFFFEFFFFFFFEF7F65CDCD4165CDCDC136
:10522000987A01109C7A01108C7A0110947A0110FE
:1052300028B301100000E03FF0B5DE4657464E4669
:105240004546E0B593B007008A469346119300297E
:1052500000D12CE3002508E06C1C5B462A00514677
:10526000B847119B013311932500119B1878002832
:1052700000D11EE32528EFD101331193002318003C
:1052800020E00123184301321192012418E0022387
:10529000184301321192012412E004231843013211
:1052A000119201240CE008231843013211920124C9
:1052B00006E01023184301321192012400E000247B
:1052C000002C09D0119A1378203BD9B21029F6D8B6
:1052D0008B00C449CB589F468146119B1A78130016
:1052E000303BDBB2092B10D92A2A13D00B94119B27
:1052F0001A782E2A20D0119A1378683BD9B2122935
:1053000065D88B00B849CB589F4611A8FFF708FA1B
:105310000B90ECE71C9B1A1D1C921B68002B04DBF6
:105320000B93119B01331193E1E70222010011431A
:1053300089465B420B93F4E78022D2004946114331
:1053400089465A1C11925A781300303BDBB2092B64
:105350000BD92A2ACFD11C9B1A1D1C921C68002C29
:1053600008DB119B01331193C5E711A8FFF7D8F9AA
:105370000400C0E70024F4E780235B0049460B43A8
:10538000511C119151786C2901D099461FE0C0231E
:105390009B004946194389460232119217E0802347
:1053A00049460B43511C11915178682901D0994607
:1053B0000DE0C0234946194389460232119206E0A6
:1053C00080235B0049461943894601321192119BA3
:1053D000187867281CD8252800D25EE20300253BF8
:1053E000DAB2422A00D958E29300804AD3589F4645
:1053F00080239B0049461943894601321192E6E712
:1054000080235B0049461943894601321192DEE749
:10541000782800D941E2692800D23EE20200693AC8
:10542000D2B201239340724A134210D11A0600D51A
:105430000CE25B0500D430E21C9B1A1D1C921E6816
:10544000002C00D0BAE101225242330096E16F28CD
:1054500042D005D8582841D0622803D1022606E060
:1054600078283DD010234A469A4391460A26582868
:1054700038D0692805D0642803D00C224B469343CA
:1054800099464B465A0502D501229343994669280D
:105490002DD064282BD04B469A0500D5AAE0DA051A
:1054A00000D5C2E05A0600D4D3E01C9A111D1C910D
:1054B0001168FF220A404B4605930B9B049303940B
:1054C00002960023019300925B462A005146380061
:1054D000FFF717FA05002AE00826C8E71026C6E7F6
:1054E0001026C4E720224B4613439946C1E74B469A
:1054F0009A0520D4DA0551D45A0666D51C9A111D96
:105500001C911168FF220A40D017111841404B46E8
:1055100005930B9B049303940296D20F0192009182
:105520005B462A0051463800FFF7EBF90500119B56
:105530000133119399E61C9A073207218A4311001F
:1055400008311C91116853689C46DB170C930D932E
:105550000C9A0D9B100048400E900D9B61464B40ED
:105560000F930E980F990C9A0D9B801A99410E90EB
:105570000F914B4608930B9B0793069404960023C8
:1055800005936346DA0F0292009001915B462A0070
:1055900051463800FFF713FA0500C8E71C9A111DA1
:1055A0001C911268D0171118414005930B9B04936E
:1055B00003940296D20F019200915B462A00514655
:1055C0003800FFF79EF90500B1E71A0605D51C9AC9
:1055D000111D1C910023D25E96E71C9A111D1C918F
:1055E000126891E78CB10110D0B101101CB201100A
:1055F000419000001C9A073207218A4311000831AC
:105600001C9108930B9B0793069404960023059323
:10561000029353681268009201935B462A00514638
:105620003800FFF7CCF9050081E71C9A111D1C9189
:1056300005930B9B04930394029600230193136834
:1056400000935B462A0051463800FFF75AF90500DF
:105650006DE71A0606D51C9A111D1C9112681204DA
:10566000120C28E71C9A111D1C91126823E746288A
:105670001AD01C9B0733072293431A0008321C924E
:105680004A4604920B9A039202941A685B6800924D
:1056900001935B462A0051463800FFF729FC0500BC
:1056A000119B01331193E0E520234A461A439146AA
:1056B000DFE7672801D0472804D180231B014A4631
:1056C0001A439146452801D0472803D120234A4652
:1056D0001A4391461C9B0733072293431A00083252
:1056E0001C924A4604920B9A039202941A685B68D1
:1056F000009201935B462A0051463800FFF7E6F915
:105700000500119B01331193AFE502234E461E4065
:105710004A4613421ED001241C9B1A1D1C926A1C6F
:10572000904618785B462A005146B847002E14D19F
:10573000119B01331193454697E5551C5B46514635
:105740002020B84723002A005C1C0B999942F4D80A
:105750001500E1E701232A00F6E7424606E0561C61
:105760005B4651462020B8472C003200651C0B9B3D
:10577000A342F4D89046DBE701330A0019780029E8
:1057800002D0511E002AF7D19B1B8022D20049462D
:10579000114088464946114202D0A34200D9230055
:1057A000022249461140109149460A4208D02A0077
:1057B000250099463B004746984626E0220044E6ED
:1057C000A1462A005146B2460E0006E0551C5B4633
:1057D00031002020B84723002A005C1C0B99994215
:1057E000F4D8150022004C46330056469A4691469E
:1057F0002A0025003B004746984606E01D0001367A
:10580000541C5B465146C04722003078002804D023
:10581000002FF4D06B1E002DF0D115004B464746EB
:10582000109A002A03D1119B013311931DE50B9EA1
:105830002A0006E0551C5B4651462020B84723004D
:105840002A005C1C9E42F5D81500ECE721234A464D
:105850001A4313001C9A111D1C911268059308230A
:1058600004930394083302930023019300925B4650
:105870002A0051463800FFF744F80500119B013318
:105880001193F2E46C1C5B462A0051462520B84770
:10589000119B013311932500E7E46C1C5B462A0041
:1058A0005146B847119B013311932500DDE40A4F9F
:1058B000D0E45D450DD35B465A1E5B465146002041
:1058C000B847280013B0F0BCBB46B246A946A04674
:1058D000F0BD2A00F1E7C046114700100CB430B506
:1058E00085B00A0008AC08CC0394054D0094010073
:1058F0002800FFF7A1FC05B030BC08BC02B0184777
:105900000947001010B584B00C0002A902904C6049
:1059100001240448009313006242FFF78DFC04B099
:1059200010BDC0461347001001480421014B184721
:10593000F00D002065590010014B9B6818470000CE
:10594000F00D002010B5010018231B8814221088C8
:10595000984710BD10B5010018231B881622108827
:10596000984710BDF0B5C64600B507000E000025EB
:105970000123984600E00135B5420AD2AC003C193B
:105980002068FFF7DFFF20600028F4D1002398464D
:10599000F1E7404680BCB846F0BD0000124A936F64
:1059A0009B0815D29066D166002905D0FFE7FFE776
:1059B000FFE7516F106F704704B580210906C217C9
:1059C0005140002800D0C84310F0DEFC002104BD87
:1059D000F0B5146E556E576F166FFFF7E3FF146640
:1059E000556657671667F0BD000000D0114A936FE7
:1059F0009B0813D210665166002905D0FFE7FFE728
:105A0000FFE7516F106F704704B5002801D00020E8
:105A1000C04310F0B9FC002104BDC046F0B5146EBF
:105A2000556E576F166FFFF7E5FF1466556657679B
:105A30001667F0BD000000D094464A4A926F920863
:105A4000624601D228E0C046F0B5464E346E756E0F
:105A5000776F366F00F020F89446424A1466556618
:105A6000576716676246F0BD94463E4A926F9208A9
:105A7000624601D254E0C046F0B53A4E346E756EBF
:105A8000776F366F00F04CF89446364A14665566C8
:105A9000576716676246F0BD002B24DB11D0002942
:105AA0003EDA00B5C943404200D1013100F038F878
:105AB000C943404200D10131DB43524200D101339E
:105AC00000BD002AEBD1002801D1002905D000201B
:105AD000C90FC90701D1C043410800B510F034FC1B
:105AE0000022002300BD00B500290ADBDB4352423F
:105AF00000D1013300F014F8C943404200D1013114
:105B000000BDC943404200D10131DB43524200D1C4
:105B1000013300F005F8DB43524200D1013300BDF0
:105B2000002923D1002B18D1002A0CD0BC460D4FE0
:105B300038667A6600210023FFE7FFE7FFE77A6F08
:105B4000386F67467047002801D00748010000B54C
:105B500010F0FAFB0022002300BD02000B00002021
:105B600000217047000000D0FFFFFFFF002B00D096
:105B7000BFE0130C28D1002AE7D080B4114F39665A
:105B80007A66FFE7FFE730B4040C7B6F396F1B04C4
:105B900023433B667A66FFE7FFE7FFE7C04684B230
:105BA0007B6F3D6F1B0423433B667A66FFE7FFE78D
:105BB000C04600232C042D0C7A6F386F0019694100
:105BC000B0BC7047000000D0F0B594460025140E1C
:105BD00001D112020835140F01D112010435940FBE
:105BE00001D192000235D40F01D152000135D40BFE
:105BF0000134254F7C66254C3C660E0C93B2FFE7C2
:105C0000FFE7FFE73C6F6643360C7703BE467343FE
:105C1000DF0B5B04C01AB941130C7343DB18C91ABC
:105C2000CE086643360CB64493B273431F0F1B0174
:105C3000C01AB941130C73431F0B1B05C01AB9419D
:105C4000860D8F023E436643360C092D24DB520A33
:105C50007243801A7703460A6643360C16235B1B91
:105C6000DE40DF40BF1964466643821B7046043540
:105C700006330100D940A840C01900D30131A24227
:105C800006D20023F0BD0000000000D0FFFFFFFFA0
:105C9000121B0130F3D3F1E709277F1BFE40644656
:105CA000A2B27243801A00D20139220C7243130C43
:105CB0001204821A99410B00704604351337010013
:105CC000F940A840801900D30131002B02D1A24233
:105CD0000AD2F0BD013000D30131121BFAD2013BD0
:105CE000F8D1A24200D2F0BD013000D30131121B25
:105CF000F7E7F0B51C0C00D080E00CB400251C0ABE
:105D000004D11B02160E3343120208351C0B04D1BA
:105D10001B01160F3343120104359C0B04D19B0069
:105D2000960F334392000235DC0B02D192185B418F
:105D300001351C00971864410134464F7C66464C7F
:105D40003C660E0CFFE7FFE7FFE7C0463C6F66438B
:105D5000360C7703BE4697B27743C01B00D2013999
:105D6000C01B00D201399FB27743C91BC91B170C56
:105D700077437E04FF0B801BB941CE086643360C87
:105D80000C2D33DBB644120B1F053A431B0B97B2A5
:105D90007743C01B00D201399FB27743C91B170C50
:105DA00077433E043F0C801BB941860D8F023E4372
:105DB000664329277F1BFE400C3D7746AF40BF1945
:105DC00030BCA2B2ABB272437343801A9941220C29
:105DD0007243130C1204801A994102000B00013720
:105DE000001BA941F9D2781E0021F0BD0C277F1BB2
:105DF000FE4077467F0BAF40FF19E0E700245D1CB3
:105E000007D0144F7D663966FFE7FFE7FFE7FFE73E
:105E10003C6F95B29EB265436643401BB141150C81
:105E20001E0C6543664336042F0C3E432D04401B75
:105E3000B141994204D202000B0020000021F0BDC4
:105E400001D19042F7D3801A994101349942F2D39B
:105E5000F6E70000000000D0FFFFFFFF4840414090
:105E6000484018B4134B5B68019308BD18B4114B3C
:105E70001B68019308BD94460F4A926F920805D2A1
:105E8000624618B40B4BDB68019308BD0A4AF0B5B3
:105E9000146E556E576F166F6246FFF7F2FF064A93
:105EA0001466556657671667F0BD18B4014B9B68BA
:105EB000019308BD8CA30220000000D0FFB5504024
:105EC0004240504059404B40594000E0FFB5154F0B
:105ED0004C00640D03D0BC4204D10C0314D8002044
:105EE000090D09055C00640D03D0BC4204D11C03FC
:105EF0000AD800221B0D1B0501264B4009D44B403C
:105F000003D58B4200D18242FFBD9942FCD1904221
:105F1000FFBD0B43DB1803431343F5D0C9434918B6
:105F2000FFBD0000FF07000000B5FFF7CFFF804175
:105F300000BDC04600B5FFF7C9FF01D9002000BD74
:105F4000012000BD00B5FFF7B9FF01D9002000BD59
:105F5000012000BD00B5FFF7B1FF804100BD012069
:105F600040054A00121804D85A00121801D800201F
:105F70007047012070470020704700000021002872
:105F800005D17047C1174840401AFAD0C90713B568
:105F9000064B1B6898470CBC441CA2401005120B12
:105FA0000349091B09051943114310BD90A40220A0
:105FB0001F04000010B54C00620D8023D218DB00D6
:105FC000D21A5B057E2A10DD9E3A13DACC1709033C
:105FD000490819435242D140640001341532202A45
:105FE00005DAD0400843604310BD002010BD0846CC
:105FF000604310BDC80FC018013810BD18B4024B63
:106000005B6A019308BD00008CA3022018B4024B08
:10601000DB6F019308BD00008CA3022018B4024B73
:106020009B69019308BD00008CA3022018B4024BA9
:106030009B6D019308BD00008CA3022010B50148A0
:10604000FEF744FBA47A011070B513231C78012CD1
:1060500012D0012C12DC214B214A93642148FFF716
:1060600071FC214B186070BD20491D4A9800815079
:1060700001331F2BF8D9ECE70023FAE71C48FFF7A0
:1060800069FC05001B48FFF765FC023803789B009C
:106090007F2B09DD12488022290000F087FA022CAC
:1060A00008D0022CDADCD6E7134B144A144832210C
:1060B000FEF774FA134B1A88B5231B029A4209D1D2
:1060C000114B1A88114B9A4204D1114B1A88114B6B
:1060D0009A42E6D00020FEF7F9FAC0461961001096
:1060E0008CA302204C33000090A402203D600010DD
:1060F0005344000053460000BC7A011078B30110ED
:10610000107B011054380000D838000049460000C8
:106110009C3800005946000007B56046002800D1B1
:1061200000BE01880A0A0230DF2AFAD1C9B2820809
:1061300004D3028840880004104300E00068024A4B
:106140005050039007BD00008CA3022051434343ED
:10615000C9188C46110C83B24B4310B4040C614334
:1061600092B280B2504362431C041B0C001910BC55
:1061700059411304120CC01851416144704700008A
:106180004840414048400E4B5B6818470C4B1B6829
:1061900018470C4A936F9B0802D2094BDB681847DB
:1061A000F0B5146E556E576F166FFFF7F6FF054A80
:1061B0001466556657671667F0BD014B9B68184714
:1061C00094A40220000000D007B548404140484058
:1061D00001E0C04607B54200120E03D0FF2A03D1EA
:1061E000420218D8C00DC0054A00120E03D0FF2A83
:1061F00003D14A020FD8C90DC9050122414005D477
:10620000414001D5814207BD884207BD014349187D
:1062100001D0C043001807BD00B5FFF7DBFF804188
:1062200000BDC04600B5FFF7D5FF01D9002000BD75
:10623000012000BD00B5FFF7C7FF01D9002000BD58
:10624000012000BD00B5FFF7BFFF804100BD000089
:10625000C10FC90700D54042002817D0F44603B447
:106260000B4B1B68984706BC81409E3840428031EA
:1062700007D20B0607D04900490AC005104308435E
:1062800060470130F8E7490A8902F5E770470000E6
:1062900090A4022041000A0E80231B067E2A0BDDFB
:1062A0009E3A0BDAC1174002400818435242D040D0
:1062B000490001314843704700207047C00FC018A3
:1062C00001387047C0420DD300B54000400800219E
:1062D00000F00EF8002801D4404200BD80200006E6
:1062E00000BD0000014BDB691847000094A40220A8
:1062F000014B5B6A1847000094A40220014B1B6B02
:106300001847000094A40220014BDB6F18470000DF
:1063100094A402204100090E862902DA044B1B6C6A
:106320001847044900B500F02EF902BC8E46F5E787
:1063300094A40220DB0FC94010B50148FEF7C6F94E
:10634000046C011070B513231E781848FFF702FB88
:106350000500012E11D0012E09DDAB1E1B789B001C
:106360007F2B1DDD12488022290000F01FF9114803
:10637000FFF7E8FA104B186070BD0D485422290051
:1063800000F014F9002300E001331F2BE3D8084A82
:106390009C00A258002AF7D10849054AA150F3E70A
:1063A000074B084A08484221FEF7F8F85346000018
:1063B00094A402204C33000090A402203963001002
:1063C000747B01108CB30110A87B0110F0B5C64698
:1063D00000B505000F00161E98461BDDC9110120EF
:1063E0004042FFF703FB00220EE00C236C124443F3
:1063F0001D21C91A0C41013464109D4021007943CC
:106400006D1A9A401219F61A002E05DD0C2EECDCDE
:106410003300EBE70020E6E7BD4201DBED1B013274
:10642000BD4201DBED1B0132002D07DB4346002B93
:1064300000D01A60280080BCB846F0BD013AED19C2
:10644000F4D5ED19013AF1E7F8B5C60FC20DFF24F6
:10645000224047027F0A80252D042F43CB0D1C408C
:106460004B025B0A1D43FF2A17D0002C18D0002ACC
:1064700003D1002E17D1002014E0A24212DB121B20
:10648000002329003800FFF7A1FF002E00D0404272
:106490009621091BFFF732FF04E0FF20C00501E051
:1064A000FF20C005F8BD80200006FBE7F0B5CE4612
:1064B000474680B583B01600C30F9946C30DFF242D
:1064C000234045026D0A8022120490461543CF0FE7
:1064D000CA0D14404902490A42460A439046002E1A
:1064E00001D000213160FF2B41D0002C42D0002B85
:1064F00047D0FF2C40D0611E99423DDC23D04A4654
:10650000002A00D06D421A1B01AB41462800FFF75C
:106510005DFF4300434503DC07D1019BDB0704D546
:106520004346C01A019B01330193002F02D0019B07
:106530005B420193002E01D0019B33609621091B21
:10654000FFF7DCFE18E0454516DD4B46002B06D173
:1065500043465800281A012301930C00E5E74346FF
:106560005800401B01235B4201930C00DDE7FF2034
:10657000C00501E0FF20C00503B0C0BCB946B0466D
:10658000F0BD0020F8E710B50022FFF78FFF10BD27
:1065900001480421014B1847000E002065590010E6
:1065A000014B1B6818470000000E0020014B5B6880
:1065B00018470000000E002010B50300080011006D
:1065C0001B68984710BD0000F8B507000D001600C5
:1065D000437D002B02D0002400200CE00368110052
:1065E000280098472DE03B7D10E03B6815480221CC
:1065F0009847601C0134B44214DA002CF3DD2B19E7
:10660000013B1B780D3B5A425341DBB22A5D0A2AFB
:10661000F0D1002BEED1A042E7DA3B68211A28180E
:106620009847E2E7B04203DA3B68311A28189847E6
:10663000002E06DDAD19013D2B780D3B5A4253412A
:106640003B75F8BDC4B3011070B505000368002B9D
:1066500016D00C4B1C6805E0290004C92000FFF788
:10666000B3FF2469002C09D02368002BF9D0064B16
:106670001B68002BF0D0A342F3D1EDE700232B6081
:1066800070BDC046D4890120DC89012070B50500A9
:106690000C000B68802B05D023685A1C2260E4187C
:1066A000257170BD0800FFF7CFFFF5E710B5002B8F
:1066B00002DB0260436010BD024B034A03483F21E6
:1066C000FDF76CFF6C6A0110C8B30110886A0110F5
:1066D00010B582B00400FDF7C3F902000B00684654
:1066E000FFF7E4FF009A019B22606360200002B084
:1066F00010BD000070B582B0060014001D00FA2223
:106700009200002306980021FFF720FD02000B00F5
:1067100012196B41002B09DB6846FFF7C7FF009A8F
:10672000019B32607360300002B070BD01225242A2
:10673000004BF1E7FFFFFF7F30B585B004000D008F
:1067400002A8FFF7C5FF029A039B00952000FFF700
:10675000D1FF200005B030BD00B583B0FA2189001B
:106760006846FFF7E9FF009A019B02480FF034FEEC
:1067700003B000BDC00E002010B502480FF0DCFDD4
:1067800010BDC046C00E0020F0B5CE46474680B5CD
:1067900083B006000D0090461C00FFF7DDFF814628
:1067A0006B1C05D0002C08D0194F1A4B1C6807E051
:1067B00030000FF07FFD0500F4E7174FF5E724697F
:1067C000002C17D02368002BF9D0144B1B68002B2A
:1067D00001D0A342F3D12A0031002000B84743463C
:1067E000002BECD06B46D91D0A230B700122200030
:1067F000B847E4E74B46002B07D16B1E9D41E8B23A
:1068000003B0C0BCB946B046F0BDFFF7B5FFF4E732
:10681000B9650010D4890120C9650010DC89012008
:106820000A4A136802E01A0010321B69002B09D0D3
:1068300013688342F7D1002907D10369136000234D
:10684000036102E0002900D010607047D489012064
:1068500010B5064B1C6800E02469002C04D0636866
:10686000002BF9D09847F7E710BDC046D489012026
:1068700070B505000FF01EFD040000230122010089
:106880002800FFF781FFFFF7E3FF200070BD000045
:10689000F0B5A3B004000E00FFF75EFF050001AFE6
:1068A000002301930948330022003900FFF72AF83A
:1068B00004003800FFF7C8FEFFF7CAFF002D02D121
:1068C000200023B0F0BDFFF757FFF9E78D660010F9
:1068D0000FB400B583B004A901C90191FFF7D8FF37
:1068E00003B008BC04B0184710B500F0B3F910BDF0
:1068F00070470000014B00221A707047CBA702209E
:106900004B79FF2B0CD18B79002B0BD1CB79012B41
:106910000AD1082A0AD98A78054B1A70092000E0A2
:10692000002070470020FCE70020FAE70020F8E78D
:10693000CBA702200120704770B504000D0003486A
:10694000FFF700F803002900200098475542000097
:1069500010B5012926D1117953791B020B43124935
:1069600009788B4201D000201DE05378012B03D021
:10697000022B10D0002016E09178D3781B02194327
:10698000DB0506D54B0A012098407F231940FFF70D
:10699000D3FF0020F9E7642200210020FDF7C0FDAD
:1069A000012000E0012010BDCBA7022001230370CD
:1069B00000487047E0B3011010B50A784B781B020D
:1069C00013438A7812041A43CB781B06134396228A
:1069D000D200934200D010BD00210800FFF7ACFFA9
:1069E000024B1860024B19607047C046487F012077
:1069F0004C7F012010B5002B02DB0260436010BD0C
:106A0000024B034A03483F21FDF7C8FD6C6A0110A1
:106A100014B40110886A011010B582B00400FDF7AB
:106A20001FF802000B006846FFF7E4FF009A019B85
:106A300022606360200002B010BD000070B582B01B
:106A4000060014001D00FA2292000023069800217F
:106A5000FFF77CFB02000B0012196B41002B09DBD6
:106A60006846FFF7C7FF009A019B326073603000F1
:106A700002B070BD01225242004BF1E7FFFFFF7FE1
:106A800030B585B004000D0002A8FFF7C5FF029ADB
:106A9000039B00952000FFF7D1FF200005B030BD1B
:106AA00010B582B004000498059912184B41002BD0
:106AB00009DB6846FFF79EFF009A019B2260636036
:106AC000200002B010BD01225242014BF1E7C04646
:106AD000FFFFFF7F10B5024B1878FBF7B9FE10BD22
:106AE000CCA702200268EFF3108172B61368002B66
:106AF000FCD0BFF35F8F41607047000070B50F4B53
:106B00001B68002B16D00D4C2000FFF7EBFF0C4B41
:106B100000221A7021686368BFF35F8F0A6083F3F5
:106B2000108800240025074B1878FBF791FE200001
:106B3000290070BDFA24A4000025F4E7F09C02208F
:106B4000CFA70220CCA70220F0B5C64600B586B07C
:106B5000804616001D000EAB1C7804AF3800FFF70E
:106B60005BFF049A059B009601953800FFF798FF9C
:106B7000049A059B02940D9901910C99009140464D
:106B8000FCF746FD06B080BCB846F0BDF0B5C64681
:106B900000B584B00500884616001F000AAB1C78BB
:106BA000FCF720FD0294019700962A004346FFF768
:106BB000CBFF04B080BCB846F0BD000010B582B079
:106BC000184800210FF0F0FB002820D1164B1B685D
:106BD000002B24D0144C2000FFF784FF134A1378B5
:106BE000DBB20121117021686268BFF35F8F002062
:106BF000086082F31088002B11D10D4A01330093F5
:106C00000023FA2080000021FFF7C0FF07E00120E9
:106C10000021404201F092F802480FF08DFB02B0D3
:106C200010BDC046A8A50220F09C0220CFA70220DC
:106C3000FD6A001010B5054B1868002804D0044BFD
:106C40001968002200F0A8FD10BDC046487F012051
:106C50004C7F012010B582B0D0231B061C68FCF7C6
:106C6000C1FCFCF7D7FDA0422CD1234B1B7801F0CF
:106C700029FD2248FCF72DF90120FCF7A7F8204C4C
:106C800020702049FF231840FBF704FE20780121E3
:106C9000FBF7D6FD0520FBF7EBFD041E18D01A49C3
:106CA00000220520FBF720FEFBF71AFD0100174B21
:106CB0001800FCF72BF916480121FFF7B1FD200061
:106CC00002B010BD134B144A1448B221FDF766FC04
:106CD000134A012300930023FA2080000021FFF7CC
:106CE00055FFC443E40F094808220021FFF758FC70
:106CF000002CE4D0DFE7C04620320510A8A5022012
:106D0000CCA70220BD6B0010D56A0010F09C0220B9
:106D1000100E0020E472011004B401104C7C01102C
:106D2000FD6A001010B5002001F000FA10BD00004F
:106D300030B583B004000D00FFF7F4FF002830D019
:106D4000002001F00FFA00282ED0FA2189006846B1
:106D5000FFF796FE009A019B16480FF03DFB0028B6
:106D600025D0FFF7DFFF002804D0002001F0FAF95A
:106D700000280CD101200021404200F0DFFF032455
:106D800064420C480FF0D8FA200003B030BD2A004E
:106D90002100002001F0F2F9041EF2D10324644224
:106DA000EFE703246442EFE703246442ECE70324A3
:106DB0006442E9E7A8A50220F0B5C64600B582B056
:106DC00080460D00FA2189006846FFF759FE009AB7
:106DD000019B2C480FF000FB002803D102B080BCBF
:106DE000B846F0BDFFF79EFF002849D1264B002092
:106DF00000211860596023480FF09EFAEEE7012049
:106E00000021404200F09AFF002001F0CBF9FFF78B
:106E100089FF0028EFD0002001F036FA002820D0AA
:106E2000AC42E8DA2E1B002001F02EFA0200864266
:106E300000DC3200002AE2D043461919002001F09C
:106E400007FA060001200021404200F077FF0020F1
:106E500001F0A8F9A419FCF703FE0B4B1860596068
:106E6000DEE7FCF7FDFD084B1E685F68074A00235C
:106E700092197B419942BED8D2D19042D0D9BAE77B
:106E80000024CDE7A8A502208010002020A1070043
:106E90000048704798B401100048704744B401108E
:106EA00010B50400154B1B78002B0ED0002C11D10F
:106EB000134B144A5A80012301335B009BB21048E4
:106EC000C02292001343038010BD0C48112100F032
:106ED0002DF8EBE7052C0ED80B4BA400E45800234B
:106EE000122BE9D8E15C0029E6D00133044A5800AE
:106EF0008152DBB2F4E70020E6E7C04690A702200B
:106F000080890120090400002CB4011010B502484A
:106F100000F038F810BDC04684A3022010B5024925
:106F20000822FFF743FB10BD84A3022010B50029FF
:106F300001D0002308E00F4B0F4A10481F31FDF726
:106F40002DFB3732C25401334A1E9A420ED90F2B01
:106F50000CD85A080A4CA45C01229A4392001441AE
:106F60000F222240092AECDC3032EBE7C018002364
:106F7000037010BDF07C0110ACB40110F87C01105E
:106F800084A3022070B588B0040004AD0D22002156
:106F90002800FFF705FB0D2200216846FFF700FBE4
:106FA0004B232B700D22694628000FF0BDF90023FA
:106FB00004E05A1D69468A5CE2540133072BF8DD70
:106FC00008B070BD02007F201040D2094000801838
:106FD0004001014BC0187047F06A022010B5038BC6
:106FE0003F333F229343022915D0124C2268C260DE
:106FF000D31823609C0610D10F4C6240634080245C
:107000006401A3420FD88906114380231B060B435A
:107010004268136010BD5B00E7E7084B084A094867
:107020005421FDF7BBFA084B054A06485621FDF7E7
:10703000B5FAC046D09C022000001050D47E01104A
:107040001CB50110047F0110747F0110F0B583B0EE
:1070500005000E001400FFF7B5FF7F232B40EF095A
:1070600085707A427A4142700022C2700683C476EB
:10707000012F0ED0DA0013498C4662448260826888
:1070800000211160002B0AD143600F4BC36003B095
:10709000F0BDDA000D498C4662448260EFE7012FB3
:1070A00009D0013BDB000A4A944663444360210057
:1070B000FFF794FFEBE7013BDB00064A944663448D
:1070C0004360F4E78400105000011050800010501D
:1070D0000C00105008001050F0B585B007000E00ED
:1070E000150001AC0C2200212000FFF759FA27708F
:1070F000032363700296290020000FF065F905B0A4
:10710000F0BD70B50C001500FFF75CFF2A002100F0
:1071100000F00EF970BD000010B5002804D1012167
:107120000520FBF78DFB10BD034B044AD521044815
:107130004900FDF733FAC046BC7F01100CB50110C1
:10714000047F011010B5002805D100220021802005
:10715000FFF7D7FF10BD034B034ADB21034849006B
:10716000FDF71CFABC7F0110FCB40110047F011074
:10717000024B80225202DA647047C0460020115050
:1071800070B5041E26D100F0ADF8164D0C23AB6788
:107190001549FF220520FBF7A7FB144840220021D8
:1071A000FFF7FEF9002240210020FFF74FFF0022E9
:1071B00040218020FFF74AFF0FF036F901232B64AE
:1071C00080239B05EB649023094AEA502000FFF7D7
:1071D000CFFF70BD074B084A86210848FF31FDF7F5
:1071E000DDF9C0460000115061060020F06A02205F
:1071F00010D00100BC7F011030B50110047F0110D8
:107200000B785B0602D14B78052B00D070478A784B
:10721000014B1A60FAE7C0460000115010B50A0091
:1072200000280DD18878097953791B020B435B053F
:10723000590DD2789207920FFFF708FF012010BD79
:10724000034B044AFC210448FF31FDF7A7F9C0466F
:10725000BC7F0110ECB40110047F011010B50FF0D9
:10726000E3F810BD10B50400080011001A00002C4E
:1072700003D1FFF746FF012010BD034B034A04482A
:107280000449FDF78BF9C046BC7F0110DCB4011046
:10729000047F01100A02000010B508004B0605D15A
:1072A000CB09012B0AD00222054B9A66FFF78AFE12
:1072B0008022120100210FF0BFF810BD0122F3E778
:1072C0000020115010B508004B0600D110BDFFF78B
:1072D00079FE0023C370002201490FF0ADF8F5E7F5
:1072E000FFF7FFFF10B580235B040C4A13600C4AC4
:1072F00013600C4B9A6880235B049343F9D10A4CCA
:107300009C2200212000FFF74BF98022520100212E
:107310000648FFF745F90923636710BD00E0004008
:1073200000F0004000C0004000001150000010506C
:1073300070B504000D001600837E002B17D1A682C5
:107340000023E3820133A376256120000FF054F877
:10735000002804D0094A902380218902D1502000BE
:107360000EF0FAFF002805D00123237770BD0FF03F
:1073700053F8E4E720000FF037F8F7E7002011504A
:1073800070B5050000240CE062001219D200184B01
:107390001B689B18002B2AD05B6828009847013493
:1073A000E4B2144B1B78A34210D3134A002A0BD02B
:1073B000A342E9D8E31ADBB2002B18D15A00D31844
:1073C000DB000E4A9B18E7E72300F5E70C4C53223D
:1073D00000212000FFF7E4F8E01C1022FF21FFF756
:1073E000DFF8200013302022FF21FFF7D9F870BD0D
:1073F000B0780120BEA70220AD690010D8B50110F9
:10740000D87B01200268EFF3108172B61368002B5D
:10741000FCD0BFF35F8F4160704710B5FFF7B0FF3E
:1074200000F0E2FD10BD70B505000C001600C86844
:1074300000F0E4FDE368320001212800984770BDA8
:10744000F0B5DE4657464E46C0B582B000900139D1
:10745000C8B2FFF721FD002800D18EE043789A469C
:10746000022B00D08BE0C5796C1101224A4B1440ED
:10747000240119781026B14321431970AD112A4017
:107480005201C9B22024A1430A431A7007000937E8
:107490008278C3781B021343C418A74266D27B7854
:1074A0000B2B09D001239B467B78042B6ED1E31B69
:1074B0009BB29946002538E0FB789B463B78FF1845
:1074C000F2E76B005B19DB00344A1668F618002EF1
:1074D0003DD1002054E02B0032E0B268304B9A429C
:1074E00042D1D34640E02C49CB18DD700132D2B2F4
:1074F000934509D9BB789B18DBB22749C918C978CD
:10750000FF29F0D000203BE026482B00019E3200EE
:10751000390001F063F9B4466744234B1B78AB4252
:10752000BBD200202CE00135EDB21F4B1B78AB42E3
:10753000F3D31E4A002ACED0AB42C2D8EB1ADBB23C
:10754000002B25D15E00F618F600194BF618B3682B
:107550004A4639000098984701900828E3D98145A8
:10756000E1D35B46012BB8D00022C1E7114B002BC1
:1075700010D000E000BF012002E0002000E0002069
:1075800002B0E0BCBB46B246A946F0BD0020F7E71A
:107590000020F5E70120F3E7D87B0120B078012037
:1075A000A5830010EB7B0120BEA70220AD6900106F
:1075B000D8B501100000000070B505000C00CB78B4
:1075C00088780F2B50D89A002E498A589746FFF793
:1075D0005FFC020012232100280000F0D1FC44E0EF
:1075E000294B002B42D000E000BF021E40D0817822
:1075F000C3781B020B432100280000F0C1FC34E0DB
:10760000022B09D0214B002B34D000E000BF020038
:10761000002A05D1002028E0FFF73EFC0200F7E732
:107620009178D3781B020B432100280000F0A8FCBE
:107630001BE02379617909021943FFF731FC021E2F
:107640001AD003782100280000F09AFC0DE0104BBE
:10765000002B13D000E000BF021E11D003782100E0
:10766000280000F08DFC00E0002070BD0020FCE749
:107670000020FAE70020F8E70020F6E70020F4E712
:107680000020F2E74CB501100000000000000000EF
:1076900000000000024B5878431E9841C0B270476A
:1076A000D87B0120024B18784007C00F7047C046B6
:1076B000D87B0120034B1878FF38431E9841C0B295
:1076C0007047C0464C0E002070B50400FFF7F2FF73
:1076D000061E01D0300070BD254853220021FEF760
:1076E0005FFF244D2800FBF7F4FB234B1D60234D67
:1076F0002800FBF715FC143D280001F0C6FB204BC9
:107700001D60204B002B04D01F48FFF74FF91F4B83
:107710001860002513E06A005219D2001B4B1B6849
:107720009B18002B07D1D5E72B0013E05A00D31884
:10773000DB00174A9B181B6898470135EDB2124BC6
:107740001B78AB4209D30F4A002AEDD0AB42E2D8F6
:10775000EB1ADBB2002BE9D0BCE70E4B1C7020000B
:10776000FFF70EFD2000FFF7D7FC0126B2E7C04669
:10777000D87B0120907B01202C7C0120440E00202E
:10778000307C0120AD690010BEA70220B078012036
:10779000D8B501104C0E0020F0B585B007000E00E2
:1077A000150001AC0C2200212000FEF7F9FE082391
:1077B000637002970396290020000EF005FE05B0C5
:1077C000F0BD000070B50C00094B1D788B7870225D
:1077D0001A4201D0002070BD064B9978200000F0BD
:1077E000C1FF0028F7D021002800FFF717FDF2E7BE
:1077F0004C0E0020D87B0120F8B5CE46474680B518
:1078000081460C0017001E00089B9846002504E0E6
:10781000099A13702378E4180135AF4214DD6378B8
:10782000052B16D1E1788907890FB14213D12100C8
:107830004846FFF7C7FF002807D0A378DA09012AD6
:10784000E6D042461370E5E70120C0BCB946B04619
:10785000F8BD0020F9E70020F7E7000010B57F2011
:107860000840C909400040183030044BC0180330AC
:10787000034B196800F032FF10BDC046D87B0120D1
:107880002C7C012010B57F200840C9094000401819
:107890003030044BC0180330034B196800F046FF2A
:1078A00010BDC046D87B01202C7C0120F8B5CE4607
:1078B000474680B5194800787F250D40CE09184C01
:1078C0006F00E419A4193034E478E40704D50020EB
:1078D000C0BCB946B046F8BD114CE419A419302714
:1078E000B946A1444C46E4780127BC4667463C4370
:1078F00027004C46E770FFF7B5FC0028E8D1084B9D
:107900006D005B199B193033DA7801218A43DA70F4
:10791000DA7803318A43DA70DAE7C0464C0E002089
:10792000D87B012070B50F4B18787F240C40CD090F
:107930000D4B62009B185B193033DB789B0700D539
:1079400070BDFFF7A9FC084B64001B195B193033AD
:10795000DA7802210A43DA70DA7801210A43DA7010
:10796000EEE7C0464C0E0020D87B012070B50F4BCF
:1079700018787F240C40CD090D4B62009B185B19D1
:107980003033DB789B0700D470BDFFF79BFC084BBE
:1079900064001B195B193033DA7802218A43DA70EC
:1079A000DA7801398A43DA70EEE7C0464C0E0020DF
:1079B000D87B01207F220A40C909044B52009B1842
:1079C0005B183033D8788007C00F7047D87B012010
:1079D000F0B585B005000C00002000F00FFB227808
:1079E00060231340602B00D17EE1402B18D0227819
:1079F000D206D20E012A00D1C4E0022A00D10AE147
:107A0000002A00D075E1202B17D0002B00D076E1A2
:107A10006378092B00D974E19B00C14AD3589F4673
:107A2000C04B002B00D162E1180000F0E7FA220001
:107A30000121280000E000BF57E123790F2B00D976
:107A400059E1B94AD318DB78B84A002A05D0B84AB8
:107A5000127893420ED39B1ADBB2002B00D04CE17C
:107A60005900C918C900B34BC91822002800FFF7F4
:107A7000DAFC3AE15A00D318DB00AF4A1168C918A2
:107A80000029F2D1002030E1200000F0BDFAA178F9
:107A90002800FFF757FBA44A137802210B43137009
:107AA000012022E1A04B5B7802AA06321370012369
:107AB0002100280000F064FA012016E1A6789A4B14
:107AC0005B78B34205D0984B5B78002B09D1002E30
:107AD00013D1954B5E702100280000F03DFA012083
:107AE00003E12800FFF7BAFB8F4FBB780193280012
:107AF000FFF746FC019BBB70E9E731002800FFF768
:107B00009FFC0028E5D1F0E021002800FFF754FD9C
:107B1000EBE0A278E3781B021343012B01D0002095
:107B2000E3E0814A137808210B43137021002800F9
:107B300000F012FA0120D8E0A278E3781B02134388
:107B4000012B01D00020D0E0774A137808218B4325
:107B500013702100280000F0FFF90120C5E0724BEE
:107B60001A78510992080223134001220A40134354
:107B700002AA0632138002232100280000F000FA36
:107B80000120B2E023790F2B00D9BCE0664AD3185C
:107B9000DB78664A002A05D0654A1278934225D3DD
:107BA0009B1ADBB2002B00D0AFE05900C918C90006
:107BB000604BC91822002800FFF735FC002800D0D0
:107BC00093E0237860221A4200D08EE063780A3B6B
:107BD000012B00D989E000F011FA63780A2B0FD04D
:107BE0002100280000F0B8F901207EE05A00D318E7
:107BF000DB00514A1168C9180029DBD1002074E06C
:107C000002AB9A1D0023137001332100280000F0FD
:107C1000B7F9012069E021797F200840CE09702260
:107C20000A4200D073E0404A400012189219D27CF8
:107C30003E48002805D03E480078824212D3121AEE
:107C4000D2B2002A15D15600B618F600394AB61835
:107C5000002B10D0002E5CD0220031002800FFF74E
:107C6000E2FB42E050008218D20033480668B618A2
:107C7000EEE70026ECE76378012B10D0032B0ED043
:107C8000002B48D12800FFF795FE02AB9A1D10800B
:107C900002232100280000F073F9012025E0A078DC
:107CA000E2781202024304D1012B19D02800FFF719
:107CB00039FE002E31D0220031002800FFF7B3FB3F
:107CC000002000F09BF9184B34229B5CDB07D80F97
:107CD000002B0AD12100280000F03EF9012004E029
:107CE0002800FFF743FEE4E7002005B0F0BD0020C8
:107CF000FBE70020F9E70020F7E70020F5E7002088
:107D0000F3E70020F1E70020EFE70020EDE7002097
:107D1000EBE70020E9E70020E7E70120E5E7C046C0
:107D20008CB5011000000000D87B0120AD69001067
:107D3000BEA70220D8B50110B078012030B585B0BB
:107D400000F0C5FC002808D105B030BD01AC20789A
:107D5000FFF763FB2279594B9A70594B1C6820003E
:107D60001430FFF74FFB01A9200001F031F86269E0
:107D7000A369BFF35F8F0021116083F3108800288F
:107D8000E2D001AB5B78082BE7D89B004D4AD35873
:107D90009F4601AB1878FFF740FB4B4B002BDCD024
:107DA00000E000BFD9E7454B1A78012401210A43BE
:107DB0001A703322995CA1439954995C0420814341
:107DC00099540132995CA1439954995C8143995427
:107DD00001AB187802A9FFF7FBFD0028BDD101AC6B
:107DE00020780021FFF758FA20788021FFF754FA15
:107DF000B3E701AB19797F220A40CC092F4B500021
:107E00001B181B193033D8780125A843D870D878AF
:107E10000335A843D870002A1CD0284B52009B1869
:107E20001B19DB7C294A002A05D0294A1278934283
:107E300017D39B1ADBB2002B00D085E75A00D3186A
:107E4000DB00244A9B181C6901A84279039B007837
:107E5000A04782E701A84279039B007800F0E2F88E
:107E60007BE75A00D218D2001B4B1B689B18002BD3
:107E7000E9D169E7114B1B78DB0700D46DE7174B9D
:107E8000002B00D169E70D4B18780007C00F00E008
:107E900000BF62E7094B1B78DB0700D45DE7104B9E
:107EA000002B00D159E700E000BF56E7029B002BF2
:107EB00000D152E7039898474FE7C046D87B01208E
:107EC000307C0120B4B5011000000000AD69001045
:107ED000BEA70220D8B50110B07801200000000034
:107EE0000000000010B50023CB56002B05DB8021DD
:107EF00000230022FFF7DAFC10BD0021F8E70000A4
:107F0000F8B50500124B9F89DE89B91B89B20B1C9D
:107F1000402900D940239CB20D4B1B785BB2002B4B
:107F200008DB0021B74211D00A4A23002800FFF7DE
:107F3000BDFCF8BDB74201D18021F3E7044B99683D
:107F400004482200FEF732FB8021EBE70022ECE739
:107F50007C7B0120987B012070B506000D00074C4A
:107F600008222000FEF722FB0023A360E381A38107
:107F700029003000FFF7B6FF70BDC0467C7B0120B2
:107F8000F0B5C64600B580460C0016001D00154B26
:107F900008221F001800FEF709FBBE600023FB81CA
:107FA000A379E179090219430B1CA94200D92B1CC2
:107FB00099B20C4A9381A279E3791B02134309D049
:107FC000002901D0002E0AD04046FFF799FF80BC5F
:107FD000B846F0BD21004046FFF784FFF7E70020D8
:107FE000F5E7C0467C7B012010B503481422002130
:107FF000FEF7D6FA10BDC0467C7B0120014B18610C
:108000007047C0467C7B012010B50100044C08225B
:108010002000FEF7CBFA0023A360E381A38110BD0B
:108020007C7B012070B505001C00C909294B1B7819
:10803000DB098B4211D0002C47D1274B002B02D0FB
:108040002449FFF7DDF8234B1B69002B03D0214A9D
:10805000032128009847012070BD1E4B1B785BB29E
:10806000002B07DB1B4B9868002830D01B492200EF
:10807000FEF79CFA174AD389A1B25B189BB2D38151
:10808000916809199160D288934201D03F2C18D889
:10809000104B1B69002B05D00E4A0221280098477F
:1080A000002804D00B492800FFF71CFFD4E700216B
:1080B0002800FFF7F1F880212800FFF7EDF80120F4
:1080C000CAE72800FFF71CFFC6E70020C4E700202E
:1080D000C2E7C0467C7B012001720010987B012022
:1080E00070B5040005001035280000F05AFE3F2846
:1080F00001D8002070BDE1780020FFF7AFFB002819
:10810000F8D0280000F04DFE3F2808D992239B00AC
:10811000E218E17840230020FFF7C8FBEAE7E178A6
:108120000020FFF7AFFB0020E4E7000010B50400DB
:10813000FFF7B0FA002801D1002010BDFFF7B2FA16
:10814000002809D1064BB222920062439B181B798A
:10815000DB0703D50130F0E70020EEE70020ECE775
:10816000B478012010B5B2239B004343103302487A
:10817000181800F0E4FD10BDB478012070B5B223EA
:108180009B005843064BC51892B21030C01800F03F
:1081900040FE04002800FFF7A3FF200070BDC0468A
:1081A000B478012070B50500FFF774FA002801D1FA
:1081B000002070BDFFF776FA0028F9D1B224A400A0
:1081C0006C432034214BE4180434200000F0B7FD48
:1081D000002801D10020ECE71C4BB22292006A4338
:1081E0009B1899780020FFF739FB002801D1002067
:1081F000DFE7B226B6006E43A2239B009C4666448E
:10820000124BF61840223100200000F002FE041E3E
:108210000ED00E4BB22292006A439B18997803004D
:1082200032000020FFF742FB00280CD02000C0E7FE
:10823000064BB22292006A439B1899780020FFF700
:1082400021FB0020B5E70020B3E7C046B478012049
:1082500070B50500B224A40044432034094BE4184F
:10826000043492B2200000F00BFE0600200000F063
:1082700066FD3F2801D8300070BD2800FFF792FF4F
:10828000F9E7C046B478012010B5B2239B005843EB
:108290002030034BC018043000F083FD10BDC046F1
:1082A000B4780120F0B5CE46474680B583B02A4861
:1082B000B22292000021FEF773F90027002F04D0AC
:1082C00003B0C0BCB946B046F0BD234EB224A400F2
:1082D0007C433519FF236B71002398461F4AEA80BF
:1082E00001222A81AB72EB7208232B7321003831F3
:1082F0008919F833994620001030801943460093BD
:1083000001334A4600F0DDFC21003931FF31891983
:108310002000203080190430012300934A4600F0E9
:10832000D0FC8E239B00E3189946B1444846FAF7E7
:10833000D0FD4346EB614B462B6290239B009C464D
:108340006444A4192000FAF7C4FD2C6343466B6310
:108350000137FFB2B2E7C046B478012000C2FFFF88
:1083600070B50025002D00D070BDB224A4006C4370
:108370000B4EA01905220021FEF712F92000103043
:10838000801900F082FD2034A4190434200000F08C
:108390007CFD0121200000F097FD0135EDB2E1E701
:1083A000B4780120F0B583B004004B79022B4ED194
:1083B0008B79022B4FD10023002B01D0002547E001
:1083C0002848B225AD005D4340198078002802D0CE
:1083D0000133DBB2F0E7234BEE188B7833700F7864
:1083E000CF19092503E03B785D19ADB2FF187B7802
:1083F000242B01D19542F6D9052B09D07B78042B8B
:1084000002D17B790A2B10D03000FFF769FE1FE004
:1084100039002000FFF7D6F900281ED0BB78737012
:108420003B785D19ADB2FF18E8E739784D19ADB268
:108430007918B31C0193F31C00930223022220003D
:10844000FFF7DAF900280AD00E35ADB2DCE70025D7
:10845000280003B0F0BD0025FAE70025F8E7002565
:10846000F6E7C046B4780120F8B51400127860230E
:108470001340202B7CD1434A0025002D00D079E009
:108480001678277963791B023B439E4206D001355B
:10849000EDB2B2239B009C466244EEE76378222B48
:1084A00031D009D8202B11D0212B03D1012923D081
:1084B00001205EE000205CE0232B05D1012946D09D
:1084C000032949D0012054E0002052E0012903D0C3
:1084D000032908D001204CE0063207232100FFF7D2
:1084E0004FFD012045E0284B002B45D0911D280071
:1084F000FEF762FA01203CE0063207232100FFF775
:108500003FFD012035E0012903D0032906D00120D9
:108510002FE02100FFF720FD01202AE0A178E37879
:108520001B020B4301211E000E405C080C4013711E
:1085300099432432100000F0C7FC144B002B1DD0CF
:1085400022003100280000E000BF012011E02100DE
:10855000FFF702FD01200CE00D4B002B10D0A3789B
:10856000E17809021943280000E000BF012000E083
:108570000020F8BD0020FCE70120FAE70120F8E721
:108580000120F6E7B4780120B9690010000000006E
:1085900000000000F0B5D64600B582B001900F0093
:1085A00000930024002C0ED0002C00D07CE0EB784F
:1085B000BB4216D0AB78BB424DD00124200002B0A4
:1085C00080BCBA46F0BDB225AD006543394BED180D
:1085D000EB78BB42E8D0AB78BB42E5D00134E4B2E3
:1085E000E0E710239A46AA4492239B00E9186B46C1
:1085F0001A88504600F044FC2F4B002B1BD06B799F
:10860000FF2B18D0002600E00136009B9E4212D2BC
:108610006A79AB19922189008C4663441B789A428F
:10862000F2D1504600F0A1FB0028EDD1697920007D
:1086300000E000BFE8E7214B002B04D0504600F0DB
:1086400094FB002803D02800FFF74AFDB2E7200082
:10865000FEF7F0FAF7E71A4B002B02D0200000E0FB
:1086600000BF2000FFF79EFD002801D00124A5E7F0
:108670002800243000F063FB002817D1009B002B5A
:1086800016D09E0601D0012498E7A9780198FFF73B
:10869000E5F8041E01D1012490E7A9780023002207
:1086A0000198FFF703F989E7002487E7012485E7AC
:1086B000012483E7B478012000000000356C00102D
:1086C0000000000010B50020FEF7FEFF10BD10B541
:1086D000FEF7F0FF002800D0012010BD70B50400A7
:1086E0000D000378DB07D80F002B1DD123785B0723
:1086F000DE0F002B19DB0121494228000DF05CFE42
:108700002378DB07DA0F002B07D123785B0709D426
:108710002378042213432370012628000DF00CFE59
:10872000300002E01600F8E7002070BD70B50600CA
:108730000C000121494220000DF03EFE33785B071A
:10874000DD0F002B04DB20000DF0F6FD280070BDCE
:108750003378DB0704D43378042293433370F2E791
:108760000025F0E7027943791B0213435B055B0D9B
:10877000C2789207920F022A0DD0032A17D0012A3D
:108780001FD1022904D0144A9A421CD3012019E0B7
:108790008022D200F8E7022903D0402B17D801200D
:1087A00010E08022920093420FD101200AE00229BA
:1087B00004D040229A420CD3012003E08022D20050
:1087C000F8E7002070470020FCE70020FAE70020CF
:1087D000F8E70020F6E7C046FF03000030B58A182E
:1087E00001E00C78091991420AD24C78052CF8D195
:1087F0008D787A342C4064000419ED096355F0E754
:1088000030BD03008A1890B2814202D85A009042CB
:1088100003DB5B009BB2C01A80B2704770B50500E5
:108820000800AC889A420BD3D11A89B200291ED015
:108830008C4210D2944209D8121B93B26B810AE089
:10884000D11A89B26600891989B2EFE7A21893B2EA
:10885000F4E71B1B9BB29C42FBD92968EA885204AF
:10886000520C5343C918FDF7A1FE012070BD002032
:10887000FCE770B582B00500160093080CE00A789A
:108880004B781B0213438C7824041C43CB781B06C3
:1088900023432B6004310300581E80B2002BEED11D
:1088A000033332001A401E4201D102B070BD0023D2
:1088B000019301A8FDF77AFE019B2B60F5E7F0B567
:1088C000DE4657464E464546E0B583B005008A462B
:1088D0000CA909788488E01A80B21C1B1419A4B270
:1088E000EF887F047E0C07007743BFB27443A4B2C5
:1088F000A3462C68A04673439844002908D0012958
:108900001AD003B0F0BCBB46B246A946A046F0BDA3
:10891000904205D3724341465046FDF747FEF0E7CB
:108920003A0041465046FDF741FE29683800504460
:108930005A46FDF73BFEE4E7904206D3724392B2FB
:1089400041465046FFF795FFDBE703233A009A4381
:10895000914641465046FFF78CFF42464A44032366
:10896000380018401F4230D004231B1A9BB2191C38
:108970005B4500D95946CFB2FF230B405946CC1A6C
:10898000A3B29B460023019301AB04E0107818705A
:10899000013308000132411EC9B20028F6D129680E
:1089A00004E0087818700133170001317A1ED2B242
:1089B000002FF6D1019B524613605B46002BA0D0DE
:1089C0005A465046FFF755FF9BE72968F5E7F0B593
:1089D000C64600B582B01E0008AB1B8809AC2778DC
:1089E00084889E420FD3F51AADB2002D1FD0AC4241
:1089F00005D2B44210D8331B9BB243812500954267
:108A00000FD315000DE0F51AADB2A8466500AC46CF
:108A100045466544ADB2E8E7A619B3B2EDE71B1BC6
:108A20009BB29C42FBD900972A00FFF748FF280021
:108A300002B080BCB846F0BDF0B583B004000D00B4
:108A400016001F000069002803D0012149420DF0E3
:108A5000B3FC23899BB262890197009232002900FE
:108A60002000FFF7B4FF0500618989B2A0882A00C1
:108A7000FFF7C7FE60812069002801D00DF05CFC83
:108A8000280003B0F0BD70B582B01600950809E06B
:108A90000B6803701D0A45701D0C85701B0EC3709A
:108AA000043025006C1EA4B2002DF1D10323320046
:108AB0001A401E4201D102B070BD0B68019301A99A
:108AC000FDF774FDF7E7F0B5DE4657464E464546DE
:108AD000E0B583B005008A460CA90878AC88E11A95
:108AE00089B21C1B1419A4B2EF887F047E0C0F00FE
:108AF0007743BFB27443A4B2A3462C68A046734325
:108B00009844002808D001281AD003B0F0BCBB4616
:108B1000B246A946A046F0BD914205D372435146E4
:108B20004046FDF743FDF0E73A0051464046FDF769
:108B30003DFD2868390051445A46FDF737FDE4E70A
:108B4000914206D3724392B251464046FFF79BFFD3
:108B5000DBE703233A009A43914651464046FFF72C
:108B600092FF42464A440323380018401F422ED049
:108B700004231B1A9BB2191C5B4500D95946CFB27E
:108B8000FF230B405946CC1AA3B29B4653461B68A1
:108B9000019301AB04E01878107001330800013232
:108BA000411EC9B20028F6D1286804E01978017086
:108BB0000133170001307A1ED2B2002FF6D15B4686
:108BC000002BA2D05A465146FFF75DFF9DE728686B
:108BD000F5E7F0B585B006000391171E029300D1AA
:108BE0006DE0C068002803D0012149420DF0E4FB8C
:108BF0003489A4B2718989B2F379DB0918D1B388B9
:108C00008C420FD3611A89B28B4256D95B1A9BB240
:108C10003A1C9F4200D91A1C95B2002D45D0B2884B
:108C2000230033E0611A89B25A00891889B2EBE750
:108C3000B588BD420ED8029B002B21D17B1BF78843
:108C40007F047F0C5F43039B9C46BC4463460393B5
:108C50000C00E2E78C420DD3631A9BB2DB196A0069
:108C600093420FDBEA1B92B22800FFF7CAFD040013
:108C70003D00D2E7631A9BB26A009B189BB2EDE7F6
:108C80000C00CAE73D00C8E79B1A9BB29A42FBD989
:108C9000029A00922A0003993000FFF714FFB0886F
:108CA0002A002100FFF7ADFD3081F068002801D0D7
:108CB0000DF042FB280005B0F0BD0025F5E71500DA
:108CC000F8E7F0B583B00400019116001D0008AB71
:108CD0001F7880231B029A422DD8C068002803D039
:108CE000012149420DF068FB2069002803D00121D1
:108CF00049420DF061FB019B2360A6806D046B0C63
:108D0000E588ED0BED031D43E580FB01E2797F274C
:108D100017401F43E771002363812381E068002827
:108D200001D00DF009FB2069002806D00DF004FBEE
:108D3000012003B0F0BD0020FBE70120F9E710B5EA
:108D4000828801898BB2408984B2884207D81B1B74
:108D50009BB2101C9A4200D9181C80B210BD1B1B7C
:108D60009BB251005B189BB2F3E703894089181A44
:108D700043425841C0B2704710B58488028993B20B
:108D8000418988B2914206D81B1A9BB20020A342A7
:108D90004041C0B210BD1B1A9BB262009B189BB22F
:108DA000F4E710B5828801898BB2408984B2884289
:108DB00006D81B1B9BB29A4208D9D01A80B210BDAC
:108DC0001B1B9BB251005B189BB2F4E70020F6E737
:108DD00070B504000D000069002803D0012149424C
:108DE0000DF0EAFA228992B263899BB22900200031
:108DF000FFF714FD0500618989B2A0882A00FFF7FA
:108E000000FD60812069002801D00DF095FA28004E
:108E100070BD10B50023FFF70FFE10BDF8B50400BC
:108E20000E00C068002803D0012149420DF0C4FAA9
:108E30002589ADB22000FFF79FFF002802D0E77917
:108E4000FF0916D0A2882B0001E09B1A9BB29A4220
:108E5000FBD92068E2885204520C5343C0183100F9
:108E6000FDF7A4FBA08801222900FFF7CAFC20819E
:108E70000127E068002801D00DF05EFA3800F8BD47
:108E800010B50023FFF7A5FE10BD10B50400C068A3
:108E9000002803D0012149420DF08EFA20690028F4
:108EA00003D0012149420DF087FA00236381238119
:108EB000E068002801D00DF03FFA2069002801D0B9
:108EC0000DF03AFA012010BD70B504000D00C06825
:108ED000002803D0012149420DF06EFA20690028D4
:108EE00003D0012149420DF067FAED01E3797F21BA
:108EF00019402943E171E068002801D00DF01CFA07
:108F00002069002801D00DF017FA012070BD10B5BE
:108F100000F082F900F054FB00F0D8FB04F0FCFDF7
:108F200001F0C2F904F030FD10BD030A000218433D
:108F300080B27047030000061A02FF2109040A40AC
:108F400010431A0AFF2109020A4010431B0E18435E
:108F5000704730B5002401231D000540184205D09C
:108F6000002903DD0478240201390130002303E0E5
:108F700002889B18023902300129F9DC002903DD3F
:108F80000278FF218C431443E418230C2404240C9E
:108F90001B19180C1B041B0CC018002D05D0030650
:108FA0001B0C020AFF201040184380B230BDF8B5F8
:108FB000CE46474680B50500894690461C000027EE
:108FC00000E02D68002D15D068686E893100FFF72C
:108FD000C0FF0019040C0004000C2418F607F0D59B
:108FE0007B425F41FFB223061B0C220AFF24144080
:108FF0001C43E6E7002F05D023061B0C220AFF24A2
:1090000014401C434846FFF790FF24184046FFF7E2
:109010008CFF2018030C0004000C1B18180C1B04F8
:109020001B0CC018C04380B2C0BCB946B046F8BDE6
:1090300070B51B681C04240C1B0C1C19049B1B68BA
:109040001D042D0C2C191B0C1B191C0C1B041B0CB8
:10905000E418230C2404240C1B19FFF7A8FF70BD8F
:1090600010B582B0049C0094FFF7E2FF02B010BD7F
:1090700010B5FFF76EFFC04380B210BDF8B5050014
:109080000026002400E02D68002D15D068686F8947
:109090003900FFF75EFF0019040C0004000C2418CF
:1090A000FF07F0D573425E41F6B223061B0C220A7D
:1090B000FF2414401C43E6E7002E05D023061B0CBA
:1090C000220AFF2414401C43E04380B2F8BD000094
:1090D000014B1B6818187047149D0220024B1B6837
:1090E000C01A80B27047C046149D0220F8B5040033
:1090F000FFF7F4FF050027883800FFF7E9FF0600B7
:1091000064882000FFF7E4FFC823DB009F420FD8EC
:109110009C420FD8AC4202D00388AB420CD1094B21
:109120001B68B3420AD07388AB4209D1012000E02A
:109130000020F8BD0020FCE70020FAE70120F8E756
:109140000020F6E7189D022070B504002B4B1B6829
:10915000834240D82A4B1D6885423FD90379002BB2
:109160003FD10088C823DB0098423DD8FFF7B0FF0D
:10917000844215D00379002B12D1854210D0214BA7
:109180001B68834233D000882080C823DB009842CC
:1091900006D0FFF79DFF05002000FFF79FFF6880C6
:1091A0006088FFF795FF0500844213D00379002BF8
:1091B00010D1144B1B68A3421CD020882880C823E0
:1091C000DB00984206D0FFF783FF04002800FFF77A
:1091D00085FF608070BD0C48FBF778FA0B48FBF701
:1091E00075FA0B48FBF772FA0A48FBF76FFA054B62
:1091F0001C60C8E7034B1860DFE7C046149D0220DF
:10920000189D02201C6F0220CC800110E480011008
:10921000008101101C81011070B50B4C03239C438D
:109220000A4B1C60C825ED00258000236380237154
:109230002800FFF74DFF064B1860012303710580DE
:109240004580044B1C6070BD1F9D0220149D0220B0
:10925000189D02201C6F022070B5041E23D08307C6
:1092600022D10500083D164B1B68AB421FD80300F6
:109270000C33144A1268934219D80300083B1B7937
:10928000002B17D02800FFF731FF002815D0083C2D
:10929000002323710C4B1B68AB4201D90A4B1D60A4
:1092A0002800FFF751FF70BD0848FBF70FFA084888
:1092B000FBF70CFA0748FBF709FA0748FBF706FA31
:1092C000149D0220189D02201C6F0220488101106D
:1092D0006C81011088810110B0810110F0B5C64683
:1092E00000B50500CC1CA4B203239C430B2C05D96C
:1092F000C823DB009C4202D900253FE00C248C42AD
:1093000000D277E03C4B1B68AB423BD83B4B1B6821
:10931000AB4237D92F00083F3800FFF7DFFE0600C9
:109320003F883B1A9BB2083B9BB298469C422CD884
:1093300024D03800FFF7CCFE0379002B31D1C823AD
:10934000DB009F4224D00788A419A4B20834A4B239
:109350002B4B1B6883421ED02000FFF7B9FE002371
:109360000371078046802B00083B1C800088C823BF
:10937000DB00984202D0FFF7ABFE4480280080BC9F
:10938000B846F0BD1F48FBF7A1F91F48FBF79EF94F
:109390001E48FBF79BF92000FFF79AFE184B186058
:1093A000DAE7230014334345E8D8A419A4B20834FB
:1093B000A4B2C823DB009F4219D02000FFF788FE2B
:1093C0000F4B1B68834201D90D4B186000230371BA
:1093D0002B00083B1A88028046801C800088C82326
:1093E000DB009842CAD0FFF773FE4480C6E7074807
:1093F000FBF76CF90025C1E7149D0220189D02209F
:109400001C6F0220E4810110FC8101101C820110FC
:10941000F0B5C64600B5002800D17FE0C71CBFB23A
:1094200003239F430B2F05D9C823DB009F4202D99A
:10943000002070E00C27874200D271E0394B1B6896
:1094400098461800FFF74AFE060031E03648FBF761
:109450003DF901230371A0450FD065190835334B41
:109460001B689D421DD8A3071ED12000083052E082
:1094700043461888FFF72CFE804643461B79002B95
:1094800003D02A4A12684245F2D1264A4146116069
:10949000264A12684245E0D0002BDED02448FBF774
:1094A00015F92448FBF712F92348FBF70FF9268832
:1094B0003D00C823DB00DB1B9E422BD23000FFF7B0
:1094C00007FE04000379002BF1D103889B1B083BA6
:1094D000AB42ECD33A0014329342BAD3F719BFB27D
:1094E0000837BFB2C823DB009F42AFD03800FFF778
:1094F000EFFD00230371238803804680278001232A
:1095000023710088C823DB009842A4D0FFF7E0FD58
:109510004780A0E7002080BCB846F0BD0020FAE7F5
:109520000020F8E71C6F02201C820110189D022009
:10953000308201104C8201107C82011010B50400B1
:1095400007F078FFA3681C68002C0AD022681A6014
:10955000A30703D107F070FF200010BD0248FBF7FE
:10956000B5F807F069FFF7E7AC82011070B50500A8
:109570000C008B0709D107F05DFFAB681B68236007
:10958000AB681C6007F058FF70BD0148FBF79EF800
:10959000D0820110836800221A60436803330332CB
:1095A0009343002207E081680968196081680B60B5
:1095B00001885B18013241889142F4DC7047000059
:1095C00010B5002406E0054BA200D058FFF7E2FFDB
:1095D0000134A4B2092CF6D910BDC046F0B5011073
:1095E00010B5092805D8044B8000C058FFF7A6FF26
:1095F00010BD0020FCE7C046F0B5011010B50928E9
:1096000006D8002904D0034B8000C058FFF7AEFFF6
:1096100010BDC046F0B501100B688268934202D0BD
:109620008360012070470020FCE70B68C26893420A
:1096300002D0C360012070470020FCE70C204042AC
:109640007047000010B5002800D010BD0148FBF79E
:109650003DF8C046F082011070B504000D0001F025
:1096600059F82900200004F0F3FC2900200000F044
:1096700079FD70BDF0B583B005000C00160000291F
:1096800008D0002A09D00A6843689A4208D100200D
:1096900003B0F0BD0C48FBF719F80B48FBF716F8C0
:1096A0000192336001AF39003000FFF7D5FF3A0077
:1096B0003100280007F02CFD23686B600121280091
:1096C000FFF7C0FF0120E3E714830110704700009B
:1096D000F0B5C64600B582B005000C0017001E00AC
:1096E000002920D0002F20D0002E20D0002C02D026
:1096F0002368002B1DD101AA21002800FFF7BAFF23
:1097000001239846002239002800FFF785FF002238
:1097100031002800FFF789FF4346002B0CD002B030
:1097200080BCB846F0BD074CDCE7064FDCE7054ED1
:10973000DCE700239846E5E701AA21002800FFF7AF
:1097400099FFECE708B80110F0B5C64600B5040073
:109750000E001700984600282ED0079B002B6AD0D9
:1097600000292CD0002F2CD04346002B2BD00025D5
:109770006560A560E560314B6361A58500223523F6
:10978000E2542000203008220021FCF709FF069B4C
:10979000E3612B4B1A783823E254089B2361E5637D
:1097A00043463A0031002000FFF792FF2000079B5C
:1097B0009847002819D0002080BCB846F0BD214E43
:1097C000D0E7204FD0E71F4B9846D0E7C73B002299
:1097D000E2540EE01C48FAF779FF1C48FAF776FFCE
:1097E00001313822A154002B15D03823E35CFF2B24
:1097F000ECD0174B1D682B000022002BF3D0A342A6
:10980000E8D00132FF2AE8DC3821585C615C8842EC
:10981000E6D01B68F1E73833E35CFE2B07D0013359
:10982000074A137025600A4B1C602000C4E7044BF4
:1098300000221A70F6E70020BEE7C0463D960010F1
:10984000CEA7022008B8011024830110388301102C
:10985000CC9C0220014B18607047C046C89C022077
:1098600010B5002803D03523C35CDA0700D510BD3E
:1098700001221343352283540321FFF7E3FEF6E769
:1098800010B500280AD03523C35CDA0706D50122BB
:1098900019009143343281541B0700D410BD05F0E8
:1098A00029FFFBE710B5041E28D04368002B12D116
:1098B0003523E35CDB0713D4114B1B68A34213D0A1
:1098C000104B1B68A34213D0002B17D01A68A2427A
:1098D00012D01300F8E704300021FFF7BDFEE7E7E0
:1098E0002000FFF7CDFFE7E70020FFF7B3FFE7E732
:1098F0002268044B1A6001E022681A6010BDC0465D
:10990000C89C0220CC9C022010B5041E03D0352335
:10991000C35C5A0700D510BD04221343352283547B
:1099200005F004FB03212000FFF78CFEF3E710B5E0
:10993000002803D03523C35C5A0700D410BD04228D
:1099400093433132835407F01FFBF7E7021E0BD01D
:10995000064B1868002808D03823C35C0133DBB2FB
:10996000934202D00068F5E700207047CC9C0220AB
:1099700030B504AC25780024046041600281438145
:1099800003AB1B780373457301238373C47330BD2A
:1099900010B507F04FFD034B01221A7007F04CFD84
:1099A00010BDC046D0A7022070B500281AD0802371
:1099B0005B02994221D2002921D08CB203891B1964
:1099C0009BB2A3421DD30C254557002D0DDB002A69
:1099D00019D04268511A41604289121942810381AB
:1099E00000200BE00948FAF771FE4268511A0200A4
:1099F00010328A42EFD9012000E0012070BD002022
:109A0000FCE70120FAE70120F8E7C046688301106F
:109A100010B507F00FFD084B00221A7007F00CFD7F
:109A2000064B186800E0C068002804D0436F002B84
:109A3000F9D000F007FD10BDD0A70220D0A502206C
:109A4000F0B583B006000F001500412A01D0012AAD
:109A50000FD10820FFF7C4FD041E07D00023019397
:109A600000953B003A003100FFF782FF200003B071
:109A7000F0BD0148FAF72AFE7483011070B582B078
:109A80000D001E0006AB02CB1B88C41C03208443C0
:109A9000281998420ED8002900D009193400022351
:109AA000019300922B002A003000FFF761FF200095
:109AB00002B070BD0024FAE710B50022FFF774FF72
:109AC00010BD000010B5002813D080235B0299421E
:109AD00012D2002912D08AB24389934210D344682B
:109AE000611841609B1A438103899B1A03810020FE
:109AF00003E00448FAF7EAFD012010BD0020FCE76E
:109B00000120FAE76883011010B5002902DBFFF796
:109B10004BFF10BD4942FFF7D5FFFAE710B5012210
:109B2000FFF7F2FF10BD000070B5041E01D0002643
:109B300014E01F48FAF7CAFD1E48FAF7C7FD1E4891
:109B4000FAF7C4FD022B24D0012B27D0002B2AD1F9
:109B50002000FFF781FB0136F6B22C00002C25D047
:109B600007F068FCA37B002BE6D0013BDDB2A573B8
:109B700007F062FC002D19D12568227B0F231340CA
:109B8000627B9207DED52369002BD8D0200098474E
:109B9000E1E721000920FFF731FDDCE72100082083
:109BA000FFF72CFDD7E70548FAF790FD300070BDB0
:109BB0006883011088830110A0830110C483011001
:109BC000F0B5D6464F464646C0B582B005000F00F8
:109BD00090460400C1235B009A4240D011D8012A6C
:109BE00002D0412A00D07BE0424639000020FFF736
:109BF00027FF8146484602B0E0BCBA46B146A846B7
:109C0000F0BDA0239B009A426AD1C31C03218B4361
:109C1000FA1C90B288431B189BB21800103080B217
:109C20008A4393425FD3824260D8FFF7F1FB8146BB
:109C30000028DFD010352900494403310324A14313
:109C400000230193434600933B003A00FFF790FE48
:109C50004B465B682342CDD02648FAF737FD0025F6
:109C60000023994625E0FFF793FE4B46002B02D0D8
:109C70004846FFF759FFA946BCE7B6B21034291988
:109C800003310324A143002301934346009333008F
:109C90003A002800FFF76CFE6B6823421BD14B464D
:109CA000002B1BD053461D60BF1BBFB20024002FEA
:109CB000A0D0AA460920FFF793FC051ED3D0E21CD2
:109CC00003239A4392B20C4B9B1A9BB21E1CBB42BD
:109CD000D3D93E1CD1E70948FAF7F8FCA946E3E7D7
:109CE0000748FAF7F3FC0023994683E700239946D7
:109CF00080E7C0463C840110EC050000D8830110C9
:109D00006884011070B5041E12D00089884223D9DE
:109D10000D006389AB420ED2ED1AADB223890A1A47
:109D20009B1823812468002CF3D11448FAF7CEFC49
:109D30001348FAF7CBFC227B120704D1AB4202D0C6
:109D4000637B9B0709D5658125812068002801D0A8
:109D5000FFF7EAFE0023236070BD6168091B6918E4
:109D600089B22000FFF7BAFA002804D08442EAD072
:109D70000448FAF7ABFC0448FAF7A8FC9C840110ED
:109D800084840110D0840110B484011003000020E9
:109D900002E0013080B21B68002BFAD1704700004E
:109DA00010B5041E09D007F045FBA37B0133A37354
:109DB00007F042FBA37B002B00D010BD0148FAF74F
:109DC00085FCC046EC84011010B5002812D0002993
:109DD00005D10FE003890C891B190381100002686B
:109DE000002AF7D103894289934204D10A899B183A
:109DF0000381016010BD0148FAF768FC008501107D
:109E000010B50C00FFF7E0FF2000FFF7C9FF10BD01
:109E1000F8B5CE46474680B506000D1E91469846D9
:109E200000D169E00A894A4500D268E0002800D1E3
:109E300068E002894B449A4200DA66E000271AE0A3
:109E40003648FAF743FC3648FAF740FC4B46002BFD
:109E50005ED10027424533D0002D03D06A892B897B
:109E60009A4238D0002E03D0728933899A4238D072
:109E70004B46002B3BD0738942469B1A6A89D21B02
:109E8000934200D313004C46994500D91C007068DA
:109E900069684044C9192200FCF788FBA0443F19B7
:109EA0004B461C1BA3B2994672894245C8D36B89A5
:109EB000BB42C8D3CED82D68002DC7D00027C9E734
:109EC0003668002E02D000239846C5E74B46002B8B
:109ED00021D1C846C0E72B68002BC3D006204042E2
:109EE00006E03368002BC3D00620404200E000208B
:109EF000C0BCB946B046F8BD10204042F8E710207B
:109F00004042F5E710204042F2E710204042EFE7E0
:109F100010204042ECE710204042E9E73085011074
:109F20004885011010B5002904D00A890023FFF7E5
:109F30006FFF10BD10204042FBE7F8B5CE46474604
:109F400080B5051E8846914628D000292CD00027D0
:109F5000002616E06C89E41AA4B2A14500D24C4652
:109F6000696842469019C9182200FCF71FFBE719DF
:109F7000BFB23619B6B24B461C1BA3B2994600239A
:109F80002D684A46002A0AD0002D08D0002BE1D0C7
:109F90006A899A42DED89B1A9BB2F1E70027380003
:109FA000C0BCB946B046F8BD0027F8E7F8B5CE46C4
:109FB000474680B50500884616009146002825D002
:109FC000002926D00389934226D300270BE01448AA
:109FD000FAF77CFB68684346D9192200FCF7E6FAD9
:109FE000361B3F192D68002E06D0002DEFD06C894E
:109FF000B442EFD33400EDE74F4504D10020C0BC9C
:10A00000B946B046F8BD0748FAF760FB1020404259
:10A01000F5E710204042F2E701204042EFE7C0465A
:10A02000648501107C85011070B50B001500118945
:10A030001A00FFF7C5FD041E04D02900FFF772FFC8
:10A04000002801D1200070BD0148FAF73FFBC0464F
:10A050009485011010B5027A002A07D0134B5C6872
:10A060003823E35C0133DBB29A4213D1002906D0D6
:10A07000002811D00368002B10D000200BE000282E
:10A080000ED00368002B0DD0084A526993420BD0C2
:10A09000080000E0002010BD0120FCE70120FAE7E5
:10A0A0000120F8E70120F6E70120F4E7046F022021
:10A0B000F0B5D6464F464646C0B58046254B196892
:10A0C000586906F04AFE070043465B685E7A224BF9
:10A0D0001C6800239946002515E063699A46002B09
:10A0E0000FD043465B6899461C4BA069424621004D
:10A0F000D04700281BD143465B684B4527D102233C
:10A1000099462500E468002C1BD0237C9E42F8D1A0
:10A1100039002000FFF79EFF0028F2D0637CDB07A8
:10A12000DBD562680B4B1B699A42EAD1D5E7002D5B
:10A1300005D0E368EB60084B1A68E2601C600123FD
:10A1400099464846E0BCBA46B146A846F0BD044828
:10A15000FAF7BCFA046F022078A30220146F0220E1
:10A16000A885011010B5002814D00368002B11D069
:10A1700000290FD00B68002B0CD0074B1B6800E0A8
:10A18000DB68002B06D01C6802689442F8D10A688C
:10A190001A60F5E710BDC04678A3022010B500296B
:10A1A00003D10648FAF792FAC068002805D0C36FB9
:10A1B0008B42F9D10023C367F6E710BDF485011087
:10A1C00070B5051E04D0037D012B04D101240DE0E0
:10A1D0000848FAF77BFA0848FAF778FA074BA20022
:10A1E000D35818682900FFF7D9FF0134032CF5D99B
:10A1F00070BDC0461C8601102886011090B6011063
:10A2000010B50100037D012B03D00320FFF7F6F901
:10A2100010BD0148FAF75AFA4086011070B5041EC5
:10A2200011D0037D042B11D0072B16D0032B23D183
:10A2300002F046FF051E17D105232375200003F009
:10A24000B1F8280070BD0D48FAF740FA02F038FF67
:10A25000051E09D105232375F0E702F031FF051E25
:10A2600002D109232375E9E76B1CEAD1638B08222D
:10A27000134363830025E4E70025E2E71C86011011
:10A2800010B5084B186800E02000002809D0C46809
:10A29000438B1A07F8D5082293434383FFF7BEFF89
:10A2A000F2E710BDD0A5022010B507F095FC8004A0
:10A2B000800C034B9C466044024B188010BDC04686
:10A2C00000C0FFFF540E002010B50100037D012BDC
:10A2D00003D00220FFF792F910BD0148FAF7F6F912
:10A2E0005C860110F8B5002816D0456A068DA919BC
:10A2F000C26A448E231C0E4FBC4200D93B1C9BB249
:10A30000D318CB1A0BD5521B0CD480235B029A4274
:10A310000BD242850020F8BD0648FAF7D7F94685EA
:10A32000881AF8E700234385F4E70348FAF7CEF9E3
:10A33000DA020000708601109486011010B5041E28
:10A3400013D0037D012B11D0038D591889B20E4A09
:10A35000914201D88B420CD90B4B23852000FFF78B
:10A36000C1FFB6235B00984205D810BD0748FAF735
:10A37000ADF90185F2E7638B02221343638320006A
:10A3800003F010F8F1E7C046B4050000B0860110F4
:10A3900010B5041E08D04068002801D0FFF7C4FBA8
:10A3A00021000420FFF72AF910BD10B503E004686E
:10A3B000FFF7EEFF20000028F9D110BD70B5051E93
:10A3C0000DD00420FFF70CF9041E06D0102229003E
:10A3D000FCF7ECF86068FFF7E3FC200070BD014873
:10A3E000FAF774F9D886011010B5002806D0054B8D
:10A3F000054A186812688018186010BD0348FAF7FB
:10A4000065F9C046500E0020E0A50220F486011038
:10A4100010B5002A0ED000290BD08B8D002B08D050
:10A42000282B0AD9283B9BB21A1C834200D9021C54
:10A4300090B210BD0248FAF749F90023F4E7C0468C
:10A440001087011010B50400406F002803D0FFF7FB
:10A45000ACFF0023636710BD10B5041E21D0037D3F
:10A46000002B1ED00A2B1CD0012B1AD0806F002885
:10A4700003D0FFF759FB0023A367636F002B02D0C3
:10A480002000FFF7DFFF01235B422386E06EFFF72A
:10A490008CFF206FFFF789FF0023E36623676822A4
:10A4A000A35210BD10B50C1E0BD000280CD00368B1
:10A4B0008B420CD0002B0FD0DA68A2420AD01300D6
:10A4C000F8E71C48FAF702F91B48FAF7FFF8DB68CF
:10A4D000036001E0E268DA600023E3602000FFF738
:10A4E000BBFF237D0A2B04D0012B02D0638BDA073C
:10A4F0000FD4237D012B08D0E36E002B10D1236FE6
:10A50000002B10D1636F002B10D100232375E38241
:10A5100010BD022213436383200002F043FFE8E7EB
:10A520000648FAF7D3F80648FAF7D0F80548FAF7DC
:10A53000CDF8C04638870110548701107487011088
:10A540008C870110A8870110F0B5D6464F464646C5
:10A55000C0B584B004000D0000284BD0037D012B52
:10A5600019D00A2B1AD0026D9046426A9146902269
:10A5700086580769002B43D1C38A9A46002B49D0DD
:10A580002C4B1B68834211D0002B15D0DA68A242F5
:10A5900010D01300F8E72848FAF798F82748210068
:10A5A000FFF780FF2000FFF78FFE23E0DA68214BE2
:10A5B0001A6001E0E268DA600023E3609A46002551
:10A5C000206F002801D0FFF7F0FEE06E002801D0D8
:10A5D000FFF7EBFE606F002801D0FFF7E6FE002DCD
:10A5E0001AD12000FFF770FE002E03D00D21494242
:10A5F0003800B04704B0E0BCBA46B146A846F0BD4A
:10A60000C38A9A460E482100FFF74CFF0D4B0122EA
:10A610001A70D5E70025D3E7231D228B02925246FC
:10A620000192009323004A464146200002F052FE68
:10A63000D7E7C046D4A50220C0870110E4A50220B8
:10A64000D0A50220D4A7022010B50121FFF77CFF7E
:10A6500010BD000010B50B4B1B680024002000E06B
:10A66000DB68002B08D0196A074A1268521AA24206
:10A67000F6D314001800F3E7002801D0FFF7E4FF39
:10A6800010BDC046E4A50220E0A5022070B543B28B
:10A69000002B02DB002801D11FE07F200138C2B26D
:10A6A0000E4B1B680024002006E00D4A12681C6A4D
:10A6B000141B0A001800DB68002B0AD0597D914258
:10A6C000F3D3F8D11E6A064D2D68AD1BA542F2D317
:10A6D000EBE7002801D0FFF7B7FF70BDD0A502203F
:10A6E000E0A5022070B504000800002C06D108483F
:10A6F000F9F7ECFFC568FFF7A7FF2800002805D091
:10A70000026823689A42F5D0C068F7E770BDC0467A
:10A71000F487011070B504000D00002802D0036812
:10A72000002B00D170BD0D4B1968FFF7DBFF0C4B00
:10A7300019682000FFF7D6FF002DF3D02B68002BFF
:10A74000F0D0084B1B6800E0DB68002BEAD01968EA
:10A7500022689142F8D12A681A60F5E7D0A5022054
:10A76000D4A50220DCA5022070B501000300083B3F
:10A77000DBB2012B04D80E4B1B680025002003E040
:10A780000C48F9F7A3FFDB68002B0BD01A7D8A4237
:10A79000F9D11C6A084A1268121BAA42F3D31500A9
:10A7A0001800F0E7002802D00021FFF7CDFE70BDB1
:10A7B000D0A5022028880110E0A5022070B5050070
:10A7C0000220FEF70DFF041E29D09C22002120004C
:10A7D000FBF7E6FE6575234B6422A352224A62858D
:10A7E0002285FF22E2721A32FF326286062240215F
:10A7F0006252E287073A228649323F39A1521B4A08
:10A80000126822621A4A1278A2774A22A352194B7E
:10A810003A32A3509423184AE250200070BDFFF74B
:10A820002FFDFFF717FF0220FEF7DAFE041ECCD142
:10A830000920FFF799FF0220FEF7D2FE041EC4D1C3
:10A840000820FFF791FF0220FEF7CAFE041EBCD1CC
:10A850002800FFF71BFF0220FEF7C2FE041EB4D142
:10A86000DBE7C046680B0000B4050000E0A502204D
:10A87000D6A70220DBA9001000DD6D0010B584B062
:10A88000041E1DD0002904D0037D042B1BD0072BF0
:10A8900019D0237D012B63D0022B00D16CE0002B5B
:10A8A00000D075E0E38A002B55D03B4B1B68A342D8
:10A8B00049D0002B4DD0DA68A24248D01300F8E707
:10A8C0003648F9F703FFA36F002B1CD0638BDB0620
:10A8D0001ED5231D626A216D208B0290E08A0190B3
:10A8E00000932300200002F0F5FC2000FFF7B4FDE8
:10A8F0002B4B1B68A3420ED0002B12D0DA68A24269
:10A900000DD01300F8E7228D264B9A42DED1C0E726
:10A910002548F9F7DBFEDA68214B1A6001E0E268AE
:10A92000DA600023E360214B01221A70204B1B6880
:10A93000A34205D02000FFF7C7FC002004B010BDE3
:10A9400001F0E6FFF9E7DA68134B1A6001E0E2680C
:10A95000DA600023E3602000FFF7B6FC0020EDE79B
:10A960002000FFF72DFC13482100FFF79BFD20007E
:10A97000FFF746FC0020E1E709482100FFF792FDC0
:10A980000A4B01221A702000FFF79EFC0020D5E739
:10A990002000FFF743FCD1E7D4A50220388801103E
:10A9A000D0A50220B405000058880110D4A70220C9
:10A9B000D8A50220DCA5022010B500280AD0037D0E
:10A9C000012B03D0438B1022134343830121FFF754
:10A9D00055FF10BD10204042FBE710B508001400E1
:10A9E000002910D0002A07D01189FFF7A7FC20000A
:10A9F000FFF79AF8002010BD002B01D00020FAE7E5
:10AA0000FFF7DAFFF7E710204042F4E7F8B5041E3D
:10AA100035D0866F777B002383678433C558002D3C
:10AA20001DD00069002332002100A8470500002D39
:10AA30001DD1BF0621D5238D124A934201D0013387
:10AA400023858423E658002E17D020690023002296
:10AA50002100B04703000D330FD105000DE00023A6
:10AA6000320001000020FFF7B8FF0500DFE72B00F0
:10AA70000D3302D0A66705256D422800F8BD1025CC
:10AA80006D42FAE7B405000070B51C4A1378013333
:10AA900013701B4B1C6813E00222134363832000D6
:10AAA00002F080FC638B03229343638313E008224C
:10AAB000934363832000FFF7B1FB0FE0E5682C00B0
:10AAC000002C19D0A27F0D4B1B789A42F6D0A377A9
:10AAD000638BDA07E0D4638B1A07E8D4E568A36FC9
:10AAE000002BECD0074E002333702000FFF78EFFC1
:10AAF0003378002BE3D0CCE770BDC046D6A7022048
:10AB0000D0A50220D4A70220F0B5C64600B584B077
:10AB1000B74A136801331360B64A137801331370D0
:10AB2000B54B1C68002685E1B448F9F7CFFDB44861
:10AB3000F9F7CCFDB348F9F7C9FD2600E46879E1DF
:10AB40004033E35C052B00D88AE101256FE0AE4875
:10AB5000F9F7BCFDAD48F9F7B9FD200002F03EF968
:10AB600000280CD098230022E2540133E35C062B2A
:10AB700000D9A3E001339932A354002557E0200007
:10AB800002F010FC0028EDD1002550E0238EA04AF1
:10AB9000934201D8013323863023E25E4023E35EF3
:10ABA0009A4244DB200002F0BFFA002805D0236F50
:10ABB000002B3CD1E36E002B39D0237D022B15D026
:10ABC0004223E25C131C0C2A00D90C23DAB23C218C
:10ABD000635EDB103E20215E5B188E498A5C9340E9
:10ABE0008B4A934220DC1BB24022A35200232386CF
:10ABF0006033E25A183BE15A131C8A4200D90B1CFD
:10AC00009BB25B084A22A352618E4A0092B29342E1
:10AC100001D24A23E2524823E15222330022E25277
:10AC2000200002F041FD02E07B4BDDE70125217DA4
:10AC3000062945D0637A082217001F401A4204D023
:10AC4000042949D0072947D00027636F002B0AD079
:10AC5000236A674A1268D21A4023E15E4B005B18F0
:10AC60005B009A4266D2237D032B67D0092B6ED0FE
:10AC7000002D75D1E568237F0133DBB22377627F36
:10AC8000934200D2D4E000232377644A13708C33BC
:10AC9000E358002B00D1A3E02069210098475F4BC7
:10ACA0001B78002B00D03BE7002800D19AE026005B
:10ACB0002C00BFE00125BAE70025B8E70025B6E77C
:10ACC000638BDB06B6D5226A494B1B689B1A282B7F
:10ACD000B0D90135EDB2ADE7454B1F68236AFF1AC5
:10ACE0009423E35898464E484044FA214900FAF725
:10ACF0007DFE874203D90135EDB20127A5E79B23ED
:10AD0000E25C484B534343441800FA214900FAF7E8
:10AD10006DFE874201D8002797E7200002F0E8FC8B
:10AD2000002805D19B22A35C0133A35400278CE7A4
:10AD300000278AE72000FFF785FB94E7216A2C4A69
:10AD40001268521A282A91D90135EDB28EE7226A8B
:10AD5000274B1B689B1AF02B8AD90135EDB287E788
:10AD60009023E5582000FFF777FB002E20D0224BE0
:10AD70001B68A34219D0E368F360002F23D1236935
:10AD80009846E7682000FFF79FFA244B00221A70CC
:10AD9000002D03D00D2149424046A8471F4B1B7888
:10ADA000002B00D0BCE63C0044E01F48F9F78EFCC5
:10ADB000114B1B68A34203D1E2680F4B1A60DCE71A
:10ADC0001A48F9F783FC231D626A216D208B0290DB
:10ADD000E08A019000932300200002F07BFACEE786
:10ADE00000205CE7200002F0DDFA26002C0021E0C4
:10ADF000E0A50220D6A70220D0A502207488011069
:10AE0000A0880110CC880110F88801102C8901104D
:10AE1000FE7F0000A8B60110FF7F0000D4A702202B
:10AE2000B84C0A00F82401006489011090890110CF
:10AE300026002C00002C46D0237D002B00D173E689
:10AE4000012B00D173E60A2B00D173E6A17F394AAA
:10AE50001278914200D170E6A277022B00D16FE602
:10AE60004223E35C0B2B00D9E0E69923E55C002D3F
:10AE700000D18BE6236F002B00D068E6E36E002B39
:10AE800000D167E69A23E35C0B2B00D912E7013D62
:10AE9000294B5A5D9823E35C934202D201339821F7
:10AEA00063549823E35C934200D205E76023E15AA0
:10AEB000002900D051E6200002F03EFC002800D11D
:10AEC00050E60025B3E61D4B1D6812E01C48F9F75B
:10AED000FDFB2800FFF7C0FA002C1BD0174B1B68A6
:10AEE000AB4214D0EB68E360EE682800FFF7ECF9A2
:10AEF0003500002D19D02B7D0A2BE7D12A6A114B82
:10AF00001B689B1AF02BE4D82C00ED68F1E70E4883
:10AF1000F9F7DCFB094B1B68AB4203D1EA68074B2E
:10AF20001A60E1E70948F9F7D1FB04B080BCB846E4
:10AF3000F0BDC046D6A70220A0B60110E4A50220AD
:10AF4000BC890110E0A50220EC890110148A0110CF
:10AF500010B5FFF799FD054A13780133DBB2137082
:10AF6000DB0700D410BDFFF7CFFDFBE7D5A702201C
:10AF70000B4A1388591C11800A4A1168002903D012
:10AF8000094A1288934204D2084A1268D318187DDD
:10AF90007047DBB2D2B29B1ADBB2C85CF8E7C0469E
:10AFA000B4A70220ECA50220B6A70220E8A5022043
:10AFB00070B5041E1ED01F4B1B88002B38D01E4BB3
:10AFC00000221A801C4A1B4B12881B889A422FD2DF
:10AFD000FFF7CEFF0128F5D002280ED0002827D099
:10AFE000FFF7C6FF012823D9134B1A8880180238AF
:10AFF0001880E7E71148F9F769FBFFF7B9FF042864
:10B0000016D10D4B1B8801330A4A128893420FDA7E
:10B01000FFF7AEFF0502ADB2FFF7AAFF284380B2EB
:10B02000431E9BB2064A934200D906486086C9E790
:10B0300070BDC046B8A70220B4A702203C8A011008
:10B04000B3050000B405000010B5041E05D00E4B7A
:10B050001B78DB0604D4002010BD0C48F9F736FB42
:10B06000438BDB0607D49023C358002B03D00F215A
:10B0700000694942984706482100FFF713FA20006B
:10B08000FFF722F90120E7E7D1A70220588A011033
:10B09000D0A5022070B584B01E4B1B785A072FD460
:10B0A000002821D09A0722D51B4B1A68436AD11A6F
:10B0B00022D4018D5B189B1A1ED4184B1D68184BA7
:10B0C000184909888A18184909682E786C7824026A
:10B0D00034430294AE78EC782402344301941C1F6C
:10B0E000009402F0F7F80BE01048F9F7EFFADB07ED
:10B0F00002D50F4B1B6803620A4B1B88002B01D142
:10B1000004B070BD438B02221343438302F04AF91B
:10B11000F6E7C046C8A702208CA40220E8A50220BA
:10B12000186F0220BAA70220FC7C0120808A01103F
:10B13000E0A50220F0B585B00400484B1B785A0703
:10B1400005D4002805D0DA0606D49B0720D405B024
:10B15000F0BD4348F9F7BAFA424B1E68424B434AE6
:10B160001288434909685218424909681D00143D74
:10B1700068683778747824023C430294B778F4788E
:10B1800024023C4301941035009502F0BCF8DEE740
:10B19000407DFFF713FB051E50D0374B5A69026004
:10B1A0001B694360E38AC3822E4E33681A785B784A
:10B1B0001B0213430383032303752D4F3B680133A5
:10B1C0004362C362FFF710F9A86528656864E86503
:10B1D0003B68013B6B6523692B61EC67627A0C234A
:10B1E00013406B72237A2B72244B1A68EA601D603D
:10B1F00002F08CFB224B01221A702800FFF7D8FEC8
:10B2000033689A7BDB7B1B0213436022AB52023212
:10B21000AB526E8E2C1D200005F06CFB010022004D
:10B220003000FFF7F5F868861221280001F0BAFE19
:10B2300000280DD1280002F0B5F888E7A369002B9B
:10B2400000D184E7012220695242002198477EE71D
:10B2500000212800FFF778F979E7C046C8A7022047
:10B26000A08A0110E8A50220186F0220BAA70220C8
:10B270008CA40220FC7C0120046F0220D0A50220B7
:10B28000D4A70220F8B5CE46474680B580460C00CC
:10B2900099460BE02748F9F719FA4B46002B01D0E5
:10B2A0002C0003E02448F9F711FA2C00002C3CD0C4
:10B2B000224B1E68E1680B794A7912021A438B7996
:10B2C0001B041343C87900061843FDF733FE05003D
:10B2D0002789E3681A7B587B00021043FDF725FE9F
:10B2E000800720D00123FF18ED19761B1DD4256897
:10B2F0006068FEF74BFD66234246D35A8342C9D3AA
:10B300001B1A6626935323890D4A11885B181380F4
:10B310002000FFF73DF843469B5B002BC5D0002D76
:10B32000BBD02C00C2E70023DDE72000C0BCB9463B
:10B33000B046F8BDC08A0110E88A0110FC7C0120EB
:10B34000B2A7022070B505000C0000280DD0C3681C
:10B350001A7B587B00021043FDF7E7FDC0071CD5A0
:10B360002000FFF722F8002448E02948F9F7AEF959
:10B37000EB681E7B587B000206430120FDF7D5FDDC
:10B38000EA68304383B2FF21084010731B0A5373ED
:10B3900026682000FEF7FCFF3400002C1BD0298912
:10B3A0001C4B1B68C918E268107953791B020343D0
:10B3B000907900041843D3791B06034320891B1896
:10B3C000C91A08D4137B507B00021843FDF7ADFD6A
:10B3D000C007DDD5CCE7002C10D0E1680A794B79A5
:10B3E0001B0213438A7912041A43CB791B061343B9
:10B3F0002A890849096852189A1A01D42C6070BD2C
:10B40000591A89B229816868FEF77CFCF6E7C046C4
:10B41000088B01108CA40220F8B5041E64D0037DB3
:10B42000032B64D9C04B1B78DB0600D433E16023C7
:10B43000C05AA36DC518616DBC4A12688E1A0DD42E
:10B44000914257D0BA4909688B4219D1B94B1B6850
:10B45000997BDB7B1B020B43984211D2B54B1B68D7
:10B46000997BDB7B1B020B43602163520231615AE3
:10B470008B4201D9622163526265AD4B1B68A365A3
:10B48000626CAB4B1B68D11A3ED4AB4909880029CA
:10B4900000D0F8E0A16D6020205A0918A94200D020
:10B4A000F1E03020215E002900DAECE09A4200D081
:10B4B000E9E04323E35CFF2B02D001334322A35492
:10B4C0004323E35C032B08D94822A15A628E8A18D1
:10B4D00092B2914213D848216252022B00D8D2E096
:10B4E000200001F0C3FECEE09448F9F7EFF894484D
:10B4F000F9F7ECF88E490968591AA3D5AEE7482246
:10B5000001214942A152E8E7991A012900D5B7E083
:10B51000216DC91A00D5B3E0618B480709D5042015
:10B52000814361834A21605A0239605222310020EE
:10B5300060520025422165543C21605EE18FC010BD
:10B5400009184020215299B292B28A1A92B243212C
:10B55000655463644823E05A0233E35A98424FD259
:10B56000638B1B0545D50123618E594389B20B1CA2
:10B57000914200D9131C9BB2C3189BB298423AD88F
:10B580004822A352E36E6F4A216F2000FFF77AFE34
:10B59000030020676C4AE16E2000FFF773FEE0664F
:10B5A000216F00294DD00023238600232377002814
:10B5B0004BD06422A35A654D2D885B19A352638B2F
:10B5C0001B0560D5002944D0C9680B794A7912025D
:10B5D0001A438B791B041343C87900061843FDF7FF
:10B5E000A9FCE36CC01A4ED4638B594A13406383A1
:10B5F00049E00223B8E7482301225242E252C1E760
:10B600006A23E35A9A1892B2934210D86A23E252FC
:10B610006A23E35A9842B5D81B1A6A22A352638E52
:10B62000C3189BB2984207D8223AA352AAE76A23CA
:10B6300001225242E252EBE7482301225242E252F7
:10B64000A0E701235B422386AFE768330022E25282
:10B65000AFE700280FD0C1680B794A7912021A436C
:10B660008B791B041343C87900061843FDF762FC6D
:10B67000E36CC01A07D4638B354A1340638302E03E
:10B68000200001F05DFE636B002B04D0A26B284903
:10B690000968521A26D4284B1B88002B00D18DE351
:10B6A000227D062A00D989E3606A204A1268811A3D
:10B6B000012900D579E09B181B1A012B75D4254B65
:10B6C0005868002850D0244B994250D889B2038939
:10B6D0008B424FD31F4A13895B1A13810289521A76
:10B6E00092B250E01D4A16889BB2F01A80B23C22FA
:10B6F000A55EEF10BFB2C01B81B202B2ADB2491954
:10B7000009B2A18700042BD43E23E05E8310D31A34
:10B710009BB280B21B189AB2E387C910511840221D
:10B72000A15200236363B6E7C8A702208CA40220BD
:10B73000FC7C0120E8A50220BAA70220308B011072
:10B740004C8B0110688B0110708B0110B2A7022086
:10B75000FFF7FFFFF46E0220FEFF0000E0A50220CD
:10B760009B1BFF183AB2CFE7C648F8F7AFFFC648B1
:10B77000F8F7ACFFC548F8F7A9FFC91A89B20281EA
:10B7800000234381006843898B42F6D3FEF79AF980
:10B79000636ABF4A1360BF4AD2681371190A5171B4
:10B7A000190C91711B0ED37101E0121A13D4B84B0E
:10B7B0001868626A831A00D5EEE2238DD3181B1A2B
:10B7C000012B00D5E8E290420AD0656F002D00D130
:10B7D000EAE100260BE2638B022213436383E6E770
:10B7E000AC4B1D89DB681A7B587B00021043FDF7C8
:10B7F0009CFB800716D00123EB189BB2A64A13804E
:10B80000228D934210D8636F002B67D0A14BDB6869
:10B810001A7B587B00021043FDF787FBC0075AD400
:10B82000656F8EE00023E7E79A4BDB681A7B587B55
:10B8300000021043FDF779FBC0072ED4228D954BF3
:10B840001A81DB681A7B587B00021043FDF76DFB01
:10B85000800703D58F4A1389013B13818D4E3189AF
:10B860007068FEF74FFA3589F3681A7B587B00023F
:10B870001043FDF75AFB800727D00123EB189BB23A
:10B88000854A1380824A12689B18626A218D521879
:10B890009342B8D08148F8F719FF7E4EF3681A7BBF
:10B8A0005D7B2D0215432800FDF73FFB3E2318402A
:10B8B000FDF73BFBF2687A4B1D40284383B2FF2122
:10B8C000084010731B0A5373B8E70023D6E70368D8
:10B8D0006367FEF75DFD606F0028F8D16E4B1A8834
:10B8E0006B4B1B68D3186362238D9A4200D9BCE06E
:10B8F0009B1A23852000FEF7F5FC664B5B681A89CE
:10B90000002A04D0674A1360624B00225A60614BE0
:10B91000DB681A7B587B00021043FDF706FBC0076B
:10B9200000D4E3E0604A137820210B431370DDE07C
:10B930000023F618584B1E802E682800FEF728FDBD
:10B940003500002D42D0544B1988514B1B68C91843
:10B95000EA68107953791B02034390790004184375
:10B96000D3791B06034328891B18C91A2ED4137BCD
:10B97000507B00021843FDF7D8FAC007DCD5454BD1
:10B98000DB681A7B587B00021043FDF7CEFA800774
:10B99000D2D4404FFB681E7B587B00020643012037
:10B9A000FDF7C3FAFA68304383B2FF2108401073F1
:10B9B0001B0A53733E89FB681A7B587B00021043B5
:10B9C000FDF7B3FA8007B3D00123B2E7002D11D001
:10B9D000E9680A794B791B0213438A7912041A43E6
:10B9E000CB791B0613432A4A11682B4A1288521836
:10B9F0009A1A01D4656771E75B1A264A1381D368E6
:10BA00001A7B587B00021043FDF78FFA800703D59D
:10BA1000204A1389013B13811E4E31897068FEF75D
:10BA200071F93789F3681A7B587B00021043FDF7E0
:10BA30007CFA800717D00123FB189BB2164A1380AB
:10BA4000134A12689B18E8680179427912020A4386
:10BA5000817909041143C27912060A439342C9D07D
:10BA60001248F8F733FE0023E6E71148F8F72EFEF8
:10BA7000002358E0002366E00E48F8F727FE002375
:10BA80006FE0C046788B0110888B0110988B0110F5
:10BA90008CA40220F46E0220BAA70220A88B011009
:10BAA000FFC0FFFF80A30220D1A70220E08B01107E
:10BAB0001C8C01103C8C0110B94B196000236B6089
:10BAC000EB681A7B587B00021043FDF72EFAC00783
:10BAD00007D5B44A137820210B431370237D042B20
:10BAE00051D02B6863672800FEF752FC656F002D6C
:10BAF0004CD0EA68117953791B020B439179090400
:10BB00001943D3791B060B43616A8B423ED1A64988
:10BB10000B602E89137B507B00021843FDF705FA5A
:10BB20008007A5D00123F618636A9B196362278DED
:10BB30002E89EB681A7B587B00021043FDF7F5F95C
:10BB4000800797D00123F3189F4295D32E89EB6885
:10BB50001A7B587B00021043FDF7E7F980078ED06F
:10BB60000123F618238D9B1B23852000FEF7BAFBCB
:10BB700069680B89002BA3D0894B186800289BD0DB
:10BB8000FEF722F99AE703332375AAE7638BDA07F6
:10BB900006D50122934363830222134363831BE18F
:10BBA00001221343638317E18048FEF707FC6067B7
:10BBB00004E07E4B1A892B899A4203D8200001F0B9
:10BBC000BFFB09E17948FEF7F9FB0028F6D0002E0B
:10BBD00004D030602900FFF7B5FBEFE76067F9E7B5
:10BBE000C21A45D42A682E00002A52D01500002D12
:10BBF000E4D0E9680A794B791B0213438A7912046D
:10BC00001A43CB791B0613439842D2D0002EE7D0BB
:10BC1000F26894461779527912023A436746BF791F
:10BC20003F0417436246D27912063A43821A012A28
:10BC3000D8D41A1A012AD5D45C48FEF7BFFB071ED8
:10BC4000BCD0594B1968F068027943791B02134341
:10BC5000827912041A43C3791B06134332899A1856
:10BC60008A1A0FD4376029003800FFF76BFBA5E76D
:10BC70004E48FEF7A3FB0028A0D060672900FFF71D
:10BC800061FB9BE7C91A89B231817068FEF73AF807
:10BC9000E8E71B1A01D41500A9E70B7B487B0002DB
:10BCA0001843FDF742F9C00788D44048FEF786FBE9
:10BCB0002860002800D181E73B4B1968E8680279C9
:10BCC00043791B021343827912041A43C3791B067A
:10BCD00013432A899A188A1A3ED4636A228D9B18C4
:10BCE000334A12883049096852189B1A00D465E714
:10BCF0002B68DB681A7B587B00021043FDF715F9AF
:10BD0000C00730D4626A238D9B189BB22A682649EB
:10BD100009685B1A13812B6819895868FDF7F2FFCF
:10BD20002B681D89DB681A7B587B00021043FDF7E6
:10BD3000FCF880072ED00123EB189BB21C4A13801D
:10BD4000194A12689B18626A218D5218934200D1D9
:10BD500034E71848F8F7BAFCC91A89B2298168682B
:10BD6000FDF7D0FFB9E72B68DB681A7B5E7B3602F4
:10BD700016433000FDF7D9F83E231840FDF7D5F8FB
:10BD80002B68DA680C4B1E40304383B210731B0AD9
:10BD90005373B7E70023CFE7200001F0D1FA1BE08F
:10BDA00080A30220D1A702208CA40220F46E0220DE
:10BDB000BAA70220A88B0110FFC0FFFF074B1A682B
:10BDC000636AD11A04D4218D5B189B1A012B03D509
:10BDD000638B022213436383F8BDC0468CA4022008
:10BDE00070B584B0041E16D0B44B1B785A072FD5FB
:10BDF000027D022A12D0436AB14909688B4216D0EB
:10BE0000CA1A10D4028D9B185B1A0CD4438B0222E1
:10BE10001343438307E0AB48F8F758FC016DAA4B86
:10BE20001B68994203D00025280004B070BD002A89
:10BE30000BD0A64A137808210B431370638B0122A1
:10BE4000934363830E256D42EEE7A148F8F73EFC6D
:10BE50009B0704D5037D023BDBB2012B22D8638B09
:10BE6000DB0602D49B4B1B68236200239B22A35456
:10BE7000013AA3542000FFF79BF8904B1A78022355
:10BE800018001040134205D0237D023BDBB2012B8A
:10BE900000D932E2237D092B00D930E29B008E4984
:10BEA000CB589F46438B0222134343830025BBE7B5
:10BEB000102319001140134207D0002805D0636CED
:10BEC0000133814A1268934203D000296DD10025C5
:10BED000AAE77B4B19684B1C6362E36262647F4B89
:10BEE0001B689A7BDB7B1B0213436022A352023246
:10BEF000A3520139616504232375668E251D280030
:10BF000004F0F8FC01002A003000FEF781FA608698
:10BF1000810043001A00724DAB4200D22A009142C8
:10BF20002CD2800080B24823E0521E33E35A002B0B
:10BF30002CD0013B6622A352206F002829D0036831
:10BF40002367FEF725FA236F002B2BD000232386CF
:10BF500000224233E2548823E358002B08D02069A2
:10BF6000002221009847050003000D3300D15BE754
:10BF7000638B022213436383002555E7584A93429B
:10BF800002D9400080B2CEE75548CCE75548F8F7D3
:10BF90009DFBE06E002802D00368E366D1E75248BB
:10BFA000F8F794FB013B2386D5E74C4B1D684F4BBC
:10BFB0004F4A1288424909685218434909682E7845
:10BFC0006878000230430290AE78E878000230438F
:10BFD0000190181F0090200001F07CF94223E35CDF
:10BFE000052B01D900251FE700232386200001F03F
:10BFF0006DFB002518E700280CD0636A013B304A2E
:10C000001268934201D000250EE7200001F0DCF811
:10C01000002509E7D20600D473E12B4B1968636C45
:10C02000CB1A012B6AD4236D5B1A67D404232375C2
:10C03000E36F002B2FD09B69002B29D020690022B1
:10C0400021009847051E28D12000FFF7E5F9294B6C
:10C050001B88002B02D0274A013B1380638E980077
:10C060005A0011001E4EB24200D2310088421DD249
:10C070009B009BB24822A352144B1B789B0600D412
:10C08000D2E6638B02221343638307232375CBE637
:10C090001948F8F71BFB06256D420D3502D10D2519
:10C0A0006D42C1E62000FEF7CFFAF8E70C498A425C
:10C0B00002D95B009BB2DDE7094BDBE7C8A7022092
:10C0C0008CA40220608C0110FC7C0120D1A70220EE
:10C0D0007C8C0110E0A50220B8B60110E8A5022072
:10C0E0001C1100009C8C0110B48C0110186F0220F0
:10C0F000BAA70220B2A70220C88C0110864B1D6887
:10C10000864B874A12888748006812182E7868780C
:10C11000000230430290AE78E8780002304301908C
:10C12000181F0090200001F0D5F800257CE62000C3
:10C13000FFF772F97C4B1B789B0600D4E3E0638B1E
:10C140000222134363830723237500256CE6200036
:10C15000FFF762F9744B1B789B0639D5734B1B783C
:10C16000DB0604D5226D724B1B689A4207D0638BA5
:10C1700002221343638308232375002554E6E36EEC
:10C18000002BF4D1628B0233134363832000FEF74C
:10C1900063F9684B1B68A34206D0002B0AD0DA680B
:10C1A000A24205D01300F8E7DA68624B1A6001E09A
:10C1B000E268DA600025E5605F4B01221A700A230D
:10C1C00023755E4B1A68E2601C6001F09FFB2BE652
:10C1D000564B1B78DB0600D497E0226D544B1B684E
:10C1E0009A4201D000251FE6E36E002B01D0002506
:10C1F0001AE606332375002516E62000FFF70CF932
:10C20000494B1B789B0601D400250DE6638B022267
:10C21000134363832000FEF71FF9464B1B68A342BC
:10C2200006D0002B0AD0DA68A24205D01300F8E746
:10C23000DA68404B1A6001E0E268DA600023E360EC
:10C240003D4B01221A700A2323753C4B1A68E260A9
:10C250001C6001F05BFB0025E6E52000FFF7DCF841
:10C26000324B1B78DB0652D5226D314B1B689A424C
:10C2700001D00025D8E5E36E002B01D00025D3E5E1
:10C280002000FEF7E9F82B4B1B68A34206D0002BD9
:10C290000AD0DA68A24205D01300F8E7DA68254B25
:10C2A0001A6001E0E268DA600023E360224B0122B9
:10C2B0001A700A232375214B1A68E2601C6001F092
:10C2C00025FB0025B0E52000FFF7A6F8174B1B78EB
:10C2D000DB061ED5226D164B1B689A4201D0002545
:10C2E000A2E5E36E002B01D000259DE50E4A1378F0
:10C2F00010210B431370002596E5002594E50025D9
:10C3000092E5002590E500258EE500258CE50025C9
:10C310008AE5002588E5C046E8A50220186F0220BE
:10C32000BAA702208CA40220D1A70220C8A702200D
:10C33000FC7C0120D0A50220D4A70220E4A5022085
:10C34000F0B585B0051E0AD04268C44B1A60438917
:10C35000132B07D82800FDF7E7FB05B0F0BDC04858
:10C36000F8F7B4F9BF4B1968586904F0F6FC0028D7
:10C37000F0D1BC4B5A69F0231340E02BEAD0BA4B02
:10C380002A89191D009106212800FCF769FE002862
:10C39000E0D1B24B1B681A7B587B00021043FCF7BC
:10C3A000C4FD010BC9B28900C9B21329D2D92B89A6
:10C3B0009942CFD80B00143B9BB2AC4A1380AC4AD5
:10C3C000002414606A8991422BD92B68002B00D17C
:10C3D00095E014212800FDF775FB6C89A54B1C80A6
:10C3E000A24B1F883E1BB6B221002800FDF76AFB56
:10C3F00028684389B342ADD342689D4B1A6031002F
:10C40000FDF760FB2B89E41B1B199BB22B816A890A
:10C41000002A77D12A681289934207D09648F8F704
:10C4200055F9944A13802800FDF74CFB8B4E346875
:10C430002378607800021843FCF777FD2070000A2B
:10C4400060703468A378E07800021843FCF76DFD53
:10C45000A070000AE07034682379627912021A43EE
:10C46000A3791B041343E07900061843FCF762FD2F
:10C470002071030A6371030CA371030EE3717F4BF8
:10C4800018603468237A627A12021A43A37A1B0472
:10C490001343E07A00061843FCF74CFD2072030AB0
:10C4A0006372030CA372030EE372754B1860346859
:10C4B000A37BE07B00021843FCF737FDA073000A62
:10C4C000E07333681A7B587B00021043FCF72DFDA4
:10C4D000C6B23F2303406B4A13702B896A4A13800C
:10C4E000800706D05A1C92B267490A80934200D94D
:10C4F00030E7664B1B689C461C00002219E064482C
:10C50000F8F7E4F86348F8F7E1F86348F8F7DEF87D
:10C510006248F8F7DBF86248F8F7D8F8278B4F4BFA
:10C52000196808784B781B0203439F4217D02200FA
:10C53000E468002C00D18AE0237D002BE5D00A2B93
:10C54000E6D0012BE7D0217A0029E7D0454B5F6880
:10C550003823FB5C0133DBB29942DFD0E7E7E78A9F
:10C560008878CB781B0203439F42E0D161683D4B42
:10C570001B699942DBD121683A4B5B699942D6D15C
:10C58000E368A3425DD0002A04D0D3606346E36031
:10C590003E4B1C60E368A34256D0002C00D171E1F1
:10C5A000404B00221A60298919815D602B49096876
:10C5B000D9603D4B1A603D4B1A703D4B1A803607CF
:10C5C00003D56B7B012213436B73A36F002B0DD03C
:10C5D0002000FEF71BFA0D3000D1DFE0A36F002B27
:10C5E00004D0294B1B88002B00D0D7E0314B1C60B6
:10C5F0002000FFF7F5FB0D3013D02C4B1B781B07E9
:10C6000000D4D3E09023E358002B03D00E212069FF
:10C61000494298471D482100FDF744FF2000FDF7DF
:10C6200053FE244B00221A601F4B1A601D4B5868A2
:10C63000002800D191E6FDF777FA1A4B00225A60E4
:10C640008BE61D48F8F742F81C48F8F73FF81C4BFA
:10C650001C6843E01B48F8F739F8C046E8A50220FB
:10C66000E88C0110046F0220146F0220B8A702208A
:10C67000ECA50220B6A702201C8D01108CA402207C
:10C68000FC7C0120C8A70220BAA70220D0A5022066
:10C69000008D0110108D01103C8D0110648D011072
:10C6A000908D0110F46E022080A30220D1A70220F9
:10C6B000B2A70220D8A50220B88D0110E48D011088
:10C6C000E4A50220108E0110218B834B1A6810788C
:10C6D00053781B020343994211D0E468002C26D002
:10C6E000237D0A2BB6D1227A002AEDD07B4B5968E4
:10C6F0003823CB5C0133DBB29A42E5D0EDE7E18A27
:10C700009078D3781B0203439942E6D16268734B59
:10C710001B699A42E1D12268704B5B699A42DCD175
:10C720002000FEF7B7FC2800FDF7FEF915E66C4B7C
:10C730001B689C46180022000AE0C18A664B1B68F1
:10C740009F78DB781B023B4399420FD00200C06800
:10C75000002812D0017A0029EFD0604B5F6838239F
:10C76000FB5C0133DBB29942E7D0EFE703685B493A
:10C7700049698B4201D0002BE8D1002800D10CE799
:10C78000002A05D0C368D3606346C360544B186069
:10C79000FEF7D0FC2800FDF7C7F9DEE5638D002B1E
:10C7A00000D03EE7200000F0CBFD3AE74D4B1A8861
:10C7B000002A0CD08023E358002B05D021002069EB
:10C7C00098470D3000D12CE7464B00221A802000FC
:10C7D000FEF73AFC002800D023E7434B1A68002AF2
:10C7E00016D0A36F002B2BD1638BDB062BD48423B5
:10C7F000E558002D2ED0002321002069A847030012
:10C800000D3300D10DE7002802D0374B1B68A3671A
:10C81000364B1B789B0606D5A36F002B20D0597B87
:10C8200020220A435A73324B00221A602000FEF77E
:10C830000BFC002800D0F4E6200000F0B3FDF0E689
:10C840002C48F7F743FF1000FDF76EF92000FDF7C5
:10C85000FBFEE6E6002321001800FEF7BEF8CEE757
:10C86000238D254A934201D0013323858423E55843
:10C87000002DD8D000231A0021002069A8470D30D0
:10C88000D1D1CEE6144B1B681A7B587B00021043B3
:10C89000FCF74BFB400703D52800FDF745F95CE5A5
:10C8A0000D4B1E68154B164A128816490968521816
:10C8B000154C0A4837787178090239430291B778E4
:10C8C000F1780902394301911049009121684068CB
:10C8D00000F019FDE0E7C046E8A50220046F022041
:10C8E000DCA50220B2A7022080A30220D1A702204B
:10C8F000D8A50220408E0110B4050000186F022058
:10C90000BAA702208CA40220FC7C0120146F022014
:10C91000024A137810210B4313707047D1A70220ED
:10C9200010B5002805D043689B7B012B04D1002063
:10C9300010BD0248F7F7CAFE0120F9E75C8E01102E
:10C9400010B5002902D0D20703D410BD0248F7F772
:10C95000BDFE0248F7F7BAFE848E0110AC8E0110BE
:10C96000F0B5D6464F464646C0B506000F00904685
:10C97000994608AB1B789A4600284AD000294BD02C
:10C980009D0004231D400420FCF72AFE041E46D00F
:10C99000534683720023036047603B89AB4242D316
:10C9A0005B1B038114213800FDF786F800283DD178
:10C9B00063685F68E760F08AFCF7B7FA3870000ACE
:10C9C0007870308BE768FCF7B0FAB870000AF8703E
:10C9D000E7684846FCF7AEFA3871030A7B71030C2E
:10C9E000BB71000EF871AD0805352803E7684346B2
:10C9F00003431800FCF799FA3873000A7873E36868
:10CA000000229A74DA742000E0BCBA46B146A84607
:10CA1000F0BD0948F7F75AFE0848F7F757FE380007
:10CA2000FDF782F8EFE70648F7F750FE2000FDF724
:10CA3000AFFC0024E7E7C046C08E0110E08E011075
:10CA4000048F0110F0B5DE4657464E464546E0B528
:10CA500083B001900D001E000CAB1B889B460DABF4
:10CA60001B889A460EAB1B7898460FAB1B889946DD
:10CA7000891889B2A022143189B292002220FDF7D0
:10CA80009FF8071E39D042892B00133393423CDABA
:10CA900044685846FCF749FA2070000A6070504616
:10CAA000FCF743FAA070000AE0702671330A637144
:10CAB000330CA371360EE6710198FCF73BFA207235
:10CAC000030A6372030CA372000EE072A80805301B
:10CAD000000380B2434603431800FCF726FA207394
:10CAE000000A60734846FCF720FAA073000AE0735E
:10CAF000002323746374A374E374380003B0F0BCA0
:10CB0000BB46B246A946A046F0BD0148F7F7DEFD98
:10CB10001C8F011030B585B0041E12D0406A658D9F
:10CB2000039510250295258B0195E58A0095FFF761
:10CB300089FF002803D0636A628D9B18E36205B009
:10CB400030BD0148F7F7C2FD4C8F0110F0B585B03C
:10CB50000500080016000AAC04CC24880CA90F8834
:10CB6000002B1AD0002A1BD0FCF7E4F903000E4A70
:10CB700003921422029201970094002200213000B7
:10CB8000FFF760FF041E05D00023002201002800EB
:10CB9000FFF7D6FE200005B0F0BD0448F7F796FD7C
:10CBA0000348F7F793FDC04605B40000748F0110E9
:10CBB000908F011010B5002802D0007A002803D110
:10CBC000100003F097FE10BDFCF7C0FEFBE700006D
:10CBD000F0B5C64600B584B004000D00160000286C
:10CBE0000CD000290DD0002A0ED0FFF799FE0028A6
:10CBF0000DD0002004B080BCB846F0BD4348F7F724
:10CC000065FD4348F7F762FD4248F7F75FFDE768C7
:10CC1000686AFCF78FF93872030A7B72030CBB72E7
:10CC2000000EF872E768688DFCF77FF9B873000AA8
:10CC3000F8736B6A6A8D9B18EB62E7681423984659
:10CC4000B844A37ADB0738D43022AB5E002B43DB39
:10CC50006B6B002B43D0E368626851685B1A9BB230
:10CC60005189C91A518161680A89D31A0B81626896
:10CC7000E368536000221A745A74E768A37ADB07EA
:10CC80003FD51823FB1843453DD160682B1D9846BE
:10CC9000028900932B000621FCF7E2F93874000AA0
:10CCA0007874EB7A6068029606220192AA7A009262
:10CCB0004246290004F03AF89CE72A1D3100164844
:10CCC000FDF7A6FB81239B041843FCF733F9786139
:10CCD00018239846B844B7E700232B86B8E70F4BD4
:10CCE0001B686B63E1680B794A7912021A438B79EE
:10CCF0001B041343C87900061843FCF71BF9A8630B
:10CD0000A9E71423BEE70648F7F7E0FCAC8F011053
:10CD1000CC8F0110EC8F0110B4050000E0A50220BB
:10CD2000AC8E0110F0B5CE46474680B585B0060002
:10CD30000C00170098460C9B002B25D04B68994699
:10CD40000A89434600933B0006212000FCF788F93E
:10CD50004B461874000A5874002E18D0F37AB17A32
:10CD60000C9A02920622019200914246390020005C
:10CD700003F0DCFF05002000FCF7D6FE280005B01C
:10CD8000C0BCB946B046F0BD0248F7F79FFC002191
:10CD9000FF23E5E710900110F0B583B005000C000B
:10CDA00016001F0000290ED01A003100FFF702FF05
:10CDB00000280BD000903B00320021002800FFF734
:10CDC000B1FF03B0F0BD0448F7F780FC2000FCF78A
:10CDD000ABFE04204042F4E744900110F0B5DE467B
:10CDE00057464E464546E0B583B005000C00002886
:10CDF0003BD0C66E002E00D1BDE0002938D033896B
:10CE00009A468B4200D8B9E0438E8B4233D35346C7
:10CE1000002B33D0B37A99469A0004231A409346E4
:10CE200053465B1A9BB29846A0225946414489B2A8
:10CE300092003620FCF7C4FE071E0DD070680389EF
:10CE400032899B1A9BB21B199BB27968594442469E
:10CE5000FDF773F8404514D0002F00D196E038005C
:10CE6000FCF762FE0120404289E04A48F7F72EFCB9
:10CE70004948F7F72BFC4948F7F728FC4848F7F7EB
:10CE800025FCF3681A7B587B00021043FCF74DF831
:10CE9000C2B23F23034098460823010019408B4645
:10CEA000184204D02F331340984608239B4643462C
:10CEB000DB0707D5012342469A4390465A461A4358
:10CEC000D3B29B46F1680B794A7912021A438B79E7
:10CED0001B041343C87900061843FCF72BF82318EA
:10CEE0004A4600925A4639002800FFF739FD071ECE
:10CEF000B2D07068FCF74AFF66239946EB5A1B1ABA
:10CF00004A46AB52706801895346E41AA4B2091923
:10CF100089B2FCF7F7FE33891B193381F3681C7B58
:10CF2000587B000204434046FBF7FFFFF2682043B2
:10CF300083B2FF21084010731B0A53737068FCF71B
:10CF400025FF4B46EB5A1B184A46AB527868FCF754
:10CF50001DFF4B46EB5A1B184A46AB5233683B60E9
:10CF600037603B68002B01D0002008E068330022C6
:10CF7000EA52002003E00120404200E0002003B01C
:10CF8000F0BCBB46B246A946A046F0BD01204042D7
:10CF9000F5E7C0467090011094900110B890011010
:10CFA000C8900110F0B5C64600B582B004000D006F
:10CFB0008B074BD000284CD002231E000E400B42A2
:10CFC0004AD13700BB0004221A409046A0229200AA
:10CFD00041463620FCF7F4FD011E3FD043899845B9
:10CFE00043D8E36D00972A002000FFF7B9FC002822
:10CFF0003ED0C3689B0741D10389002B41D1E36E2A
:10D00000002B41D01A001B68002BFBD11060682355
:10D010000022E252002E01D1EB0708D5E36D013367
:10D02000E365ED0703D5638B2022134363834068D8
:10D03000FCF7ACFE6622A35A181880B2A052002852
:10D040002CD0236F002B21D0002028E01648F7F7C2
:10D050003DFB1648F7F73AFB0127B3E7638B8022C5
:10D06000134363830120404219E01148F7F72EFB78
:10D07000638B802213436383013810E00D48F7F778
:10D0800025FB0D48F7F722FBE066C0E7E36E002BB7
:10D0900001D0002003E00948F7F718FB002002B098
:10D0A00080BCB846F0BDC046D89001103091011048
:10D0B000509101108C910110A4910110D091011098
:10D0C00070B5051E14D0C36E002B0CD01C001B685D
:10D0D000002BFBD1E3681A7B587B00021043FBF75F
:10D0E00024FF400707D001212800FFF75BFF70BD38
:10D0F0000C48F7F7EBFAE3681E7B587B0002064307
:10D100000120FBF712FFE268304383B2FF210840A1
:10D1100010731B0A53736B8B202213436B83002005
:10D12000E5E7C046F8910110F8B5061E0ED0046F71
:10D13000002C40D025002468002C0AD02800FFF7DE
:10D14000EFFB0028F6D00620404231E01D48F7F7FB
:10D15000BDFA2800FFF7E4FB00282FD1F36E2B6007
:10D16000336FF36600233367728B80231B011343F5
:10D170007383E9680B794A7912021A438B791B048D
:10D180001343C87900061843FBF7D4FE04002F8927
:10D19000EB681A7B587B00021043FBF7C6FE800742
:10D1A00007D00123FF18E419F464002373630020FF
:10D1B000F8BD0023F6E706204042F9E7062040428A
:10D1C000F6E7C04614920110F8B5071E0CD0066FA2
:10D1D000002E42D03000FFF7A3FB002840D1336877
:10D1E0003B673D006C3503E01F48F7F76FFA2D6889
:10D1F0002B68002B1CD0D9680B794A7912021A438C
:10D200008B791B041343C87900061843FBF792FE81
:10D210000400F1680B794A7912021A438B791B04D6
:10D220001343C87900061843FBF784FE241ADED4A2
:10D230002B6833602E603368002B0AD04223FB5CDE
:10D24000FF2B02D001334222BB5400237B6300201A
:10D25000F8BD68330022FA52F0E706204042F7E7B3
:10D2600006204042F4E7C0463892011010B5041E73
:10D2700006D0036F002B02D0438B5B0703D510BD94
:10D280001348F7F723FAFFF79FFF0028F7D1602331
:10D29000E25A183BE15A131C8A4200D90B1C9BB27C
:10D2A0005B104A22A352628E51008B4202D20B00C5
:10D2B0004A2163524A23E35A510052189B184822CC
:10D2C000A352638B04221343638300232386D6E790
:10D2D0005092011070B584B004001D0008AB40CB23
:10D2E0001B880AA800880290019300962B0020005A
:10D2F000FFF72CFC011E04D033002A002000FFF7AA
:10D300004BFD04B070BD70B584B004001D0008A8CA
:10D3100040C800880AAB1B88002C0ED002930190F5
:10D3200000962B000020FFF711FC011E05D0009491
:10D3300033002A000020FFF7F5FC04B070BD0000A8
:10D3400070B5041E1DD0006DFBF7F4FD0300002234
:10D3500000212000FFF7DEFB051E15D00023002270
:10D3600001002000FFF7ECFA231D22002900200015
:10D37000FFF712FD00280ED0638B03221343638353
:10D3800070BD0748F7F7A2F9638B03221343638349
:10D3900002204042F4E7638B032293436383EFE769
:10D3A00070920110F0B5D6464F464646C0B5051EF0
:10D3B00043D0037D012B43D0B74B1B68834200D180
:10D3C00065E14823C35A6022825A1E1C934200D949
:10D3D000161CB6B2B146EC6E002C34D02A1D2900C2
:10D3E0002800FFF7E7FB8046002800D151E1002D1F
:10D3F00002D02B68002B02D143465B682B60E168AA
:10D400000B794A7912021A438B791B041343C879AA
:10D4100000061843FBF78EFD6B6CC01A2389C018F9
:10D42000484530D96023EB5A9E421DD06B8B9B0739
:10D430000CD52800FFF784FF0DE09848F7F746F970
:10D440009748F7F743F96B8B9B0709D46B8B8022C6
:10D4500093436B830020E0BCBA46B146A846F0BDBA
:10D460002800FFF76DFFF6E72B6F002BDED1993315
:10D47000EB5C002BDAD19822AB5401320121A95484
:10D480000132AB54D2E799230022EA542B6F002BD0
:10D4900000D1FAE01F001B68002BFBD135E081486A
:10D4A000F7F714F911896A8E914259D26422AA5A67
:10D4B000002A55D06622AA5A072A51D8A0221A4219
:10D4C0004ED1EB6E002BC1D168330022EA52BDE78A
:10D4D000E3681E7B587B000206431020FBF725FD06
:10D4E000E268304383B2FF21084010731B0A537374
:10D4F00039E06B8B802213436B83ACE700235CE045
:10D500002E655FE02C672700EC6E002CD9D0E16817
:10D510000B794A7912021A438B791B041343C87999
:10D5200000061843FBF706FD6B6CC31A22899B1893
:10D530004B45C6D8E3681A7B587B00021043FBF7C3
:10D54000F4FC4007ABD42B6F002B09D06B8B44222B
:10D550001A4205D1EA6E002AA8D011680029A1D08C
:10D560002B7D022BB4D1424629002000FFF730FB6F
:10D570000028BED12368EB662B7D022B03D06B8B7A
:10D58000032293436B83E1680B794A7912021A43B1
:10D590008B791B041343C87900061843FBF7CAFCB8
:10D5A000060023899A46E3681A7B587B00021043E1
:10D5B000FBF7BBFC8007A1D001235344F6182B6D69
:10D5C0009B1B9DD42689E3681A7B587B000210437D
:10D5D000FBF7ABFC800701D1002E52D00023236063
:10D5E0002B6F002B8ED0E1680B794A7912021A4317
:10D5F0008B791B041343C87900061843FBF79AFC88
:10D600000600F9680B794A7912021A438B791B04D8
:10D610001343C87900061843FBF78CFC361A02D472
:10D620003C60270070E770239A46AA4402E0534604
:10D630001B689A4653461B68002B1CD0D9680B798F
:10D640004A7912021A438B791B041343C8790006E6
:10D650001843FBF76FFC0600E1680B794A79120268
:10D660001A438B791B041343C87900061843FBF750
:10D6700061FC361ADBD453461B68236053461C609A
:10D6800042E72000FCF784FE3EE71F003DE7002054
:10D69000E1E604204042DEE6D8A502209092011087
:10D6A000A8920110D092011010B5002809D0422391
:10D6B000C35CFF2B02D0013342228354FFF772FE7A
:10D6C00010BD0148F7F702F8E892011010B5041EEA
:10D6D00004D0FFF729FD002803D010BD0348F6F75A
:10D6E000F5FF2000FFF7E0FFF7E7C0460C930110BD
:10D6F00070B5041E18D0006D0138FBF71BFC030049
:10D70000002200212000FFF705FA051E0FD000239C
:10D71000002201002000FFF713F9231D2200290039
:10D720002000FFF739FB70BD0248F6F7CFFF01205C
:10D730004042F8E728930110F0B5C64600B582B024
:10D74000041E18D0C66E002E00D173E09A23C35C6D
:10D75000FF2B02D001339A228354F3681A7B587B43
:10D7600000021043FBF7E1FBC00707D53389002B0C
:10D7700051D0002703E03248F6F7A8FF0027FFB298
:10D780007A427A41D2B2F068017943791B020B43A5
:10D79000817909041943C3791B060B43002120003A
:10D7A000FFF7B8F9051E47D043689846002F34D0DC
:10D7B0001B7B4246577B3F021F431120FBF7B5FB03
:10D7C000204B1F40384383B2FF2210404246107363
:10D7D0001B0A5373F1680B794A7912021A438B7949
:10D7E0001B041343C87900061843FBF7A3FB013061
:10D7F000236D1B1A1CD40023002229002000FFF7F0
:10D800009FF8231D220029002000FFF7C5FA02B06F
:10D8100080BCB846F0BD0127B1E71900143170682B
:10D82000038932899B1A9BB20122FCF786FBD1E760
:10D830002065E0E70020EAE701204042E7E7C04634
:10D8400044930110FFC0FFFF70B504000E001500E7
:10D850000720FBF7C5FE00280FD000230360866079
:10D86000C56044600E4B1A68002A09D05368E31A59
:10D870000BD502600A4B186070BD0A48F6F726FF08
:10D880001860F9E703601060F6E7002AF4D0136827
:10D89000002BF7D05968611AF4D41A00F5E7C04696
:10D8A000D49C02206893011010B504004368984787
:10D8B00003F0C3FD02002168074B18680818831A9B
:10D8C00005D5881805492200FFF7BEFF10BD0349A2
:10D8D0002200FFF7B9FFF9E77C7F0120A9D80010EB
:10D8E00070B504000D0016008023DB05984207D2B6
:10D8F00003F0A3FD001932002900FFF7A5FF70BD5A
:10D900000148F6F7E3FEC046A893011010B50B4B93
:10D910001B68002B0BD10A4B1B68002B08D0074B50
:10D9200001221A6007490022FA20FFF7D9FF10BD33
:10D93000054B1B68002BF2D1F9E7C046F0A5022089
:10D94000D0A502204DD90010E4A5022010B5FDF7A6
:10D95000FFFA094B1B68002B05D008490022FA206A
:10D96000FFF7BEFF10BD064B1B68002BF5D1054B22
:10D9700000221A60F6E7C046D0A502204DD900105B
:10D98000E4A50220F0A5022010B5012407E0054B14
:10D99000E200D058D2180449FFF7A2FF0134052C49
:10D9A000F5D910BDE0B60110A9D8001070B503F08C
:10D9B00044FD050012E00F4B1968002918D04B6890
:10D9C000EA1A15D408680B4A10608C68CE680A4AB7
:10D9D00013600720FBF712FE002C06D1074B1B78C3
:10D9E000002BE8D0FCF714F8E5E73000A047F5E796
:10D9F00070BDC046D49C02207C7F0120D0A70220AD
:10DA000010B50A4B1B68002B0BD003F016FD074B1B
:10DA10001B685B68181A07D400D410BD0448F6F7D9
:10DA200055FE01204042F8E70020F6E7D49C022092
:10DA3000E09301100020104A1388591C11800F4AEE
:10DA400093420AD00E4B1B68002B12D0598A0A4A07
:10DA50001288914205D0DB68F6E7074B094A1A8025
:10DA6000F0E7013080B28023DB019842E3D300204D
:10DA700001E0014B18887047560E0020FFFF0000A0
:10DA800088A7022000C0FFFF70B500281DD0002924
:10DA90001ED0047A002C07D01C4B5D683823EB5C49
:10DAA0000133DBB29C4221D1002A14D000281FD0C0
:10DAB0000368002B1ED0154A5269501C1CD089687F
:10DAC000534019421AD0002011E01148F6F7FEFD2C
:10DAD0001048F6F7FBFD002812D00368002B11D088
:10DAE0000A4949698B420FD0100000E0002070BD48
:10DAF0000120FCE70120FAE70120F8E70120F6E722
:10DB00000120F4E70120F2E70120F0E7046F022092
:10DB1000F49301101894011010B504F05DF880041E
:10DB2000800C034B9C466044024B188010BDC046DD
:10DB300000C0FFFF560E0020F0B5DE4657464E46A9
:10DB40004546E0B587B0071E884628D0002929D071
:10DB50004389072B29D943689A46604B196858694D
:10DB600003F0FBF88146039053461B7852465078E9
:10DB700000021843FBF7D9F90490834653469B787B
:10DB80005246D07800021843FBF7CFF90500544BFA
:10DB90001B6805931C000023029300260EE05148E9
:10DBA000F6F794FD5048F6F791FDFBF7BDFF5DE0F9
:10DBB0000294A38A5B4525D02600E468002C31D06E
:10DBC000638AAB42F8D14A4641462000FFF75CFF2A
:10DBD0000028F1D0237C5B07EBD4029B002BE7D01D
:10DBE000039B002BE5D03D4B5B690133E1D1029BE8
:10DBF0001A6843465B689A42DBD022689342D8D1C8
:10DC00000294D6E76368002B03D0344A126993422A
:10DC1000D2D1002E06D0E368F360059BE360304B61
:10DC20001C602BE0002C28D053469A79DB791B022C
:10DC3000134309D02D4B3A89191D00911121380049
:10DC4000FBF70EFA002825D108213800FBF73AFF30
:10DC5000002823D1002C28D0A569002D21D0234BEA
:10DC6000E069049A00923A002100A84707B0F0BC8E
:10DC7000BB46B246A946A046F0BD029C002CD3D1BB
:10DC800043465A68154B5B699A42CDD03800FBF782
:10DC90004BFFEBE73800FBF747FFE7E71448F6F7E1
:10DCA00015FD3800FBF740FFE0E7039B002B05D193
:10DCB0000A4B5A69F0231340E02B03D13800FBF7DD
:10DCC00033FFD3E7054B9989083109B23800FBF7D8
:10DCD00025FF0321380002F02FF9EFE7046F02203F
:10DCE00088A702204094011058940110146F02205C
:10DCF00074940110F8B505000E1E0AD0002D37D01F
:10DD0000244B1B681C00002C05D0AC4217D0E468E3
:10DD1000F9E7214EF2E70027002A13D1FFF78AFE28
:10DD2000021E28D0002E21D033682B606A82002F7B
:10DD30002DD1184B1A68EA601D600020F8BD01273C
:10DD4000EAE7DB68002BEDD0AB42FAD05C8A944264
:10DD5000F7D118683168884210D0002911D0002B03
:10DD600012D00028EDD108204042E7E70023DCE78D
:10DD700010204042E2E708204042DFE7082040420E
:10DD8000DCE708204042D9E708204042D6E70020DF
:10DD9000D4E7C04688A7022008B80110F0B5CE46E7
:10DDA000474680B585B004000E009046994600288D
:10DDB00000D177E0002900D177E0002A00D177E098
:10DDC0000D9B002B00D176E00C9B002B00D175E061
:10DDD000428A002A3FD032893D4B9A4200D970E0F6
:10DDE00008213000FBF768FE00283AD137007B8914
:10DDF000072B45D97D68608AFBF797F82870000AE1
:10DE000068704846FBF791F8A870000AE870002394
:10DE1000AB71EB713889FBF788F82871000A6871DB
:10DE2000237CDB072FD5E37A0C9A02921122019210
:10DE3000A27A009242460D99380002F0ABFE05002E
:10DE4000B74202D03800FBF76FFE280005B0C0BC17
:10DE5000B946B046F0BD0100FFF74CFF051EBAD031
:10DE6000F3E7A022920008212220FBF7A9FE071E5B
:10DE70002AD03389002BBAD03100FBF7C1FFB6E7B7
:10DE80001448F6F723FC3A89434600930D9B112171
:10DE90003800FBF7E5F8002800D10F48A871000A08
:10DEA000E871C0E710256D42CFE710256D42CCE741
:10DEB00010256D42C9E710256D42C6E710256D4259
:10DEC000C3E701256D42C0E701256D42BDE7C046AD
:10DED000F7FF000090940110FFFF0000F0B583B041
:10DEE000089D00281BD000291CD0002A1DD0002D21
:10DEF0001ED0041E0CD00668002E09D0F027374033
:10DF0000E02F05D06F68BE4203D00420404204E0F9
:10DF10002C1D01940095FFF741FF03B0F0BD1020C8
:10DF20004042FAE710204042F7E710204042F4E771
:10DF300010204042F1E7F0B583B004000E00150058
:10DF40001F00002817D0002918D0002A19D0007A05
:10DF500000280CD0FBF7FAFC002815D000903B00FD
:10DF60002A0031002000FFF7B9FF03B0F0BD100018
:10DF700002F0C0FCF0E710204042F6E710204042DB
:10DF8000F3E710204042F0E704204042EDE70000B4
:10DF900070B504000D00160000281FD0002920D005
:10DFA000428A002A0FD02B686360A682237C042259
:10DFB000134323740D4B1A681300002B09D0A3429E
:10DFC00012D0DB68F9E70100FFF794FE0028EAD0E1
:10DFD00003E0E260054B1C60002070BD1020404251
:10DFE000FBE710204042F8E70020F6E788A7022070
:10DFF000002801D08161C2617047000010B5011E88
:10E0000008D00B4B1A68824209D1D2681A600120ED
:10E01000FBF7F4FA10BDCB68D360F8E71A00002ACA
:10E02000F5D0D368002BF9D08B42F4D01A00F6E774
:10E0300088A7022010B50120FBF7D2FA041E05D0F4
:10E0400020220021F8F7ACFAFF23E372200010BD74
:10E0500010B5002814D00368002B11D000290FD070
:10E060000B68002B0CD0074B1B6800E0DB68002B13
:10E0700006D01C6802689442F8D10A681A60F5E775
:10E0800010BDC04688A7022043798B4203D041715E
:10E09000002383710381704710B5831C442B07D87C
:10E0A000431C9BB2140A0C54023080B2CA5410BDF7
:10E0B0000148F6F70BFBC046C094011010B51C18C0
:10E0C0000234442C06D8441CA4B20A54023080B254
:10E0D0000B5510BD0148F6F7F9FAC046FC94011043
:10E0E00010B50300432803D8013080B2CA5410BDD4
:10E0F0000148F6F7EBFAC0464095011070B5031DD4
:10E10000442B0FD8431C9BB2140E0C54150C841CCA
:10E11000A4B2CD54150AC31C9BB20D55043080B275
:10E12000CA5470BD0148F6F7D1FAC046789501107F
:10E13000F0B5D6464F464646C0B507000C0090469F
:10E140009A46002800D17FE0002900D17EE0A0227D
:10E150009A21920049003620FBF732FD81460028C3
:10E160006CD042899A235B009A4241D34346032BE9
:10E1700041D0A379002B42D0354B1B6823604B461E
:10E180005E689A22520000213000F8F709FA012354
:10E19000337073703333FB5CB3702068FAF7CAFED8
:10E1A0003071030A7371030CB371000EF0714346B2
:10E1B000082B0AD0042B08D0072B06D0032B0CD138
:10E1C0006379043BDBB2012B07D87B6833731A0AEF
:10E1D00072731A0CB2731B0EF3730024052C13D840
:10E1E0003D192E352A7833191A770134A4B2F5E790
:10E1F0001848F6F76BFA6379032BC0D1B9E703F03F
:10E20000EBFC134B1860B7E7EC236322F2543300A6
:10E21000EC33E13A5A70D1329A701032DA70F0363B
:10E2200001232E3A31000020FFF748FF424631001B
:10E23000FFF756FF5346002B00D018804846E0BC3D
:10E24000BA46B146A846F0BD8146F7E78946F5E7EC
:10E25000A4A70220B495011010B5046A002323621C
:10E260006362234BDB78002B02D0224BDB68A36276
:10E270001F4B1B79002B21D01E4B1B69E3621C4BEB
:10E280005B79002B1ED01B4B5B6923630A7C4B7CA4
:10E290001B0213438A7C12041A43CB7C1B061343D4
:10E2A000E361134B9B79002B12D1E3790122934355
:10E2B000E3710F4BDB79002B14D110BDA36A5B080F
:10E2C000E362DCE7A26AD3009B1ADB082363DDE785
:10E2D000084B9869FAF72EFE2062E3790122134376
:10E2E000E371E6E7034BD869FAF724FE6062E4E7DE
:10E2F000AC890120B4890120F0B5C64600B5040000
:10E300008846966A002E28D0300007F0D3FF0028F8
:10E3100023D041231B1B98420DD80500984200D9F9
:10E320001D00FF2D0AD8EBB20C2241462000FFF75A
:10E33000C5FE04000EE00B48F6F7C8F90948F6F7E9
:10E34000C5F9751C327841462000FFF7C9FE04006C
:10E350002E003D006F1E002DF3D1200080BCB8467A
:10E36000F0BDC046F495011070B504001000631CA8
:10E370009BB2FF220A5504E05C1CCB1800251D70DF
:10E38000A3B2432BF8D9F03399B2FBF7BBFC70BDB5
:10E39000F0B5CE46474680B585B08046066A042172
:10E3A0003000FFF771FE0E236B440322310040461C
:10E3B000FFF7BEFE814600284BD04568F0350E249D
:10E3C0006C442088022339222900FFF777FE208041
:10E3D00043469A8D2900FFF75FFE208003233722F2
:10E3E0002900FFF76BFE208000240AE0214B1A5D14
:10E3F0000E276F4438882900FFF772FE38800134F9
:10E40000E4B2022CF2D90E246C4420884246290042
:10E41000FFF772FF20804A462900FFF7A5FF164A42
:10E42000164B18684346009343234946FFF756FDB1
:10E4300004004846FBF778FBB379FF2B01D001338A
:10E44000B371B379092B07D8FA208000584380B202
:10E4500003E001246442EFE70948F430FF30FA2179
:10E460004900F7F79BFA3081200005B0C0BCB946DF
:10E47000B046F0BD00B8011004B80110A889012011
:10E480001027000010B5046A62790A2A03D8084BE5
:10E49000D340DB0700D410BDFFF77AFFA38A628A5E
:10E4A0009B1A012BF7DDDA0FD3185B102382F2E7FA
:10E4B00032040000F0B5CE46474680B585B08146AF
:10E4C000056A03212800FFF7DFFD0E236B440322BA
:10E4D00029004846FFF72CFE804600285BD046689E
:10E4E000F0360E246C442088022339223100FFF7D5
:10E4F000E5FD2080902292003100FFF7CDFD2080C5
:10E50000042332223100FFF7D9FD07002080E8699B
:10E51000FAF710FD020031003800FFF7EFFD208010
:10E52000032337223100FFF7C9FD208000240AE0D1
:10E53000214B1A5D0E276F4438883100FFF7D0FD5C
:10E5400038800134E4B2022CF2D90E246C442088C5
:10E550004A463100FFF7D0FE208042463100FFF7E7
:10E5600003FF164A164B18684B4600934323414657
:10E57000FFF7B4FC04004046FBF7D6FAAB79FF2B5B
:10E5800001D00133AB71AB79092B07D8FA20800099
:10E59000584380B203E001246442EFE70948F430B5
:10E5A000FF30FA214900F7F7F9F92881200005B07A
:10E5B000C0BCB946B046F0BD00B8011004B80110A7
:10E5C000A889012010270000F0B5CE46474680B547
:10E5D00085B0071E00D193E0056A002D00D192E0BE
:10E5E00001212800FFF750FD0E236B440322290070
:10E5F0003800FFF79DFD8046002800D17BE046688B
:10E60000F0360E246C442088022339223100FFF7B3
:10E6100055FD2080BA8D3100FFF73EFD2080042398
:10E6200032223100FFF74AFD81462080E869FAF77F
:10E6300081FC020031004846FFF760FD2080042382
:10E6400036223100FFF73AFD81462080A869FAF7AB
:10E6500071FC020031004846FFF750FD2080032383
:10E6600037223100FFF72AFD208000240CE0274BE1
:10E670001A5D0E236B44994618883100FFF730FD70
:10E680004B4618800134E4B2022CF0D90E246C44BD
:10E6900020883A003100FFF72FFE208042463100EB
:10E6A000FFF762FE1A4A1B4B18681B4B0193009739
:10E6B00043234146FFF772FB04004046FBF734FA60
:10E6C000AB79FF2B01D00133AB71AB79052B15D89A
:10E6D00001229A40FA208000504380B2F430FF308B
:10E6E000FA214900F7F75AF92881200005B0C0BC8B
:10E6F000B946B046F0BD01246442E1E70748EDE7C2
:10E7000010246442F1E706246442EEE700B80110E9
:10E7100004B80110A889012008B8011060EA0000BF
:10E7200070B504000D00066A0D4B9B78002B00D1DC
:10E7300070BD002333810B4B9868FAF7FBFBB06187
:10E740002A7C6B7C1B021343AA7C12041A43EB7CC9
:10E750001B061343F3612000FFF736FFE8E7C046CE
:10E76000AC890120B4890120F0B5CE46474680B57A
:10E7700085B00700056A0023EB6106212800FFF73A
:10E7800083FC0E236B44012229003800FFF7D0FCE4
:10E79000061E3CD04368F022904698440E246C44F8
:10E7A00020880223B73A4146FFF788FC2080BA8DC3
:10E7B0004146FFF771FC2080032337224146FFF7D3
:10E7C0007DFC208000240CE01F4B1A5D0E236B445F
:10E7D000994618884146FFF783FC4B461880013460
:10E7E000E4B2022CF0D90E236B4418883200414663
:10E7F000FFF7BAFD154A164B1868164B01930097A0
:10E8000043233100FFF7CAFA3000FBF78DF9AB79EB
:10E81000FF2B01D00133AB71AB79052B12D801224C
:10E820009A40FA208000504380B2F430FF30FA2141
:10E830004900F7F7B3F82881002005B0C0BCB946FD
:10E84000B046F0BD0448F0E700B8011004B801106C
:10E85000A889012008B8011060EA0000F0B5CE4692
:10E86000474680B585B00500036A98460C2118001C
:10E87000FFF70AFC0E236B44042241462800FFF7F1
:10E8800057FC041E2DD04668F0360E276F4438889A
:10E89000042332223100FFF711FC814638804346C1
:10E8A000D869FAF747FB020031004846FFF726FC1B
:10E8B000388022003100FFF757FD0B4A0B4B1868D8
:10E8C0000B4B0193009543232100FFF767FA0500E6
:10E8D0002000FBF729F9280005B0C0BCB946B046B6
:10E8E000F0BD01256D42F6E704B80110A8890120AA
:10E8F00008B8011070B582B0051E5BD0046A002C08
:10E9000058D000236382A66A731C0FD01E363C21A8
:10E910003000F7F76BF8F0239B039E4200D32E489C
:10E9200080B2A082002801D10123A382E66A731C71
:10E9300011D01E363C213000F7F758F8F0239B0326
:10E940009E4200D3244880B26081002801D1012377
:10E9500063816389E381266B731C11D01E363C21D1
:10E960003000F7F743F8F0239B039E4200D31A4888
:10E9700080B2A081002801D10123A381A389238231
:10E980006289A3899A4203D3002B01D000236381BB
:10E99000E379DB0710D5236A0193636A00930A21A8
:10E9A0002000FFF771FB21001C316B4601AA2800F3
:10E9B000FAF78EFE02B070BD227F1C23E356002BB7
:10E9C00002DBFF230193E8E7BF2A02D9034B01933F
:10E9D000E3E7014B0193E0E7FFFF0000FFFFFF00CB
:10E9E00070B50400056A002D0BD06B79002B08D0A0
:10E9F000012909D002290ED0002901D1FFF77AFFA1
:10EA000070BD0948F5F762FE0C212800FFF73CFBBA
:10EA100014232B81F4E705490B000A00FAF758FE8E
:10EA20002000FFF71BFFEBE71096011008B801105C
:10EA300010B50400006A0C21FFF726FB04490B0007
:10EA40000A002000FAF744FE2000FFF78DFE10BDFB
:10EA500008B8011010B50A4B1B78002B06D0013BFB
:10EA6000DBB2074A1370002B03D010BD0548F5F741
:10EA70002DFE054C2068FFF7C1FA00232360F4E760
:10EA8000C5A7022048960110A889012070B5174B30
:10EA90001B78002B1DD1164B1B68002B1FD1FFF7D5
:10EAA000C9FA134B186000281CD0437A2022134364
:10EAB0004372104C44222100FFF71CF90C4D2868CA
:10EAC00043222100FFF764FA0B4928680022FFF770
:10EAD0008FFA064A137801331370002070BD07487F
:10EAE000F5F7F4FD01204042F8E7C046C5A7022033
:10EAF000A889012008B80110E5ED00106C960110FE
:10EB0000F0B5DE4657464E464546E0B587B00400B0
:10EB1000A84808220021F7F743FD63892B2B00D872
:10EB200014E1258900239846F0330293A146444618
:10EB30004F46029E04E0F61AB6B2ED1AADB23F6837
:10EB4000002F00D105E17B89B342F4D97B689A4656
:10EB500001953D00A0465FE02A68002A02D0526875
:10EB600012786FE000226DE0042A00D0FDE014006E
:10EB70000627002933D10136B6B23BE0032A00D87C
:10EB8000F6E007270424F4E7042A00D0F3E0140099
:10EB90000327EEE7012A00D0F0E00298F02800D029
:10EBA000EFE014000027E4E7012A00D0ECE01400B5
:10EBB0000127DEE7042A00D0E9E014000227D8E7A5
:10EBC000042A00D0E6E014000427D2E7042A00D08B
:10EBD000E3E014000527CCE701277F420024D11889
:10EBE0007548814200DDDBE0921992B2023296B2A2
:10EBF000002C2DD16B89B3420ED8F61AB6B2019A09
:10EC0000D41AA3B201939E4200D3CCE02D68002D0C
:10EC100000D1CBE06B689A46002D77D0019B9E42D5
:10EC200074D25346995DFF2970D0B31C9BB29B46AA
:10EC30009E4200D996E03300721C688982428BDACA
:10EC40005046825C3B29C7D888005C4F38588746BD
:10EC50000022059253460393AA465B46B3461E0024
:10EC600020E05748F5F732FDEDB233002A0005A940
:10EC70005046FBF762F9A84237D1042C1DD9A307EF
:10EC800036D14C4B0122DA550598FAF753F94D4B22
:10EC9000BA009850043CE4B2331D9BB29E422AD87D
:10ECA00001371E00072FDCD8424BDB5D002B28D13B
:10ECB000251C042CD8D90425D6E75546039B9A4633
:10ECC0005E46042C0CD0012C18D105AB1B780593A3
:10ECD000384B0122DA553B4BBF00059AFA5089E7C1
:10ECE0000598FAF727F90590F2E70220404232E052
:10ECF000062040422FE0022040422CE00620404205
:10ED000029E05546039B9A465E4673E74446294BE5
:10ED10001B78002B0AD02B4B1A68264B0021197048
:10ED2000012A0FD0022A08D0032A0AD0002C06D0CC
:10ED300000246C252C230293FAE60124F6E7002038
:10ED400009E00124EC256C230293F1E60220404205
:10ED500001E00220404207B0F0BCBB46B246A946E3
:10ED6000A046F0BD02204042F5E706204042F2E70F
:10ED700006204042EFE706204042ECE706204042F2
:10ED8000E9E706204042E6E706204042E3E70620A6
:10ED90004042E0E706204042DDE706204042DAE755
:10EDA00002204042D7E702204042D4E706204042FA
:10EDB000D1E7C046AC890120FDFF000010B701106B
:10EDC00094960110B489012070B50500046A0821E9
:10EDD0002000FFF759F9E26921003431280002F0E0
:10EDE0006FF870BD70B514003C4B5D682E6A5168B9
:10EDF000002E28D03379002B25D053892B2B22D9F4
:10EE00000B78022B1FD100233422AA5C9A420BD923
:10EE1000052B09D8EA182E321078CA18127F9042B2
:10EE200011D10133DBB2EFE70B794A7912021A43B1
:10EE30008B791B041343C87900061843FAF77AF854
:10EE40003368984203D02000FAF76EFE70BD31009F
:10EE50002000FFF755FE0028F5D1214B5B78002BF1
:10EE6000F1D061681F4B1B79052B0AD0062B27D0E8
:10EE7000022BE8D17379062BE5D12800FFF750FC6F
:10EE8000E1E77379012B0CD0032B0AD0043BDBB2F2
:10EE9000012BD8D82800FFF7DFF92800FFF72AFD5B
:10EEA000D1E72800FFF7D8F93523EB5C1B0703D522
:10EEB0002800FFF789FFC6E72800FFF71BFDC2E720
:10EEC0007279032A05D0012A03D0042A01D0052A29
:10EED000CED12800FFF7ACFDB5E7C046046F022095
:10EEE000AC890120B489012070B505000C00002810
:10EEF0000DD000290ED0036A002B0ED1482200212C
:10EF00002000F7F74DFB0223E3712C6270BD04482B
:10EF1000F5F7DCFB0348F5F7D9FB0348F5F7D6FB1B
:10EF2000A8960110B8960110C896011010B5036A92
:10EF3000002B13D05A79052A0AD8032A0AD2002AAC
:10EF40000CD00C2A0BD800229A71FFF70DFC05E0BB
:10EF50000A2AF6D100229A71FFF7ACFA10BD0148D7
:10EF6000F5F7B4FBEC960110F0B5CE46474680B5F8
:10EF700085B08046066A05213000FFF785F80E232C
:10EF80006B44032231004046FFF7D2F88146002847
:10EF90004CD04568F0350E246C4420880223392279
:10EFA0002900FFF78BF8208043469A8D2900FFF750
:10EFB00073F82080032337222900FFF77FF8208091
:10EFC00000240AE0224B1A5D0E276F44388829007E
:10EFD000FFF786F838800134E4B2022CF2D90E240F
:10EFE0006C44208842462900FFF786F920804A4673
:10EFF0002900FFF7B9F932001832164B186843465A
:10F00000009343234946FEF769FF04004846FAF798
:10F010008BFDB379FF2B01D00133B371B379092B89
:10F0200007D8FA20C000584380B203E001246442AC
:10F03000EFE70948F430FF30FA214900F6F7AEFC5B
:10F040003081200005B0C0BCB946B046F0BDC04616
:10F0500000B80110A8890120204E000010B5046AF4
:10F0600062790A2A03D8084BD340DB0700D410BDCD
:10F07000FFF77AFFA389628A9B1A012BF7DDDA0F6B
:10F08000D3185B10E381F2E722040000002812D0BD
:10F09000036A002B11D05B79052B06D00A2B06D012
:10F0A000042B06D10120C0B270470120FBE70120EC
:10F0B000F9E70020F7E70020F6E70020F4E700007A
:10F0C000F0B5CE46474680B585B00500046A002CF1
:10F0D00056D06379002B53D0A36903930023A36117
:10F0E000E361236263622363E362A362A3826382B8
:10F0F0002382E381FFF7CAFF002846D000212000C9
:10F10000FEF7C2FF0A236B44072221002800FFF705
:10F110000FF8061E26D04768F0370A236B4499463D
:10F120001888042336223900FEF7C8FF80464B4674
:10F1300018800398F9F7FEFE020039004046FEF7FA
:10F14000DDFF4B46188032003900FFF70DF9144BF4
:10F1500018680095432303AA3100FEF7BFFE300074
:10F16000FAF7E2FC0F490B000A002800FAF7B0FAA0
:10F1700021003431280001F08BFE2379002B09D1C6
:10F1800005B0C0BCB946B046F0BD00212000FEF776
:10F190007BFFEDE7FFF75EFC00232371F0E7C0463D
:10F1A000A889012008B8011070B5041E3FD035238E
:10F1B000C35CDB073ED5066A828D90239B009A4292
:10F1C0003BD3002E1ED03379002B22D148220021C0
:10F1D0003000F7F7E5F91D4A31003431200001F025
:10F1E00041FEFFF753FC051E2DD10123337134334B
:10F1F000E35C5B0710D52000FFF7B6FA051E10D1BF
:10F20000280070BD4820FAF703F9061E18D02062C6
:10F21000DCE7FFF71FFCD9E702213000FEF734FFDF
:10F22000EEE72000FFF74CFF01256D42E8E71025CF
:10F230006D42E5E710256D42E2E701256D42DFE70B
:10F2400001256D42DCE701256D42D9E7E1E90010B7
:10F2500010B5194B1C6806E02000FFF731FF2000B5
:10F26000FFF7A2FF2468002C24D0236A002BF9D0DA
:10F270005A79002AF6D0998A002905D05A8A013293
:10F2800092B25A829142E7D01A8A002A03D0511EC4
:10F290001982012A0AD0DA89002AE3D0511ED981C5
:10F2A000012ADFD12000FFF7D9FEDBE72000FFF7BE
:10F2B000E9F8D7E710BDC046CC9C022010B5040089
:10F2C000026A53790C2B0BD0062B09D0012B0BD0E3
:10F2D000032B08D19379012B12D9FFF745FA02E0ED
:10F2E0002000FFF741FA10BD9379052B02D8FFF7F4
:10F2F0006BF9F8E7FFF7E4FE2000FFF755FFF2E7B0
:10F30000FFF7D8F8EFE7000010B50C4B1C6802E0DF
:10F31000012A0BD02468002C0ED0236A002BF9D0D0
:10F320001A89012AF4D9013A1A81F3E7013A1A81BC
:10F330002000FFF7C3FFEDE710BDC046CC9C0220C4
:10F3400010B5FFF7BDFE10BD10B504000B4A430019
:10F350001B18DB009858002807D0FAF7E5FB074A8E
:10F3600063001B19DB0000219950044B6200121945
:10F37000D2009B1800221A7510BDC046107D0120D6
:10F38000F0B5DE4657464E464546E0B587B0060026
:10F39000009200239B4699460A33049300230A25D2
:10F3A0000A22904605925A4601925C46039104E077
:10F3B000002F0FD11D0001331BB2092B53DC1800A5
:10F3C000564A5F00FF18FF00D219177D0A2DEFD0B3
:10F3D000002FF0D0002E0CD0326892464F4A4100E8
:10F3E0008B4683445946C9008B465A44526892451D
:10F3F0000ED0012F19D0DED9484A41008C46604416
:10F40000C0001218528AA242D5D314009846D2E7FF
:10F410000099002900D178E0404A0292029A5A44A9
:10F4200092688A42E5D11D004FE03C4A47003F18F0
:10F43000FF00BA58002A0BD0384A47003818C000DD
:10F440001218528A01998A42B5D301920493B2E705
:10F45000324A47003818C0001218528A4A45AAD3C7
:10F4600091460593A7E703998B0750D40A2D34D012
:10F47000092D0FDD4346092B37DC284A5B00434446
:10F48000DB009B58002B2DD145462800FFF75CFF81
:10F49000092D34DC2800214B6A005219D2009B1838
:10F4A0001B7D002B2ED1002E06D031681B4B6A002D
:10F4B0005219D2009B185960184B42001118C9000C
:10F4C000591800244C82009A8A60280007B0F0BCCA
:10F4D000BB46B246A946A046F0BDC907C8D401251F
:10F4E0006D42F2E70E48F5F7F1F8059B092B04DDB4
:10F4F000049B092B0EDC1D00C7E7059DC5E70948E5
:10F50000F5F7E4F80848F5F7E1F81D00DDE7012517
:10F510006D42DAE701256D42D7E7C046107D012034
:10F5200000970110189701102C970110F0B5CE46E6
:10F53000474680B583B005000C0090461E0034237A
:10F54000C35C062B44D1002945D00868002842D06E
:10F55000290001F002FC00283DD12268F02313406D
:10F56000E02B38D02A0031002000FFF709FF041EED
:10F5700034DB1E4B46003718FF0099464F440223E8
:10F580003B75BD603018C000083048440430062286
:10F590004146F7F70BF800237B823619F6004B46FD
:10F5A000F658002E20D0114A63001B19DB00002101
:10F5B00099502A002E3280231B01009343463100CC
:10F5C000280001F027FE3000FAF7AEFA002006E02E
:10F5D0000748F5F77BF81020404200E040B203B046
:10F5E000C0BCB946B046F0BD0020F8E7107D012050
:10F5F00058970110F0B5D6464F464646C0B582B082
:10F600000700884691469A460DAB1E8800284BD0CD
:10F61000A02292001C210E20FAF7D2FA051E4CD02F
:10F6200043891B2B43D944683000F9F77EFCA07155
:10F63000000AE0713423FB5C062B3BD1200008302C
:10F6400006225146F6F7B2FF2000123006220B992F
:10F65000F6F7ACFF20000E3004220A99F6F7A6FF59
:10F660002000183004220C99F6F7A0FF0023237025
:10F67000013363700733A3700023E37006332371F3
:10F68000023B63710E4B00934B4642462900380003
:10F6900001F0C0FD2800FAF747FA002002B0E0BCF4
:10F6A000BA46B146A846F0BD0648F5F70FF8064839
:10F6B000F5F70CF80548F5F709F801204042EDE7A9
:10F6C00006080000A89601107C970110B097011061
:10F6D00030B585B003002E33041D0125039502913A
:10F6E0000349019100941900FFF784FF05B030BD74
:10F6F0000CB8011070B50500002400E00134092C9D
:10F7000013DC0A4B62001219D2009B181B7D002BE0
:10F71000F4D0064B62001219D2009B189B68AB42D2
:10F72000ECD12000FFF710FEE8E770BD107D01204E
:10F73000F0B5CE46474680B587B004000D1E17D001
:10F740004668327873781B0213438022520093423A
:10F750000BD13379062B08D17379042B05D1B278FC
:10F76000F3781B021343082B07D02000FAF7DCF9CB
:10F7700007B0C0BCB946B046F0BD3100280001F06A
:10F780007BFC042231000E3105A8F6F70FFF310093
:10F790001831042204A8F6F709FF6B68002B17D173
:10F7A00008339846B0440027002399460233424666
:10F7B00005A92800FFF7BAFEB279F3791B021343BB
:10F7C00080225200934217D02000FAF7ADF9CFE71C
:10F7D000049A9A1A51424A41D1B2894605995B1A54
:10F7E00059424B41DFB208239846B044002A01D069
:10F7F000073BDCE70223DAE74B46002BE4D0002F7F
:10F80000E2D129002E312B1DFE3A039205AA029265
:10F810004246019200930B002800FFF7EBFED3E76E
:10F8200010B5024AFFF754FF10BDC04614B80110CE
:10F8300010B5002405E0042B1CD92000FFF784FD3F
:10F840000134092C36DC1C4B62001219D1005B1804
:10F85000197D0029F4D0184A63001B19D80012182A
:10F86000538A01339BB25382962252009342E4D2D0
:10F870000129E0D003290DD0042913D00129DFD1BB
:10F8800062001219D3000C4A9B18191D9868FFF7E3
:10F89000C7FFD5E7084B62001219D1005B1804229C
:10F8A0001A75CDE7044B62001219D1005B180222D1
:10F8B0001A75C5E710BDC046107D012070B582B035
:10F8C00004000D0016002B4B52009219D2009B1819
:10F8D0001B7D012B13D9022B14D022002E32730072
:10F8E0009B19DB00083323495B180433802109018D
:10F8F00000912900200001F08DFC02B070BD1E486F
:10F90000F4F7E4FE1B4B72009219D2009B185B8A3D
:10F910008E22520093421BD8872252009342DCD39E
:10F9200072009119C9001348091804319219D200C4
:10F930000832121804322000FFF7CAFE0028CCD18A
:10F940000C4B72009219D2009B1803221A75C4E75F
:10F9500071008919C900074BC9180431FFF760FF0E
:10F960000028BAD1034B72009219D2009B180322CF
:10F970001A75B2E7107D012014980110F0B5CE463B
:10F98000474680B583B005000E0017002E23984629
:10F9900080440868290001F0E0F9002800D0AAE0BE
:10F9A0003268F0231340E02B00D1A7E0002A00D1F9
:10F9B000A7E02A0001213000FFF7E2FC00282FDB3E
:10F9C00083B27E2B2ED8C4B2514B62001219D200E2
:10F9D0009B181B7D002B28D14D4B62001219D200C1
:10F9E0009B1801221A759D6001239946484B6200BD
:10F9F0001219D2009B181B7D002B19D04B46002BEF
:10FA000019D1002F17D001204042414B620012193A
:10FA1000D2009B181B7D012B29D837D13B003EE03B
:10FA200040B233E03B48F4F751FE00239946DDE74E
:10FA30003948F4F74BFE31002800FFF7F1FE0028AB
:10FA400007D1334B62001219D2009B181B7D012B8A
:10FA500002D0002FD9D119E04B46002BF9D12C4B05
:10FA600062001219D2009B1800225A82F1E72B4B38
:10FA70001C7013000833264A9B180433802212019D
:10FA8000009242463900280001F0C4FB03B0C0BC1C
:10FA9000B946B046F0BD1A7B52060CD41B68002B49
:10FAA0000AD059891A899142F5D11A68002AF2D0F0
:10FAB0001B48F4F70BFE0123002B18D0A0213A00BD
:10FAC00089000E20FAF7B0FA0700002F1CD0104A68
:10FAD00063001B19DB009858002801D0FAF724F8BE
:10FAE0000B4A63001B19DB009F500020CEE7380053
:10FAF000FAF756F9E9E710204042C7E710204042E4
:10FB0000C4E710204042C1E701204042BEE7C046A2
:10FB1000107D01204498011054980110C7A70220BD
:10FB20007C980110F0B5C64600B584B00600884642
:10FB3000170000283DD000293ED0002A3FD0106891
:10FB4000310001F00AF9031E6DD13A68F02111402D
:10FB5000E02937D07168B0685140084209D01204DA
:10FB6000120C39498A4204D0F268002A69D0370061
:10FB70000C37364A1278364950008018C0000918F0
:10FB8000097D012930D9324950008018C000091878
:10FB90008968B14228D13C682D4950008018C000C6
:10FBA000091849688C421FD141463000FFF786FE94
:10FBB00043E02848F4F78AFD2748F4F787FD2748F3
:10FBC000F4F784FD02AB01221A7000225A705E32F3
:10FBD0009A70797821320A40DA70BA781A71FA7814
:10FBE0005A7121E00133DBB2092B16D8184C5D00A5
:10FBF000ED18ED006419227D012AF3D9A268B24202
:10FC0000F0D1386862689042ECD1104A13701A0043
:10FC100041463000FFF752FE0FE042463900300007
:10FC2000FFF7ACFE09E00E4B32002E3280210901B5
:10FC300000914146300001F0EDFA04B080BCB846B6
:10FC4000F0BD04204042F8E7A9FE0000C7A702204B
:10FC5000107D0120A896011098980110F4970110CA
:10FC600014B8011010B584B003002E33064A0124E5
:10FC70000394029105490191054900911900FFF78C
:10FC8000B9FC04B010BDC04614B801100CB8011086
:10FC900008B8011010B584B00C0001002E31064ADE
:10FCA000012303930294054B019300940B00FFF78B
:10FCB000A1FC04B010BDC04614B801100CB801106E
:10FCC000F0B5D6464F464646C0B586B006008A46D1
:10FCD000914607891B2F00D91C27A0223900083123
:10FCE00089B292002220F9F76BFF041E40D04289AE
:10FCF0003B0008339A4241D373689846456853469F
:10FD00002B704B466B7000232B716B71AB71EB71D9
:10FD100008333A003100FAF77BF843461A7B5B7BE5
:10FD20001B0213434246927B12041A434346DB7B79
:10FD30001B061343059305A800F0DCFD061E14D036
:10FD40000023AB70EB7061892800F9F791F9A87076
:10FD5000000AE87002960123019300230093FF3309
:10FD600005AA0021200000F0E1FF2000F9F7DCFEE9
:10FD700006B0E0BCBA46B146A846F0BD0148F4F76B
:10FD8000A5FCC046A4980110F0B5C64600B584B0E5
:10FD900006000D00634B9F683B780F241C40A400B5
:10FDA000132C16D94389032B13D943681B78082BCE
:10FDB00000D0A7E05B4B5869F0230340E02B22D032
:10FDC000584B196800F0C9FF00281CD13389072B54
:10FDD00006D83000F9F7A8FE04B080BCB846F0BDE4
:10FDE0003000F9F74BF9002811D10E239846A044B2
:10FDF00041463000F9F760FE002839D033891919DF
:10FE000089B28B4207D93000F9F78EFEE4E7300063
:10FE1000F9F78AFEE0E7A02292000E20F9F7D0FE63
:10FE200080460028EFD04289230008339A4215D338
:10FE3000406822003900F6F7B9FB21004046F9F787
:10FE400041FE00280DD131004046FAF76BF800283A
:10FE50000AD13000F9F768FE46460FE0F9F764FE74
:10FE6000D1E73148F4F732FC4046F9F75DFECAE7C6
:10FE700041463000F9F726FE002847D173689846BE
:10FE800021003000F9F718FE00283BD17768254A99
:10FE900053693B73190A7973190CB9731B0EFB7301
:10FEA00013693B741A0A7A741A0CBA741B0EFB7429
:10FEB00000234246137043469278DB781B021343BB
:10FEC0001A4A934225D909339AB2FF210B40414681
:10FED0008B70120ACA70FF233B720023BB72FB7245
:10FEE00021003800F9F7C4F8B872000AF872104916
:10FEF00002950123019300230093FF330022300079
:10FF000000F014FF3000F9F70FFE65E70948F4F739
:10FF1000DDFB08339AB2FF210B4041468B70120A79
:10FF2000CA70D8E7046F0220D0980110F7FF0000D4
:10FF3000186F02200499011010B50A000321FFF781
:10FF4000BFFE10BD10B50A000B21FFF7B9FE10BDB2
:10FF500010B50A4B1B68834208D000290AD00368F9
:10FF60000B6001000520F9F749FB10BD0268034B47
:10FF70001A60F6E70248F4F7A9FBC0467CA302200A
:10FF800038990110F0B5C64600B505008846814293
:10FF90000ED0002902D00B6883420CD16C686268D5
:10FFA000117953791B020B4308D000276C6828E0B5
:10FFB0002948F4F78BFB2948F4F788FB117853782C
:10FFC0001B020B43917809041943D3781B060B439A
:10FFD0006B602900083160681422F6F7E7FA012106
:10FFE0002000FFF7AFFF2000F9F7D0FE0700200048
:10FFF000F9F79AFDDAE73F18BFB22000F9F794FD50
:020000041001E9
:100000003400002C15D061680B784A7812021A432C
:100010008B781B041343CE7836061E432000F9F775
:10002000B5FE3A1880235B029A42E4DB0C48F4F7F1
:100030004DFB41462800FFF78BFF0A4B1B88BB4254
:1000400006D3DB1B074A1380380080BCB846F0BDDE
:100050000548F4F73BFBC046549901106099011024
:1000600074990110AEA7022094990110F0B5D646FC
:100070004F464646C0B582B00400884600239A46E3
:1000800043E09969207C627C12020243A07C000458
:100090001043E27C1206024391421FD198892279D3
:1000A00091466279120249460A43904216D101E014
:1000B00001961F001A68002A1AD01E001300002B98
:1000C00018D05969207B627B12020243A07B000496
:1000D0001043E27B120602439142D2D00135002F39
:1000E000E6D0D87FFA7F9042E4D801961F00E1E77E
:1000F0003300E2E7002F04D001993800FFF742FFF8
:100100008244C24509DA012D07DD074B1B68002533
:100110000022019200260027D1E7504602B0E0BC41
:10012000BA46B146A846F0BD7CA3022010B5011E18
:1001300003D00620F9F762FA10BD0148F4F7C6FAB9
:100140006883011010B5041E08D04069002801D052
:10015000F9F7EAFC2000FFF7E9FF10BD0148F4F7CA
:10016000B5FAC046B8990110F0B5D646474680B5F5
:1001700083B080460F0001924C68A378E0780002BB
:100180001843F8F7D2FE22780F2313409B008342D6
:1001900006D90120404203B0C0BCBA46B046F0BD0B
:1001A000C01A85B2A379E07900021843F8F7BDFEC2
:1001B000C104090C7E68002333707370B370F37050
:1001C00031710B0A7371681883B29A46FF23184085
:1001D000B07153461B0AF3718A4500D2E3E04346EF
:1001E0005D6801239C46002076E035702A0A727013
:1001F0002A0CB2702A0EF270002859D08479C27984
:10020000120222438A4200D9D0E019795B791B029D
:100210000B439A4500D9CCE007703B0A43703B0C76
:1002200083703B0EC370317973791B020B439A4282
:1002300001D000239C46002D6AD0019B002B04D1E5
:1002400043469B7FDB0700D4BFE06346002B00D111
:100250009BE043465B68002B00D19EE05868027922
:1002600043791B02134300D09AE03378727812026C
:100270001A43B3781B041343F27812061A43002A78
:1002800073D05368B279F179090211431C795A7914
:1002900012022243914265D119785A7812020A4318
:1002A000997809041143DA7812060A431E00E6E73A
:1002B0001A795B791B0213439A457DD843465F60E8
:1002C000B9E71A785878000210439A78120402436A
:1002D000DD782D0615431800002DACD06B681A7917
:1002E0005C79240214438C4200D97EE767D09D7963
:1002F000DA7912022A438A4264D80028E1D085794B
:10030000C27912022A439442DBD000229446D8E7F5
:1003100000281DD08279C3791B0213433179727989
:1003200012020A43934210D807703A0A42703A0CFC
:1003300082703F0EC7703179727912020A4393427C
:1003400000D17AE700239C4677E72148F4F7BEF90D
:1003500043465B68002B02D143465F606DE71D4852
:10036000F4F7B4F91E0000239C466346002B0CD022
:10037000B0420CD0327873781B021343B278120467
:100380001A43F3781B06134304D1604603E712486F
:10039000F4F79CF91148F4F799F900239C46F4E727
:1003A00000239C46F1E701204042F4E60120404250
:1003B000F1E601204042EEE601204042EBE601205A
:1003C0004042E8E601204042E5E60198E3E6C04607
:1003D000C4990110E49901101C9A01102C9A011083
:1003E00010B50620F9F7FCF810BD000070B5050047
:1003F0000E000520F9F7F4F8041E12D02022002187
:100400002000F6F7CDF80F23E3770D4B1A68226032
:100410001C602000083014222900F6F7C7F82000DD
:1004200070BD31002800FFF721FEB04202DA002C37
:10043000E4D1F4E70520F9F7D3F80400F7E7C04664
:100440007CA3022070B50A4B1868002404E00568FC
:100450002100FFF797FD2800002807D0C37F002B5D
:10046000F5D0013BC37704000068F5E770BDC046D6
:100470007CA30220F0B5CE46474680B583B0060087
:10048000446822780F231340052B00D005E1A3799F
:10049000E07900021843F8F748FDC004030C9846C1
:1004A000A378E07800021843F8F73FFD22780F2385
:1004B00013409B00834200D9EFE0C01A87B230009E
:1004C000F9F764FC81467D4B1B884B440A2B02DC08
:1004D0007B4B1D680DE001002000FFF7C7FD0028E1
:1004E00000D1DAE0754B1B884B440A2BF0DDD4E0D9
:1004F0002D68002D20D06969227B637B1B0213438A
:10050000A27B12041A43E37B1B0613439942EFD1EB
:10051000A969227C637C1B021343A27C12041A4348
:10052000E37C1B0613439942E2D1AA8921796379BE
:100530001B020B439A42DBD1002D33D0A379E07923
:1005400000021843F8F7F1FCC00432D0A279E37935
:100550001B02134320241C4062426241D2B2002C91
:1005600009D14346DB199BB2984500D988E055492B
:100570008B4200D984E031002800FFF7F5FD431CD1
:1005800000D17DE04D4A13884B441380002C05D1E7
:100590004744AF83AB7F01221343AB77012814D0CC
:1005A00000267EE049462000FFF720FF051ECDD142
:1005B00073E0E889F8F7B9FCC004C7D02800083018
:1005C00014222100F5F7F2FFC0E7AF8B1437BFB25A
:1005D0006B685E683378727812021A43B3781B0432
:1005E0001343F47824061C432900083114223000F8
:1005F000F5F7DCFF3800F8F798FCB070000AF070EF
:100600000023B371F371B372F37214213000F8F761
:100610002FFDB072000AF0726E6812E06768142154
:100620002000F9F74FFA21003000F9F7CDFB3B78B5
:100630007A7812021A43BB781B041343FC78240611
:100640001C43002CEAD11E4B1968A94206D0002990
:1006500005D00B68AB4202D01900F8E72100280052
:10066000FFF776FC3000F9F791FB144B1B888342AF
:1006700003D31B1A114A138013E01348F4F726F82A
:10068000002D14D06B68002B07D10D4B1B68AB42BB
:1006900010D100212800FFF75BFC3000F9F744FA85
:1006A0000026300003B0C0BCB946B046F0BD0748D4
:1006B000F4F70CF80648F4F709F8C046AEA7022094
:1006C0007CA30220EBFF0000509A01106C9A0110ED
:1006D000789A0110F0B5DE4657464E464546E0B5DD
:1006E0008BB00600059108928A8D143AD117072322
:1006F0000B409B18DB109BB20493416807910A786A
:100700000F231340052B00D0C8E04389132B00D8DA
:10071000C7E08B79C87900021843F8F706FCC304D8
:10072000DB0C039380239B01184009903389143B11
:100730009BB20293142700248AE05D48F3F7C6FFBA
:100740005C48F3F7C3FFFFF74BFE814600282ED02D
:1007500073680194DB1900930300412221000020FB
:10076000F9F78CF9804600282DD03000F9F718FBF6
:100770004B465E61504B4A46136141465046F9F77D
:1007800023FB2D1BADB2002D26D036680027002D8F
:1007900022D07289D31B9BB2BA42D1D32C1C9D426A
:1007A00000D91C1CA4B2002CCDD13668EEE750460F
:1007B000F9F7BAF9012040420BB0F0BCBB46B24693
:1007C000A946A046F0BD4846FFF7B0FC5046F9F7F1
:1007D000ABF901204042EFE73F19BFB2059B9B8D6B
:1007E000133B039AD004C00C029A934202DD099B8A
:1007F000002B02D080239B011843F8F796FB069D3F
:10080000A871000AE8715846143080B2F8F78DFBE1
:10081000A870000AE8700023AB72EB721421280064
:10082000F8F726FCA872000AE87205984369089A4E
:10083000514698475046F9F777F9029B5A469B1A5A
:100840009BB20293039B049A944663449BB2039326
:10085000029B002B20D0049BDB009BB21A1C029948
:100860008B4200D90A1C93B29B46A022920014210D
:100870000E20F9F7A5F98246002815D04389132BDD
:1008800000D85AE7406814220799F5F78FFE5346BF
:100890005B6806935D467AE700208DE706204042BC
:1008A0008AE70620404287E70120404284E7C046AD
:1008B000989A0110B89A01104501011010B5010075
:1008C0003523C35CDB070ED54368002B0DD0084AE7
:1008D0005069834205D000F040FA002801D1002081
:1008E00002E0012000E0002010BD0020FCE7C0462F
:1008F000046F022030B50400164B186800E0006851
:10090000002813D03523C35CDA07F8D55A07F6D58B
:100910004268002AF3D0216885684A40154218D001
:100920009B07ECD4C3689942E9D112E00A4B1B68DB
:10093000002B0ED035229A5CD1070AD5520708D574
:100940005A68002A05D02168FF220A407F2A00D079
:10095000180030BDCC9C0220C89C0220F0B5CE46C9
:10096000474680B583B00400019145682B781A0989
:10097000042A07D0F9F7D8F8002003B0C0BCB94664
:10098000B046F0BD0F271F40BF003E00AB78E878AF
:1009900000021843F8F7C9FA8146238983420BD82D
:1009A0006389B34204D323894B4501D3132E08D85E
:1009B0002000F9F7B9F8DFE701002000F9F7A2F904
:1009C000EEE739002800F8F753FB002824D12A7CF1
:1009D0006B7C1B021343AA7C12041A43EB7C1B069C
:1009E00013436A484361297B6A7B12020A43A97B4D
:1009F00009041143EA7B12060A430261F022134004
:100A0000E02B0DD1AB3B019AD35CDB072CD55368AF
:100A1000002B6DD1984629E02000F9F785F8ABE767
:100A20000198FFF74BFF002818D1584B5A69FF2354
:100A300013407F2B4DD0564B1B68984602E043462F
:100A40001B6898464346002B0AD0019B9845F6D078
:100A50004046FFF733FF0028F1D001E0019B9846A4
:100A60004346002B05D101E0002398466B7A112BF9
:100A700032D0464B186900283DD14346002B49D05F
:100A8000AA79EB791B021343C022934306D02000BE
:100A9000FFF7F0FC041E00D16EE745683B4A434671
:100AA000136001985060956029780F230B409B00DC
:100AB000938101002000F9F7FBFA814601282DD12E
:100AC000324B00221A605A609A609A811A615A6108
:100AD00052E700239846C9E7EB199A78DB781B02A6
:100AE00013438822D2019342C3D1019B9846C4E7A5
:100AF000019B9846BDE7019900F02FF9002805D128
:100B0000224B1A69F0231340E02BB6D12000F9F7ED
:100B10000BF831E72000F9F707F82DE7390020003E
:100B2000F8F7D0FF6B7A062B0FD0112B08D0012BD2
:100B300010D04B46022B12D12000F8F7F5FFBFE78B
:100B400001992000FCF7F8FFBAE701992000FBF7B4
:100B5000F7FBB5E701992000FFF716F9B0E70B4B5B
:100B60005869414600F0F9F80028E5D1074B5A6969
:100B7000F0231340E02BDFD039B22000F8F7CEFF8E
:100B800002212000FFF7D8F9D6E7C046046F022003
:100B9000CC9C0220F0B5DE4657464646C0B582B032
:100BA00006008A4617001D000AAB1B7898460BAB5F
:100BB0001B789B46837B012B00D082E0002A00D16A
:100BC0008FE01421F8F778FF002800D0A0E07468C7
:100BD0007389132B00D877E025725B4663722D0270
:100BE0002B432D0A1B021D43ADB23B6823741A0A26
:100BF00062741A0CA274190EE1741B041B0CEB181E
:100C0000D31845222270424662708A22D20145469C
:100C100015432D02120A15432DB2ADB2ED183089DD
:100C2000F8F783F9A070030AE37045190023A37154
:100C3000E3713A4B98461888F8F777F92071030A60
:100C40006371451943461B8801334246138053465E
:100C5000002B3CD01B6823731A0A62731A0CA27310
:100C60001B0EE373227B637B1B021343A27B1204E4
:100C70001A43E37B1B0613431004000C40191B0CA2
:100C80001B181A0C1B041B0CD218130C9B18DB43EB
:100C90009AB2FF210B40A372120AE2720C9B9B8D49
:100CA000002B02D0328993422CD30C9B5B693A0013
:100CB00031000C98984702B0E0BCBB46B246A8464B
:100CC000F0BD1748F3F702FD1648F3F7FFFC164B8B
:100CD0001B6823731A0A62731A0CA2731B0EE37348
:100CE000C0E74389132B16D941680A7C4B7C1B0251
:100CF00013438A7C12041A43CB7C1B0613430193D3
:100D000001AFCBE73A000C993000FFF7E3FCD2E7E4
:100D100002204042CFE702204042CCE7ACA70220AD
:100D2000C89A0110D49A011008B8011070B584B0A7
:100D300008AC247809AD2D78002A06D0002902D00D
:100D40000E68002E01D10A9904310A9E029601957F
:100D50000094FFF71FFF04B070BD10B50300421EE2
:100D6000033213D835228A5C02242000104014423A
:100D70000DD04A689A420BD089685A40114209D175
:100D8000CA438B439A4207D0002000E0012010BDE7
:100D90000020FCE70020FAE70120F8E7F0B5DE4686
:100DA00057464E464546E0B585B0019192460368E8
:100DB00003938846002700239B4603AB99465B4676
:100DC000032B3ED800244B461E780A213000F4F74E
:100DD0000DFECDB20A213000F4F708FE4B46187024
:100DE00023000134E4B2303502AAD554092EEAD8E2
:100DF00008E002A9C95C4046017017001C000123ED
:100E00009C46E044631EDBB2002C0AD07A1C574596
:100E1000EFDB002005B0F0BCBB46B246A946A046B9
:100E2000F0BD7B1C574512DA2E2241460A702D3A3E
:100E30009446E1445A460132D2B293461F00E04440
:100E4000BDE74346013B00221A700198E2E700200B
:100E5000E0E7000010B502491022FFF79FFF10BD28
:100E6000B0A5022010B5002A08D00A61C26B130099
:100E7000002B06D08B4206D01B68F9E70348F3F736
:100E800025FC0A60C163002010BDC046049B011010
:100E900010B5C36B0022002B0CD08B4202D01A007D
:100EA0001B68F8E7002A02D00B68136010BD0B68BE
:100EB000C363FBE70148F3F709FCC046249B01101C
:100EC00010B50C0000234B720B734A6001330B7298
:100ED00000F082FE0A21F4F789FD6181002010BD37
:100EE000002801D0002303720020704770B5050070
:100EF0000C004B7B01334B730B6902219847637BDA
:100F0000092B05D90723237296239B00638170BDAB
:100F10002000FFF7E5FF2369012128009847F6E745
:100F200070B505000C000B7A062B05D00B7B002B4F
:100F30000AD0FFF7DBFF70BD0800FFF7D1FF236980
:100F4000022128009847F6E70431FEF7A3FE642348
:100F50002373F0E770B505000C000B7A052B06D85B
:100F6000042B0ED2013BDBB2022B09D801E0072B88
:100F700006D12000FFF7B4FF23690221280098471B
:100F800070BD06230B72FBE710B5C46B03E02000B5
:100F9000FFF7A6FF2468002CF9D110BD70B5354BC2
:100FA0001D6861E0072B02D16389002B53D02468B0
:100FB000002C58D0237B002B01D0013B2373638985
:100FC000002B01D0013B6381237A042BEAD8032B49
:100FD00021D2013BDBB2012BE9D86389002BE6D19A
:100FE00002332372211D2800FEF73CFE637A013391
:100FF000DBB26372022B06D90323237200236372D0
:1010000014336381D3E700F0E7FD0A21F4F7EEFC27
:101010000A316181CBE76389002BC8D1637A002B49
:1010200003D10433237200236373211D2800FEF7CC
:1010300031FE14236381637A0133DBB26372012BC7
:10104000B5D90523237200236372638123690021CC
:1010500028009847ABE72000FFF742FF23690121F2
:1010600028009847A3E72D68002D01D0EC6B9FE77F
:1010700070BDC046CC9C022070B584B006000D0047
:1010800001002E3106226846F5F790FA29000E314C
:10109000042203A8F5F78AFA29001831042202A8CD
:1010A000F5F784FAF46B17E0002B14D0039B626809
:1010B00093420CD0002B0ED1029B9A420BD12900F7
:1010C00008310622684605F03BF8002803D02100CD
:1010D0003000FFF70BFF2468002C17D0237A032B76
:1010E000E2D9043BDBB2022BF5D8039A63689A423B
:1010F000F1D1290008310622684605F021F80028C0
:10110000E9D021003000FFF70BFFE4E704B070BD29
:10111000F8B507000D00160000291FD00B68002B42
:101120001CD0002A1AD01368002B17D0C46B00E023
:101130002468002C12D061682B689942F8D11B04F6
:101140001B0C074A9342F3D133681B041B0C9342D8
:10115000EED021003800FFF7FDFEE9E7F8BDC046FC
:10116000A9FE000070B504000E0043890E2B20D9A3
:101170004068037B457B2D021D43E37B002B03D19D
:101180003833CB5C0133E3730378DA070BD5012BDB
:1011900014D01F49062204F0D3FF002803D1637B3B
:1011A000082213436373082D13D0C123DB009D4233
:1011B0001ED02000F8F7B8FC002070BD4378002B4B
:1011C000F1D183785E2BEED1637B102213436373DE
:1011D000E9E73523F35C1B07EBD50E212000F8F778
:1011E00071FC0028E5D131002000FFF7B7FBE3E7F1
:1011F0003523F35C1B07DCD50E212000F8F762FCD9
:101200000028D6D131002000FEF792FAD4E7C0467C
:1012100014B80110F8B5CE46474680B507000E0059
:101220009046994608AB1888F7F77FFE04000E2118
:101230003000F8F741FC00281CD175682C73240A93
:101240006C73062249462800F5F7B0F9A81D06225E
:101250004146F5F7ABF93423FB5C062B07D1BB699C
:10126000310038009847C0BCB946B046F8BD0348C5
:10127000F3F72CFA02204042F5E7C046449B0110E8
:1012800010B5002905D0FA2292000023F4F7ECFBF8
:1012900010BDFA218900F4F7A9FBF9E710B5002B7E
:1012A00002DB0260436010BD024B034A03483F214A
:1012B000F3F774F96C6A01101CB80110886A011008
:1012C00070B582B0060014001D00FA2292000023BF
:1012D00006980021F4F73AFF02000B0012196B4147
:1012E000002B09DB6846FFF7D9FF009A019B3260AB
:1012F0007360300002B070BD01225242004BF1E732
:10130000FFFFFF7F10B5064B8B4202D1FCF74EFB6F
:1013100010BD044B044A05481821F3F73FF9C046B5
:10132000580E0020789B011034B80110989B0110D2
:1013300010B582B00400F2F793FB02000B00684680
:10134000FFF7ACFF009A019B22606360200002B0AF
:1013500010BD30B585B004000D0002A8FFF7E8FF0E
:10136000029A039B00952000FFF7AAFF200005B01A
:1013700030BD000030B583B00400134B994213D147
:1013800001230B72FCF73CFB0100431C12D10F4BF5
:101390000F4A106851689860D96023685B690B49EF
:1013A0002000984703B030BD0A4B0B4A0B481D2163
:1013B000F3F7F4F8054D6846FFF7CBFF009A019B61
:1013C000AA60EB60E9E7C046700E0020580E0020CE
:1013D000D8B00110F89B01104CB80110989B011077
:1013E00010B50400094B1B78002B08D008490123D5
:1013F0000B722368DB6920009847012010BDF7F7C6
:1014000086FD024B01221A70F0E7C046C6A70220F3
:10141000700E002010B5040003689B6903499847CB
:1014200023681B6A02492000984710BD580E00200F
:10143000700E002000207047704700B583B06846EA
:10144000FFF776FF00980199FFF71AFF03B000BD80
:1014500002000B000449086849685040594008439D
:1014600043425841C0B27047D8B0011010B5002BAC
:1014700002DB0260436010BD024B034A03483F2178
:10148000F3F78CF86C6A011060B80110886A0110DB
:1014900010B582B00400F2F7E3FA02000B006846D0
:1014A000FFF7E4FF009A019B22606360200002B016
:1014B00010BD02000832836801E01A001B68002B8F
:1014C00004D013688B42F8D1002002E011600B6059
:1014D0000120704702000832836801E01A001B688F
:1014E000002B06D013688B42F8D10B6813600120E3
:1014F00000E000207047021D436801E01A001B68ED
:10150000002B04D013688B42F8D1002002E0116058
:101510000B6001207047021D436801E01A001B6840
:10152000002B06D013688B42F8D10B6813600120A2
:1015300000E0002070470000F0B585B0050080682D
:1015400000282AD002A8FFF7A3FF029E039F0835B8
:101550000023019306E0134B134A14484221F3F78A
:101560001DF825002C68002C11D0A268E36830001B
:101570003900801A99410029F3DBA668E76830003A
:101580003900FFF765FF0028E5D10195E9E7019AE9
:10159000002A04D010680368136005B0F0BD0198FC
:1015A000FBE7C046289C011078B801104C9C011044
:1015B000F0B50E4B1E685F68836804E0002A01D115
:1015C00000290CD16346002B0CD01A6894469C6805
:1015D000DD6831003A00091BAA41002AEEDD9E6851
:1015E000DF68EFE706614761F0BDC046D8B0011083
:1015F00070B506000D0002E04B68280098472800EF
:10160000FFF79AFF011EF7D16C6800E02468002CF8
:1016100009D0237A002BF9D00023237263682100BC
:1016200028009847F2E72800FFF7C2FF2A696B6994
:1016300032607360300070BD70B50F4C0F4D2418D0
:101640004D41A900A00F0843A90F604069400C4A12
:101650000C4BF4F77BFD4A01C30E1343CA0E5840EE
:101660005140094A094BF4F771FD4A00C30F134377
:10167000CA0F5840514070BD157C4A7FB979379EDA
:10168000B9E5E41C6D4758BFEB113113BB49D09449
:10169000F0B5C64600B584B002000B0013498C4675
:1016A0001BE0614601C900908C4600210191910E1A
:1016B0009F010F439601009801998019794102908A
:1016C0000391110C1D040D43140402980399001991
:1016D0006941801A994102000B0005498C45E0D907
:1016E0001000190004B080BCB846F0BD001C0420F6
:1016F000FF1F0420F0B5CE46474680B583B0804634
:10170000036844680093019403008068D96801E08D
:10171000F2F7A6F9009C019D23002B4302D10300A0
:101720000B43F5D0009C019DA60FAB003343A200F4
:101730002E002500AD185E412C003500730E994631
:10174000E3019C464B46624613431E00620EEB01CA
:101750001A431700730F9C46D30064462343F200DC
:1017600092197B41009C019D604069402E0A27062A
:101770003E43009D2C0A019D2D062C43350045401B
:101780004C40070C0E043E4307047D40744046461F
:10179000356074604C01C50E2C434001C90E0843EE
:1017A000B460F0601000190003B0C0BCB946B04688
:1017B000F0BD000010B5002B02DB0260436010BDDD
:1017C000024B034A03483F21F2F7E8FE6C6A01101E
:1017D000A8B80110886A011010B582B00400F2F7B1
:1017E0003FF902000B006846FFF7E4FF009A019BF7
:1017F00022606360200002B010BD000010B582B00E
:1018000004000498059912184B41002B09DB684627
:10181000FFF7D0FF009A019B22606360200002B0B6
:1018200010BD01225242014BF1E7C046FFFFFF7F8E
:1018300070B584B0040016001D0002A8FFF7CCFFAD
:10184000029A039B009601952000FFF7D7FF200026
:1018500004B070BDF0B5DE4657464E464546E0B58D
:1018600085B082464B4B9B69DB040FD54A4BDA6B44
:10187000E0231340402B09D0EFF305839B4600285B
:101880000AD0002301930026002773E0434B444A0B
:1018900044488121F2F782FE434B414A4148862168
:1018A000F2F77CFE414B18685968F1F7E3FFEFF35C
:1018B000108572B63E4B1B68002BFBD0BFF35F8FC9
:1018C0003A4B1A685B68904516D0BFF35F8F384B70
:1018D00000221A6085F310884B46002B47D1334B0A
:1018E0001A6890465C685B46002BDBD02F4B18686B
:1018F0005968F2F7C1F8DAE7A342E6D130003900BF
:1019000080197941234BDA690123134003431E00F8
:101910000F00264C0A22002302A8FFF789FF029A33
:10192000039B226063605346013B019A93421BD1A3
:10193000204A514620390DD413688B401268514615
:101940008A403B4316431F001A4B1E605F60012311
:101950009946BAE7202351465B1A1168D94053686B
:10196000504683400B43E9E701239946ADE7019BCD
:1019700001330193019B534502D200239946AEE700
:101980003000390005B0F0BCBB46B246A946A046BF
:10199000F0BDC0460000064000800040BC9C011025
:1019A000C0B80110849D01101C730110901000201C
:1019B000300100D0E00E002030B587B03A4C2068EE
:1019C0006168FFF765FE20606160FFF735FE029AEF
:1019D000039B424002924B4003936846F5F79EFA00
:1019E00000980199FFF728FE049A059B4240049253
:1019F0004B4005934020FFF72DFFFFF71DFE029A95
:101A0000039B424002924B400393F2F729F8FFF701
:101A100013FE049A059B424004924B400593EFF35A
:101A2000108472B6214B1B68002BFBD0BFF35F8F75
:101A30001F4B1B78002B27D10022032A09D8531CE7
:101A4000DB001C498C4663445B681F2B03D00132CA
:101A5000F3E701225242531C1FD0174B1A70FF2389
:101A600013400133DB00134A9446634405225A6055
:101A700002AD2800FFF73EFE104810222900F4F7BF
:101A800095FD0B4B01221A70BFF35F8F074B0022AD
:101A90001A6084F3108807B030BD094B094A0A4820
:101AA000E921F2F77BFDC046E80E0020300100D0AE
:101AB000D2A7022000000340C1A70220F00E0020A0
:101AC000DC9D0110E0B80110849D0110F0B585B0D7
:101AD0003A4B1B78002B00D166E03949102268464A
:101AE000F4F764FD374B1D78EDB2F1F7B9FFFFF75E
:101AF000A3FD009A019B424000924B4001930120BC
:101B0000FFF7A8FEFFF798FD029A039B424002925E
:101B10004B4003932C4B1A78531CDB002B4958582D
:101B20002B4B984243D00021FFF786FD009A019B82
:101B3000424000924B400193EFF3108672B6254B62
:101B40001B68002BFBD0BFF35F8F1E4B1B78AB4293
:101B500010D0009801991A4A15685468684000909E
:101B600061400191029803999568D4686840029099
:101B7000614003916846FFF7BDFD05000C00104869
:101B800010226946F4F712FD0E4A13780133DBB2D6
:101B90001370BFF35F8F0F4B00221A6086F310881B
:101BA0002800210005B0F0BDFFF706FF95E70132E0
:101BB000D2000B000021D150B5E7C046D2A70220C9
:101BC000F00E0020C2A70220C1A70220000003409F
:101BD000FFFFFF00300100D010B5FFF777FF10BD09
:101BE000084B5B6A994209D8064A926A824207D238
:101BF000994201D0012002E0002000E0002070475F
:101C00000120FCE700400540033006280FD8800083
:101C1000094B1B589F46094870470948FCE709488B
:101C2000FAE70948F8E70948F6E70948F4E70948F8
:101C3000F2E70948F0E7C046F0B80110E89D01104E
:101C4000FC9D0110049E01100C9E0110189E0110B5
:101C5000289E0110349E0110F49D011010B5002B38
:101C600002DB0260436010BD024B034A03483F2180
:101C7000F2F794FC6C6A01100CB90110886A01102B
:101C800070B582B0060014001D00FA2292000023F5
:101C900006980021F4F75AFA02000B0012196B4162
:101CA000002B09DB6846FFF7D9FF009A019B3260E1
:101CB0007360300002B070BD01225242004BF1E768
:101CC000FFFFFF7F10B582B00400F1F7C9FE0200EC
:101CD0000B006846FFF7C2FF009A019B2260636019
:101CE000200002B010BD30B585B004000D0002A880
:101CF000FFF7E8FF029A039B00952000FFF7C0FF63
:101D0000200005B030BD0000014B18607047C04690
:101D1000007E0120F0B5CE46474680B585B005006F
:101D2000894614001E00002A1BD0280004F0C2FAC5
:101D30008046002C17D0200004F0BCFA03000B4FA3
:101D40000122524203924A460292019600942A00CE
:101D50004146380003F006F905B0C0BCB946B046AC
:101D6000F0BD0026E1E70023E9E7C0468C7F0120B3
:101D7000014B18687047C046800E002010B50A4B12
:101D80000A4A9B5C002B09D0FFF7F2FF0300064CC8
:101D900001220021200003F07FF810BD044B054A0A
:101DA00005482021F2F7FAFB8C7F0120780800001B
:101DB0003C9E011048B90110609E0110014B18684B
:101DC0007047C046007E012010B5044B18680368B8
:101DD0009B6A002B00D0984710BDC046007E0120B2
:101DE00010B502000B00034908680168096B8847B9
:101DF00010BDC046007E0120F0B5DE4657464E4677
:101E00004546E0B583B08046894692469B460C9E87
:101E10000D9FFFF77FFF0190002839D1042515E0C1
:101E20005B46524649464046FFF774FF002841D1C1
:101E3000033416E030003900FFF7D2FE00283BD112
:101E4000FFF7C2FF30003900FFF7CAFF002D14DB97
:101E5000032D12D01A48002102F0E2FC0400831C7A
:101E6000DED0A542E6D02000FFF7CEFE0100154BE4
:101E70001800F4F72DFD2500DCE7032D08D0EB1C3E
:101E800001D06B1C0CD1033510D008235B420193A9
:101E9000019803B0F0BCBB46B246A946A046F0BDCF
:101EA000094B0A4A0A487D21F2F778FB07235B4277
:101EB0000193EDE70190EBE701235B420193E7E734
:101EC0008C7F0120C49E0110D89E011024B90110FE
:101ED000609E011030B583B01300069C079D0094EE
:101EE00001950A000021FFF787FF03B030BD70B5F0
:101EF00084B004000D001600190002A8FFF7F3FEDD
:101F0000029A039B00920193320029002000FFF700
:101F1000E1FF04B070BD000010B582B0684603F068
:101F2000FDFE0448694603F0FFFE002800D001488A
:101F300002B010BD280F002010B5FFF73FFF0400CE
:101F400003F01AFC2000FFF765FA064B9C4200D014
:101F500010BD23685B6B200098470020FFF7D4FE7C
:101F6000F6E7C046280F002070B5FFF727FF041ED4
:101F70000CD0200003F0E4FB05002000FFF730FA4E
:101F8000002D0AD0002808D0002070BDFFF7C4FF44
:101F9000041E07D0FFF7B8FEEBE7FFF7CDFF0220E6
:101FA0004042F2E702204042EFE710B50400102261
:101FB0000021F4F7F5FA80235B022360F8235B022B
:101FC00063608023DB02A360C0231B03A3602000A7
:101FD00010BD000070B504000D00FFF7E6FF6A1D9C
:101FE000636809490B40ED012B43120313436360FF
:101FF000E268D200D208802189050A43E260034AE0
:1020000013406360200070BD7F00FEFFFFFFFF9F55
:10201000002805D0D0231B06802292045A61704705
:10202000D0231B06802292049A61F8E710B50C2990
:1020300006D80368054A1340C9020B43036010BD6C
:10204000034B044A0448C321F2F7A8FAFF87FFFFB5
:10205000309F0110B8B90110509F011000B583B036
:1020600001000023019310330193134B019301A846
:10207000FFF7DCFF019B0C22190091430A000821A5
:102080000A4301920D4A1A400A4301920C4A1A402F
:102090000A4301920B4A1A401143019109210A4354
:1020A0000192094A1A400A4301920848184008431D
:1020B000019003B000BDC04610801F0033F8FFFF41
:1020C00033F8BFFF33F89FFF33F81FFF31F81FFFCE
:1020D00010B53F2906D80368054A1340C9030B43CE
:1020E000036010BD034B044A0448B521F2F756FAC9
:1020F000FF7FE0FFBC9F0110A0B90110509F0110AD
:1021000010B5094BC45821791820F0F707F9217947
:102110001D20F0F703F9012200211D20F0F716F928
:102120000020FFF775FF10BD4C08000010B504003B
:102130000520F2F711F9000C60430349F3F756FC50
:102140000338FDD210BDC0469A3B000010B50120F7
:10215000FFF75EFF6420FFF7E9FF10BD70B50500D3
:10216000194BC458002C17D00623E356002B08DB6C
:102170000522A256531C10D106216156206802F098
:10218000C7FF0720205600280CDA08202056002818
:1021900011DA0D4B0022EA5070BD0C49206803F0A3
:1021A00015F8E9E703F0FAF80720205603F0DAF80B
:1021B000FF23E371E9E703F0F1F80820205603F06C
:1021C000D1F8FF232372E4E74C080000F8B90110AE
:1021D000F0B5D6464F464646C0B588B0060006AABA
:1021E0006D4B11CB11C26D496D4802F0BFFF002845
:1021F00000D1B3E001236B4AB258002A00D0B5E009
:10220000694C684AB450990006AA88582060FF2299
:102210002272E27106332371002102F089FF40B27D
:10222000A071002800DAA7E05C495F4D286802F041
:10223000B1FF41B2697102AC2000FFF7CBFE8021F3
:10224000890202915948026830239343584A136027
:1022500003680120824698431060059B554A1A4046
:10226000554802430592554A1A401043C0221203B2
:1022700002430592524A1A4052481043524A0243BE
:102280000592F822D2011340504A1A4380239B053D
:1022900013430593039A4E4B1A40904603924D4BBD
:1022A0009C46059304984C4B0340802252021343F2
:1022B00004934A4B184002430A4304922968383178
:1022C00080239B010B438021490419602868062163
:1022D0006956029C4B005B18DB00C318C827B9463F
:1022E00099444F463C601C00CC3447462760043478
:1022F0002260DC3362461A60534600931D2202F0CE
:10230000DFFF29791820F0F709F8012200211820B1
:10231000F0F71CF801211820F0F732F82B6806219D
:1023200069564A005218D2009B18D8332C4A1A60BA
:10233000002003F021F8E871002003F01DF840B2FE
:1023400028720723EB56002B1CDB00281ADB002029
:1023500008B0E0BCBA46B146A846F0BD0F492148D6
:1023600002F004FF002813D0002344E71E4B1F4A4D
:102370001F486621F2F712F93000FFF7EFFE062042
:102380004042E5E73000FFF7E9FE06204042DFE784
:1023900006204042DCE7C0460CBA0110F8B9011033
:1023A000000030504C080000247F012078C001401C
:1023B00078D00140E0FF0FFC18001000E07F00FC27
:1023C000007C00E018001C000003000418031C043B
:1023D000FFFFFF9F18771C24FFFF0AFEFFFF00C0CE
:1023E00001E0000000002050D09F0110E8B901106A
:1023F000E09F0110F0B5DE4657464E464546E0B533
:1024000087B00F0015001E00002900D152E1C04B1B
:10241000C458FFF775FE002E00D195E1002F00D1C2
:102420004EE1AB0700D058E1B846BF0700D05AE1F3
:10243000B30700D05DE1109B9B0700D05FE12268ED
:1024400006216156136801273800884083431360D2
:1024500021680623E3569C460523E35603935A1D41
:102460009246624650008218D2008A18CC32136815
:10247000A84A13401A00039BDB0113435246120380
:1024800013436044C0000918CC310B602268062158
:1024900061564B005B18DB00D033D21880235B0100
:1024A0001343802212061A601A60062161568022A8
:1024B00052042068130002F0B5FE22680623E3569A
:1024C00004333900994080239B011A43116021682D
:1024D0000622A2560832380090400B43186021684B
:1024E0000623E356EA00013A04339B005A5023685E
:1024F000062161564A005218D2009B18D833864AEA
:102500001A6021680623E356109A521BD200013A42
:1025100004339B005A502368062161564A00521822
:10252000D2009B18D8337D4A1A60236806202056B3
:102530000522A2561F21114042001218D2009B18FA
:10254000D83319600722A2563B009340A020C00553
:10255000734943509301A021C9058C466344DB684D
:10256000DB01F7D40821615601238B4060466C4A99
:1025700083508B01A022D20594466344DA688023FD
:102580005B0417001F401A42F3D107202056FFF7C3
:1025900065FD04908023DB03034304932268062136
:1025A0006156604B9A4200D1AFE00823C91804A8D5
:1025B000FFF78EFD0723E35621680622A256043258
:1025C00092008A18A9088A469B01A021C9058C4659
:1025D0006344414619605A6052469A60049ADA6030
:1025E00008202056FFF73AFD05908023DB030343C4
:1025F000059322680621615604314A4B9A4200D065
:102600000827C91905A8FFF763FD059B20221900BB
:102610001143059110218B43134305930823E3567F
:1026200072192068062161560831890041181098F6
:10263000870850463F1A9B01A020C005844663448A
:1026400019605A609F60059ADA6022680620205659
:102650001168012383400B4313600722A2569101A6
:10266000A023DB059C4661440B69DB01F7D40822FB
:10267000A2569101A023DB059C4661440B69DB0156
:10268000F7D42A0000213000F3F78AFF23680621DF
:1026900061564A005218D2009B18D833224A1A6059
:1026A000FFF754FD002007B0F0BCBB46B246A94678
:1026B000A046F0BD002B00D0A9E605204042F2E77D
:1026C000002D04D0109B9D4201D23700A9E6174B84
:1026D000174A1848EB21F1F761FF174B144A1548C8
:1026E000F121F1F75BFF154B114A1248F221F1F786
:1026F00055FF134B0E4A0F48F321F1F74FFF114BD3
:102700000B4A0C48F421F1F749FF3B004EE7C04665
:102710004C0800007F00FEFF2060000040600000C9
:10272000440400000000205003A000004CA0011051
:10273000D4B90110E09F011070A0011084A0011015
:102740009CA00110B4A00110002F9FD0BA46BF0773
:1027500000D0E3E0AB0700D0E7E022680621615635
:1027600013680127380088408343136023689B4621
:10277000062020560526A657731C9C4641000B18C0
:10278000DB005B44CC331B6898466B4B42461A40D7
:102790001300F60133436646360333430918C90074
:1027A0000A005A44CC3213602268062161564B005D
:1027B0005B18DB00D033D21880235B0113438022E7
:1027C00012061A601A60062161568022520420689F
:1027D000130002F027FD22680623E3560433390074
:1027E000994080239B011A43116021680622A2565A
:1027F0000832380090400B43186021680623E356E6
:10280000EA00013A04339B005A50236806216156BE
:102810004A005218D2009B18D833484A1A602268DE
:102820000623E35604339B000021995023680621B8
:1028300061564A005218D2009B18D833404A1A6099
:102840002368062020560522A2561F21114042006F
:102850001218D2009B18D8331960072020568740E1
:10286000A022D205374BD7508301A022D20594462F
:102870006344DA6880235B0417001F401A42F3D1D7
:1028800007202056FFF7EAFB05908023DB03034374
:1028900005932268062161562B4B9A4200D00827E7
:1028A000C91905A8FFF714FC0723E356216806227F
:1028B000A256043292008A18AD089B01A021C905D6
:1028C0008C466344514619605A609D60059ADA60EF
:1028D0000622A25618320123190091400A002168ED
:1028E0008A602068062565570168AB400B4303608A
:1028F00023689B681A42FBD02168062020560B688B
:102900000122824093430B60062161562068002318
:1029100000930133182202F0D3FCB7E60B4B0C4AAC
:102920008F210C484900F1F739FE0B4B084A202152
:102930000848FF31F1F732FE7F00FEFF2060000003
:1029400040600000440400000000205084A00110FA
:10295000D4B90110E09F011070A0011030B589B00A
:1029600001291CD0002409078025ED052943D20246
:102970000D4D2A400A43134302932300083300936A
:1029800002AB04220021FFF735FD002805D1002C01
:1029900007D005239B0002AA985809B030BD102427
:1029A000E1E70123F6E7C04600F8FF0F30B585B038
:1029B0000D07C02424062C43D2020E4D2A40224388
:1029C000089C224302920393012907D0002300931D
:1029D000082202A9FFF70EFD05B030BD0649082404
:1029E000445008394250054A83508268044BC25013
:1029F000ECE7C04600F8FF0F58080000540800003C
:102A00005C08000010B51720EFF7CCFDD024240699
:102A100080231B046362002201211720EFF796FC3C
:102A20001820EFF7BFFD80235B046362A3611920C8
:102A3000EFF7B8FD80239B046362636110BD70B53E
:102A4000D024240680252D04A5611420F0F777FFFB
:102A50006561FA20F0F773FF1820EFF7A3FD8023DC
:102A60005B04A36270BD000070B584B005000E0069
:102A700014000822002102A8F3F792FD012E18D0BD
:102A800036078023DB053343E2020D490A40134336
:102A9000042213435BBA02930823009302AB002184
:102AA0002800FFF7A7FC002801D1039840BA04B022
:102AB00070BD044B044A84210448FF31F1F76EFDD8
:102AC00000F8FF0FC8A001108CB90110E09F0110A1
:102AD00010B50423FFF742FF10BD10B50223FFF726
:102AE0003DFF10BD10B50123FFF738FF10BD0000FA
:102AF00010B584B00C07C02109062143D202084C4E
:102B000022400A4304210A4352BA02A902925BBA44
:102B10004B60002300930822FFF76CFC04B010BD4B
:102B200000F8FF0F10B582B004240094FFF73EFFB9
:102B300002B010BD10B582B002240094FFF736FF3A
:102B400002B010BD10B582B001240094FFF72EFF33
:102B500002B010BDF0B5CE46474680B583B00C003C
:102B600091461D00012943D00027EB1C03218B4314
:102B70005E1EFF21C9008E4245D2060028360A9902
:102B80008E4205D004D82A4A81180A9A914241D827
:102B9000002F46D000212407A0468024E405A44647
:102BA000444662461443A4464A46D202214C22407F
:102BB000644622432A430431890041180C1D4A60AF
:102BC000FF1804370097230004220021FFF712FCAE
:102BD000071E28D10A9B9E4204D02A00310018000B
:102BE000F3F7E4FC380003B0C0BCB946B046F0BD12
:102BF000402B01D81027B8E70F4B104AE8211048A6
:102C0000FF31F1F7CBFC0F4B0C4AF5210C48490082
:102C1000F1F7C4FC0C4B094AEC210948FF31F1F7EC
:102C2000BDFC0421B7E709483900F3F751FED9E7A5
:102C30002808000000F8FF0FE4A0011078B9011087
:102C4000E09F011024A101104CA10110B0A10110BE
:102C5000F0B5D646474680B583B005000F009046D4
:102C60009A46012933D05346DE1C03239E43721E2D
:102C7000FF23DB009A4232D2022F37D028002830BF
:102C80000A9B984247D00A9B984204D82F4BEB18D6
:102C90000A9A934254D83F07C0231B063B4342463F
:102CA000D2022B490A401343524613436B620A99DE
:102CB000F3F77CFC29002431321D00230093280007
:102CC000FFF798FB03B0C0BCBA46B046F0BD402B3E
:102CD000C9D9204B204A21482149F1F75FFC214BFB
:102CE0001D4A81211D488900F1F758FCFA24A400EF
:102CF0002300013C002B06DD082200212800FFF7FD
:102D0000E7FE8006F4D5002CB8DC1748F3F7B0FDD9
:102D100006204042D6E73F07C0231B063B434246FE
:102D2000D2020B490A40134352461A436A622900F1
:102D30002431321D002300932800FFF75BFBC1E71D
:102D40000A4B054A05480A49F1F728FC2808000003
:102D500000F8FF0FE4A0011064B90110E09F01101A
:102D60000202000024A1011000A70110CCA1011053
:102D70001E020000012805D0022801D00020704763
:102D80000148FCE70148FAE700401018003010182D
:102D9000F8B507000C0016001D000B884988C943D0
:102DA0000904090C8B422FD10B2B33D9817B227A5A
:102DB000914235D1237ABB7362790F231340022BE2
:102DC00006D8627A7B7BD31ADBB2142B00D87A73D5
:102DD00020880C2828D062790F231340012B4DD076
:102DE000022B34D0002B74D11B2823D9E379E318AC
:102DF0009A68110C3F8A8F4222D110331C1B041B8E
:102E000034602B60002069E03848F3F731FD022080
:102E1000404263E03648F3F72BFD032040425DE07B
:102E20003448F3F755FDC5E73348F3F721FD042097
:102E3000404253E03148F3F71BFD052040424DE08E
:102E40002F483A00F3F744FD0620404246E01028A0
:102E50000ED9E379E3189A78D978890004315B18A0
:102E60001C1B001BD407044334602B60022035E098
:102E70002448F3F7FDFC072040422FE010281CD91E
:102E8000E379E318DA78920004329B181C1B001BCC
:102E90001A7B882A23D15A7B6C2A23D1DA7C002A18
:102EA00011D11A7D102A0ED15A7D182A0BD118384B
:102EB000306018332B60012010E01348F3F7D8FC82
:102EC000082040420AE01148F3F7D2FC0A204042B1
:102ED00004E00F48F3F7CCFC0B204042F8BD09207A
:102EE0004042FBE709204042F8E7C04618A2011023
:102EF00030A201104CA2011074A2011094A2011082
:102F0000B8A20110E0A2011000A3011020A301103B
:102F100030A30110F8B5CE46474680B50700B02370
:102F2000C35AB42286589919026C914207D80400FA
:102F30003C34E418A61900239946984606E001237C
:102F40005B4283602DE0A04602356419B44212D280
:102F500022786578AB1CE318B342F5D8302AF2D05A
:102F6000DD2AF1D1A01C1149D93A03F0E9F8002873
:102F7000EAD1A146E8E74346002B00D004234A46A5
:102F8000002A01D0022213434C22BA5AD20601D59C
:102F9000012213438421785AFF2202407A52882268
:102FA000BB54C0BCB946B046F8BDC0463C2D051068
:102FB000F8B58E1E033080080A00330006E014883E
:102FC00055882D042C4310C3043201380028F6D153
:102FD000881E0B885BBA0B8043681A0E190AFF27FC
:102FE0003F0239400A431902FF252D0429400A43B4
:102FF0001B061A4342608368190E1C0A3C40214399
:103000001C022C4021431B0619438160C468230E17
:103010009C46230A3B4067463B4327023D402B43E7
:1030200024062343C360452A01D03000F8BD082997
:10303000FBD13000FFF76EFFF7E70000F8B5CE4692
:10304000474680B505008946002916D10024260090
:103050001E4F23003A0001212800FFF773FD2300D3
:103060003A0001212800FFF76DFD4B46002B06D0EA
:1030700003239846032700240FE00124E7E70123F8
:1030800098460027F7E7012002F002FC33000F4AC0
:1030900001212800FFF756FD01343F2C0DDC0B4ABF
:1030A00001212800FFF71EFD0028ECDB434603400A
:1030B000BB42E8D1FF28E6D003E005484946F3F7D4
:1030C00007FCC0BCB946B046F8BDC0461F000100B1
:1030D00040A3011010B501235940C9B2FFF7AEFF5C
:1030E00010BD000010B5012906D1012B0BD0042B17
:1030F0000CD1FFF7EDFC10BD084B094A922109489D
:103100004900F1F74BFAFFF7EDFCF4E7064B044AF0
:10311000942104484900F1F741FAC04664A3011024
:103120006CBA011080A30110D8A3011010B50129B9
:1031300007D1012B0CD0042B0ED1029BFFF7F2FC20
:1031400010BD094B094A972109484900F1F726FAB1
:10315000029BFFF7F7FCF3E7064B044A992104486A
:103160004900F1F71BFAC04664A301105CBA0110D4
:1031700080A30110D8A3011030B583B00500CC0B9B
:10318000E4038368A34211D0634080225204934237
:103190000ED2AB686340FF221204134210D1AB6819
:1031A0006340FF221202134213D1AC6003B030BD62
:1031B000230E009301230B4A0121FFF7B7FFE8E735
:1031C000230C00930123084A01212800FFF7AEFFDA
:1031D000E5E7230A00930123044A01212800FFF7B1
:1031E000A5FFE2E70C0001000B0001000A0001004E
:1031F00070B505000C001600FFF7BEFF6404640CF8
:10320000802212022243330001212800FFF76AFFC7
:103210000400C02149052800FFF7AEFF200070BD63
:1032200070B504000800FFF7A5FD80231B01C51839
:10323000012229002000FFF7DBFF012229002000E6
:10324000FFF7D6FFC00701D5002070BD0248F3F795
:103250000FFB06204042F8E7E4A3011070B505001B
:103260000800FFF787FD04008123DB00C11801225D
:103270002800FFF7BDFF03230340012B09D1802362
:103280001B01E11801222800FFF7B2FFC00704D498
:1032900070BD0448F3F7ECFAF1E70248F3F7E8FAF7
:1032A000F6E7C04600A40110F0B583B005000C009D
:1032B00016001F00FFF760FF6404640C80221202F6
:1032C00022430097330001212800FFF72FFFC02180
:1032D00049052800FFF750FF03B0F0BDF8B5040022
:1032E0000D001600FFF79CFF2800FFF743FD0500C7
:1032F0008123DB00C718002E26D0232301223900AA
:103300002000FFF7D1FF012239002000FFF770FFF6
:1033100080231B01E918002301222000FFF7C4FFCE
:10332000012002F0B5FA002E10D02123012239002D
:103330002000FFF7B9FF012239002000FFF758FFF6
:10334000012002F0A5FAF8BD0323D7E70123EDE73A
:10335000F0B5DE4657464E464546E0B585B0814657
:10336000039114009B461300FF33FF2293439846BA
:103370005B46002B2FD140230293039B002B4AD1A5
:103380005B46002B2FD10E9B9C466444484BE518AE
:10339000C8239B001F00103FEA181100123909785A
:1033A000113A167836020E43FA225200964234D26F
:1033B000EB18133B1B78002B2FD15024A64221DDA4
:1033C000381B033828183B49092202F03FFF002828
:1033D0001AD00134F2E780252D0137482900F3F790
:1033E00077FA0295C9E7661E760A4D4628350E9B88
:1033F000991901390222280002F0F0F9013E730206
:10340000E31AC7E701246442631C06D03F1B033F55
:10341000E819F3F72DFA002425E02848F3F728FAF5
:10342000062040423DE0029E039BE1184D046D0CD6
:10343000AA1980231B029A421ED84846FFF79CFE19
:103440005B46002B1FD10E9B9A46A244802212029B
:103450002A4353460093330001214846FFF7F8FB07
:1034600000281ED13C0044451AD2029B1F19474533
:10347000D9D943461E1BD7E7114B124AAA2112483D
:10348000FF31F1F78BF828234B449A46610A0E9BD3
:103490009C466144029B5A0A504602F09FF9D5E7C8
:1034A000002005B0F0BCBB46B246A946A046F0BD20
:1034B000E0FCFFFF4CA4011014A4011058A401105B
:1034C00080A4011044BA011080A301100160002300
:1034D0008360037301224273837303820022827428
:1034E000C274014A835070474C08000010B5FEF7C3
:1034F00035FE10BD10B50400002909D0837C002BD7
:1035000000D110BD002383740121FFF7E3FDF8E72C
:1035100001F09AFBA37C002BF3D100212000FFF7E0
:10352000D9FD0123A374ECE7F0B585B00700039142
:103530001600C37C002B05D1006801F07DFB00283C
:1035400000D189E000213800FFF7D4FFFB7C002B7D
:103550000ED000240020FA239B009C422CDA082283
:1035600000213800FFF7B4FA431C25D10134F2E7FB
:10357000042200213800FFF7B0FA040085B2394B6D
:103580001B88AB4202D08623034208D1002D0CD108
:10359000344B1D80A406DCD40120404238E00104F5
:1035A000090C3148F3F794F9F0E72B0004220021CD
:1035B0003800FFF7BFFAEBE7431C50D0C30538D5FE
:1035C000430A5B055B0D591EC022D200914221D2F5
:1035D00080071FD43C0028340094002202213800C8
:1035E000FFF7B8FA002813D1398D002902D17B8D5D
:1035F000002B23D00123FB747A8D080050401B4B15
:10360000984223D13300039A21003800FFF7C0FB12
:1036100005B0F0BD16481900F3F75AF90123154A11
:1036200001213800FFF78EFA0023FB74012040428D
:10363000EEE70023FB7401204042E9E70E48F3F770
:1036400017F90023FB7401204042E1E70B48F3F730
:103650003FF901204042DBE701204042D8E701204A
:103660004042D5E7B0A70220C8A40110FFFF000028
:10367000F4A401100D00010014A5011030A50110E3
:1036800010B582B0040014E000980199FFF790FC97
:103690000100200001F0DEFA0BE0009AD10F019B3F
:1036A00052005208206801F06BF802E00948F3F775
:1036B0000FF901AA69462000FFF736FF0100030059
:1036C00009330B2BF2D89B00034AD3589F4602B014
:1036D00010BDC0465CA5011014BA0110F0B5D64665
:1036E000474680B587B005008A4603921E00002930
:1036F00001D0022966D100212800FFF7FBFEAB7B39
:10370000002B27D16A7B2B7B9A4223D0039B0C335F
:103710009AB23280D24372802A7B327152467271E1
:103720000022B2715246022A4AD00C22F2710022C3
:1037300032727272B272F2722A7B01322A7300966E
:10374000002202212800FFF783FA07B0C0BCBA4666
:10375000B046F0BD1D4B9B6A98461D4F474411E093
:1037600004980599FFF724FC0100280001F072FA83
:1037700016E04346E41A174B9C4219D8FA20800001
:1037800002F072F8114B9C6AE21B134B9A4200D96B
:10379000270005AA04A92800FFF7C6FE0128DFD0EC
:1037A000A97B0029E5D16A7B2B7B9A42E1D0ADE76A
:1037B0002A7B6B7B0948F3F78BF801204042C4E772
:1037C0000C32B3E705204042BFE7C0460040054049
:1037D0006079FEFF40420F009F86010078A501102E
:1037E00070B505001400180004AA137826001236DC
:1037F0008022120196421FD836222026AE5400267F
:103800002A00363256709170D670002B0DD0A2B2BD
:10381000002329003A31F6F790FB2B002833A21D34
:1038200002212800FFF75AFF70BD22000100280086
:103830003A30F2F7BBFEF0E705204042F4E770B5FE
:1038400005001E0018001C3080231B0198421ED862
:103850002C8A0134A4B22C8224040C43059B1B0344
:103860001C436A6333041B0CAB63EC6300232B64BF
:103870002800443032000499F2F798FE2B002833D8
:103880003200103200212800FFF728FF70BD05200C
:103890004042FBE7F0B5CE46474680B585B005000F
:1038A000884691461F000D9B01930C9B00933B00A3
:1038B000FFF7C5FF234B9E6A14E0029ABA4200D973
:1038C0003A0003990C9802F05FFC34E002980399E7
:1038D000FFF76EFB0100280001F0BCF9FA20800020
:1038E00001F0C2FF174B9C6AA41B174B9C421AD8CD
:1038F00003AA02A92800FFF717FE041EDDD0012845
:10390000E4D0022806D00028E8DB10482100F2F7B6
:10391000DFFFE3E7029AD10F039B520052082868A9
:1039200000F02EFFDAE70A483B004A464146F2F72C
:10393000CFFF01246442200005B0C0BCB946B046A8
:10394000F0BDC046004005403F420F009CA501105D
:10395000C8A5011030B583B014004D004A080221FB
:103960002940069D019500932300FFF793FF03B0C4
:1039700030BD0000F0B5DE4657464E464546E0B540
:1039800083B005008A469046442399468144002628
:103990002AE02B4F8023DB009B46B344C3452AD249
:1039A0008024E400274908224846F2F7FFFD4C2313
:1039B000EF5202330222EA522C6500276F6528007D
:1039C0005830310051442200F2F7F0FD23001B3340
:1039D000072293430132019749460091FF320221A9
:1039E0002800FFF757FF5E4646450AD2002ED0D08A
:1039F00080277F01CEE704231F43BFB243469C1BB1
:103A0000D0E7114913224846F2F7D0FD8322002364
:103A100001934B4600931323520000212800FFF727
:103A200039FF6B6C002B06D103B0F0BCBB46B2462D
:103A3000A946A046F0BD0548F2F71AFFF4E7C046D4
:103A400002100000442D0510502D0510F0A50110A6
:103A5000F0B5D6464F464646C0B582B007008A4606
:103A600014009946442398468044080002F022FC42
:103A70000600451C2A0051464046F2F797FD454492
:103A80002C70230A6B70230CAB70240EEC70731D2A
:103A900008224946019141460091FF320221380037
:103AA000FFF7F8FE02B0E0BCBA46B146A846F0BD4A
:103AB000F0B5CE46474680B583B00500884616006F
:103AC000994607004437080002F0F4FB441C3819FB
:103AD0003200494602F058FB220041463800F2F716
:103AE00065FDA31908220A9901910097FF3202216E
:103AF0002800FFF7CFFE03B0C0BCB946B046F0BD0A
:103B000070B582B00400443444254255160A01358C
:103B10004655160C01354655120E01354255019396
:103B2000009404230A000221FFF7B4FE02B070BD26
:103B3000F0B5D6464F464646C0B582B080468A4666
:103B400015001C00442343449946080002F0B2FBD0
:103B50000600471C3A0051464846F2F727FD4F44FD
:103B60003D702B0A7B702B0CBB702D0EFD70731DEE
:103B70004B441C70220A5A70220C9A70240EDC707E
:103B80003300093308220A99019149460091FF3216
:103B900002214046FFF77EFE02B0E0BCBA46B146C5
:103BA000A846F0BDF0B583B004000E000500443512
:103BB0005B4908222800F2F7F9FC33041A0CD2B250
:103BC0004C2162541B0E01316354002001316054BA
:103BD00000214F302154300C00D08FE0FF305026B0
:103BE000A0550136A0550136A0550136A0555420E8
:103BF00022545522A35400265623E6540133E1549F
:103C00004D3A01960095433BFF3202212000FFF719
:103C100041FE322001F03CFE424907222800F2F723
:103C2000C5FC8322019600958023520000212000CC
:103C3000FFF730FE2800F2F71BFE00230022402190
:103C40002000FFF75DFF3849002300222000FFF726
:103C5000FFFE3649002301222000FFF7F9FE344918
:103C6000002308222000FFF7F3FE3249002304223C
:103C70002000FFF7EDFE3049002300222000FFF76F
:103C8000E7FE2E4B9B6A6068191A2D4A914240D973
:103C900020005A301322FF21F2F782FC5C23F72226
:103CA000E254103AE25403331732E254103AE25429
:103CB00001332F3AE2540233403AE25421496D3A3B
:103CC0002800F2F773FC08220026019600952923AC
:103CD000FF3202212000FFF7DDFD322001F0D8FD88
:103CE000019600960023022202212000FFF7D2FD58
:103CF000322001F0CDFD002003B0F0BD5027E0558B
:103D0000360E5120265400205226A0550136A055CB
:103D10006DE7C01A0C4B9C46604401F0CBFDB7E741
:103D2000642D0510702D051008A6011014A60110B1
:103D30001CA601102CA6011038A601100040054059
:103D4000EF49020048A60110F049020070B582B0A8
:103D500004000D00060044360C4914223000F2F72E
:103D600025FC832200230193009614335200002186
:103D70002000FFF78FFD041E02D0200002B070BDAE
:103D8000062231002800F2F711FCF6E7782D051025
:103D9000F0B5C64600B586B005000E00B94B9B6A6B
:103DA0004360FEF715FA041E12D1FEF72BFEFEF754
:103DB00046FE092C4ADC142200212800FEF754FE9E
:103DC000B14B984208D0012001F062FD0134F0E7C8
:103DD000AE48F2F74DFD3CE0AD4B0022002128003B
:103DE000FEF786FE002834D1002200212800FEF7CD
:103DF0006FFE10231D2200212800FEF7A3FE0028DD
:103E000027D19923042200212800FEF79BFE0028D9
:103E10001FD1BE23062200212800FEF78BFE071EBD
:103E200017D108239B4A01212800FEF78BFE3C0096
:103E3000092C6BDC974A01212800FEF753FE40064F
:103E400011D4012001F024FD0134F1E79248F2F78A
:103E50000FFD9248F2F70CFD06277F42380006B0AE
:103E600080BCB846F0BD00238A4A01212800FEF735
:103E700069FE002201212800FFF7D2F90022022169
:103E80002800FFF7CDF9002202212800FFF726FACB
:103E90000323042282492800FFF706FA00230422A4
:103EA00080492800FFF700FA7F4B984600930023D3
:103EB0007E4A00212800FFF74BFAC0227C4B00937A
:103EC000002392007B492800FFF742FA7A4B042234
:103ED0007A492800FFF7E8F9002201212800FFF7BE
:103EE000FDF901212800FFF7B9F93C00FA239B00F6
:103EF0009C422EDA674A01212800FEF7F3FD0006F6
:103F00000AD4012001F0C4FC0134EFE76C48F2F759
:103F1000AFFC06277F42A1E7F0230422694928006D
:103F2000FFF7C2F92023684A01212800FEF70AFEA4
:103F30003C00FA239B009C4271DA082200212800F1
:103F4000FEF7C6FD80060AD4012001F0A1FC013471
:103F5000EFE75E48F2F78CFC06277F427EE75C4C79
:103F6000220001212800FEF7BDFDC3B20222134347
:103F7000DBB2220001212800FEF7E4FD0823F02235
:103F800000212800FEF7DEFD0223424A012128001D
:103F9000FEF7D8FD4F4A01212800FEF7A3FDC3B26A
:103FA000C00742D54C4C0F23220001212800FEF708
:103FB000C9FD0023220001212800FEF7C3FD2200D5
:103FC00001212800FEF78EFD042200212800FEF7C3
:103FD00084FD83B2C00731D400212800FFF78AFA9C
:103FE000DB2189024144F62292002800FFF7C2FC3F
:103FF0003A49002300222800FFF72AFD3849002310
:1040000001222800FFF724FD002E1DD03549002392
:104010000093330006222800FFF74AFD1EE73248CE
:10402000F2F726FC06277F4218E701221343DBB292
:10403000284A01212800FEF785FDB3E7042200216C
:104040002800FEF777FDC7E7284B1A0054325B6D56
:104050000293928802AB9A8004A92800FFF776FEAB
:10406000041E06D1062202A904A802F069F800285D
:1040700005D104AE3100002001F0B4FBC6E72700F3
:10408000ECE6C04600400540ADBEEDFE5CA601106A
:10409000B30402000E00010078A6011094A60110DE
:1040A00010400018444000187CBA0110BE6B030099
:1040B000542A0510FCFC0700C0003FFFFCFF07006E
:1040C000B4A601102420001808000100E0A6011089
:1040D0001E0001001F0001000F00010008A60110D2
:1040E00014A6011010A70110F8A601103C2D051010
:1040F000F0B5D6464F464646C0B582B004000D0026
:104100001E00002A03D0C82A02D9C82200E00122DA
:10411000900082185200254900232000FFF798FCE8
:104120002349002332002000FFF792FC214900239D
:104130000A9A2000FFF78CFC1F4900230B9A2000ED
:10414000FFF786FC00232A0056212000FFF7D8FC49
:104150002600443644239A46433B5246A3544433F4
:1041600099460025E55401339846E5544727E5551F
:1041700001950096423B2A3202212000FFF78AFB7C
:104180005346E5544B46E5544346E554E555019501
:104190000096423B8E2202212000FFF77BFB00208D
:1041A00002B0E0BCBA46B146A846F0BD20A7011057
:1041B00030A701103CA7011048A70110F0B5DE465A
:1041C00057464E464546E0B5A5B004000E000392A2
:1041D00098462F9D814900230822FFF739FC002DC6
:1041E0000ED07F4B9D4200D1C4E07E4B9D4200D15A
:1041F000C3E07D4B9D4200D0ECE00423994600E0F3
:10420000A946FF222A40002386212000FFF778FCE0
:104210002B005A1E93417549002700970022200069
:10422000FFF786FC0123724900975B4200222000C1
:10423000FFF77EFC6F4900976F4B00222000FFF7CD
:1042400077FC002D00D09BE00023012214212000E8
:10425000FFF756FC0023002216212000FFF750FC38
:1042600000234A46A5212000FFF74AFCF3B29B46F3
:10427000624B5A46E254330ADBB29946604B4A46D7
:10428000E254330CDBB298465E4B4246E254330EA6
:104290009A465D4B5246E2543200039F39005B4B15
:1042A000E018F2F783F9309B002B00D185E004ADD4
:1042B000462200212800F2F773F95B462B704B462B
:1042C0006B704346AB705346EB703200390005A863
:1042D000F2F76CF924230022EA54DB332832AB5482
:1042E0000132AB540132AB540132AB540132AB5406
:1042F0000132AB540132AB540132AB540132AB54F6
:104300000132AB540132AB540132AB540132AB54E5
:104310000132AB540132AB540132AB54313A3099D3
:1043200012A8F2F743F9319B013313D04022012147
:10433000A954002240316A5401316A5401316A544F
:10434000319A91B2802252010A4344216A54120ADE
:1043500001316A542E490023009304AB4622200009
:10436000FFF7A6FB002025B0F0BCBB46B246A9462D
:10437000A046F0BD8023994643E78023994640E755
:1043800004AD43462B701B0A6B700123AB700023F6
:104390009A46EB7042462E9905A8F2F707F90220DB
:1043A00001F076FA86225346019300954433520079
:1043B00002212000FFF76EFA46E7104BE3180022B7
:1043C0000192009324231A3202212000FFF762FA9F
:1043D0000020C8E705204042C5E7C0461CA60110E2
:1043E00004004000060040000200200058A7011011
:1043F00068A7011080A7011088130000280800009A
:10440000290800002A0800002B0800002C080000E2
:1044100094A7011010B500230422A521FFF770FB1B
:1044200010BD000000B583B0054BC31800220192F7
:10443000009324231A320221FFF72CFA03B000BDA7
:1044400028080000F0B5D646474680B585B0040080
:104450000E0003929846070044375749042238005B
:10446000F2F7A4F848230122E25400234832A3546F
:104470000132A3540132A354383201930097083318
:10448000520000212000FFF705FA4423E05C0133CD
:10449000E35C1B0218434623E35C1B0418434723D9
:1044A000E35C1B06184305D0002005B0C0BCBA462B
:1044B000B046F0BD4149002302222000FFF7C8FAB0
:1044C00044230122E25400250133E5540133E5542D
:1044D0000133E5540133E654320A0133E254320C1D
:1044E0000133E254320E0133E25423004C332022D4
:1044F00000219A461800F2F753F83200039950460B
:10450000F2F754F82E4900953B0028222000FFF7CF
:10451000CFFA00230E9A1E212000FFF7F1FA294955
:104520000095434601222000FFF702FB4346002B83
:104530002DD0254B98453DD0842324490025009556
:1045400001222000FFF7F4FA44230C9AE254120AE5
:104550004523E25401260133E6540133E554250096
:104560004835402200212800F2F71AF80C9A0D99DC
:104570002800F2F71BF8022001F08AF98622019642
:1045800000974423520002212000FFF783F9012302
:1045900001226E212000FFF7B3FA0D4901231622F4
:1045A0002000FFF755FA012301224E212000FFF7DA
:1045B000A7FA79E70423C0E7982D05101CA601107F
:1045C0009CA70110A8A7011002002000B4A70110A9
:1045D000C4A7011010B582B00B00054C0022009258
:1045E00001322100FFF7A4FA002002B010BDC0463E
:1045F000D0A7011010B5006800F01EFB013843423F
:104600005841C0B210BD000010B504000A4B8361D0
:104610000A4B43610A4B838535233A22C254C06951
:104620000233E15C22002E32303900F02DFC3423BD
:104630000622E254002010BD4546011025FB001063
:10464000DC05000010B582B002000B00C069372104
:10465000515C30391A890124009400F0D1FB002804
:1046600002D1002002B010BD034B01001800F2F788
:104670002FF90C204042F5E7D4A7011070B588B09F
:1046800006000D1E36D100230493214B069304A986
:10469000204B4B60204BCB60AB018E2212019C184B
:1046A00034190434F3181D4A9A18772010702A0020
:1046B00030321B48844663441A701A4B02931A4BDB
:1046C0000193009606AB05AA2000F5F73DF8002CF3
:1046D00006D0AB01F318154A94466344144A1A6095
:1046E0002000F5F7B7F82000F5F7BAF8002D05D04F
:1046F00008B070BD0F4B04930693C8E70E4BF1183A
:104700002000FAF7F1FB2000FAF74EFDF0E7C04673
:10471000C0A80001FFFFFF00080808081A090000F0
:104720001B09000065110110094601100C09000069
:10473000F8A70110C0A804016409000070B58B013E
:104740008E22120194466344C5180435002902D014
:104750000A4B1C6804E02800FAF7F2FDF8E7246829
:10476000002C09D0AC42FAD12000F5F79BF80023C9
:1047700063603522A354F2E770BDC046CC9C022092
:10478000F0B5CE4600B582B006000F0001938C0153
:104790008E231B01E518451904350419134B9C465B
:1047A000644423785B0703D402B080BCB946F0BDF3
:1047B00093B29946C122520019000020F5F700FA81
:1047C000041EF1D04A460199F5F7F0FBBF01F61936
:1047D000074B9C4666443368290020009847002810
:1047E000E2D02000F5F7A0F9DEE7C0461909000085
:1047F000F408000010B589018E231B019C4661441A
:1048000040180430F5F780F810BD10B589018E23EB
:104810001B019C46614440180430F5F788F810BD30
:1048200010B58B01C3180B4A944663441A780523CC
:104830001340052B09D189014018074B9C46604461
:104840000368002B04D0032010BD00F06DFBFBE7D4
:104850000220F9E719090000E808000010B5002956
:1048600005D0FA2292000023F1F7FEF810BDFA21DC
:104870008900F1F7BBF8F9E710B5002B02DB026005
:10488000436010BD024B034A03483F21EFF786FE09
:104890006C6A0110842E0510886A011010B582B070
:1048A00000F0D8FF214B1B68002B19D02048FFF7E0
:1048B000A1FE002816D11E4B1E4A9B5C002B15D171
:1048C0001B4B1D4A9B5C002B19D1194B1B4A9B5C4F
:1048D000002B1BD11A4B1B68002B22D000F0F6FED8
:1048E00002B010BD1248FEF7CBFEE4E710480023EB
:1048F0008354009300226921FFF72CF8E0E70C486D
:1049000013000022C254FFF785FDDEE7084C1300B8
:104910000022E2542000FFF785FD0A4B0122E250FD
:10492000D8E703480121FEF7E5FDD7E7847F0120A2
:104930008C7F0120790800007B0800007A080000C5
:10494000887F01206C08000010B582B00400EFF7EA
:1049500087F802000B006846FFF78EFF009A019B64
:1049600022606360200002B010BD00B583B06846CD
:10497000FFF7EAFF00980199FFF770FF03B000BD51
:1049800010B50400FFF7F1FF010062880D4B18001D
:10499000F1F79EFF6168582909D80B4B8A00D3585C
:1049A000002B04D009481900F1F792FF02E00848F3
:1049B000F1F78EFFA168E2682E23E35C0548F1F76A
:1049C00087FF10BD00A801109C2E051014A801102F
:1049D00018A801101CA80110F0B585B0040000F063
:1049E00039FF2A4BE35C002B0BD0294B1B68002BB3
:1049F0000DD000212000FEF77DFD0025280005B028
:104A0000F0BD244B244A25489C21EFF7C7FD002127
:104A10002000FFF793FE01212000FFF78FFE862381
:104A20001B010022E254D0252D0680263604AE61FB
:104A3000142000F02DFF6E61322000F029FF0021CC
:104A40002000FFF7A5F9051ED8D1154BE11820006D
:104A5000FFF77CF9124BE15C124BE25C124BE35C1A
:104A60001248265C0130275C1148245C11480294EE
:104A700001970096F1F72CFF0F4B32221A60044B7E
:104A80000E48186000F03EFEB8E7C0467808000007
:104A9000847F012028A80110742E051044A801105D
:104AA000AC090000AD090000AE090000AF0900002C
:104AB000B1090000A0A80110887F01209D480110C5
:104AC00070B505000E0000F0B1FE2800FFF784FF6E
:104AD000041E08D131002800FFF764F8040000F03C
:104AE000AFFE200070BD00F0ABFEFAE770B584B0F9
:104AF000040000F09BFE2000FFF76EFF002815D198
:104B00000C4BE15C0C4BE2180C4BE05C0C4BE518D9
:104B1000233BE65C0B4BE358029601950090200086
:104B2000FFF790FC00F08CFE04B070BD00F088FE32
:104B3000FAE7C046810800008308000082080000F0
:104B4000A30800007C08000070B504000D0000F010
:104B50006DFE2000FFF740FF002806D1290020004D
:104B6000FFF738FD00F06CFE70BD00F069FEFBE75A
:104B700070B50400D0252D0680235B04AB620022B3
:104B800000211820EDF7E2FB802636046E62002239
:104B900000211720EDF7DAFBAE6121002000FEF7BF
:104BA00095FC002386221201A3540B4AA3500B4A02
:104BB000A3500B4AA3540B4AA3540B4AA3540532E7
:104BC0000321A154094AA354094AA354094A136072
:104BD000094B0122E25470BD680800006C08000017
:104BE000790800007A0800007B08000081080000B6
:104BF00082080000847F01207808000010B50400BE
:104C000000F014FE0B4B1B68002B10D0002120007D
:104C1000FFF794FD01212000FFF790FD2000FEF733
:104C200065FC2000FFF7A4FF00F00AFE10BD00F0B5
:104C300007FEFBE7847F0120D0231B065B681B0E69
:104C40000120184070470000014B32221A60704763
:104C5000887F012070B504000D005F4BC358DB074F
:104C600008D46B68452B09D02E2B1CD89B005B4ABF
:104C7000D3589F460800FFF783FEF2E7584AA25830
:104C8000012AF1D1AB68082B05D0002B0BD1544B76
:104C90000222E25007E0534BE358290030318722CB
:104CA0001201A0589847504BE258504B9A4200D1FD
:104CB0008AE070BD00212000FFF7A7FD4A4B0022CB
:104CC000E250F0E7AB68002BEDD1EB68082BEAD19E
:104CD000073B474AA354474AA354474800F012FDF4
:104CE000E1E7AB68002BDED0032B03D03E4B022262
:104CF000E250D8E7EB68002BF8D13B4B0322E2509F
:104D0000D1E7AB68002B13D1374BE2580F23134088
:104D1000042B06D0344AA15880239B000B43A35098
:104D2000C1E70B339A430E3B1A432F4BE250F1E796
:104D3000062BB8D02C4B0422E250B4E7AB68002B12
:104D4000B1D1EB68022BAED12C4B0122E2542A48A0
:104D500000F0D8FCA7E7AB68002BA4D16B88DB0779
:104D60000ED52E23E95C002906D11F4AA1588023C5
:104D7000DB000B43A35096E72000FFF73BFD92E7D3
:104D80002E23E95C2000FFF740FD8CE7AB68062B83
:104D90000CD0042B03D0082B01D00A2B02D1EB68D6
:104DA0000F2B0AD0104B0422E2507CE70E4AA15888
:104DB00080231B010B43A35075E70D4B0122E254E6
:104DC0000D4800F09FFC6EE7074B0122E2500021E6
:104DD0002000FFF70FFD6CE764080000B82D0510F8
:104DE00068080000740800006C080000010E000054
:104DF0007A0800007B0800009D4801107908000037
:104E0000F0B585B00500029103921F000AAB1E7831
:104E100000F00CFD2800FFF7DFFD041E0CD100960A
:104E20003B00039A02992800FEF7DAFC040000F028
:104E300007FD200005B0F0BD00F002FDF9E770B5F8
:104E400082B006000C0000F0F1FC3000FFF7C4FD5A
:104E5000051E16D10F20010021402309FF221A4010
:104E6000230B0340250C0540240D204001900095A4
:104E70003000FFF73DF9050000F0E2FC280002B029
:104E800070BD00F0DDFCF9E710B51100002000F066
:104E9000C3FC002010BD0000F8B504000D00160092
:104EA0001F0000F0C3FC002E32D086231B01E35C00
:104EB000002B17D0012D23D086231B01E35C2B414F
:104EC000DB0727D429002000FFF738FC2900200049
:104ED000FFF7D4FB86210901635C0122AA4013433A
:104EE000635417E039002000FFF7EAFD002804D1E1
:104EF0000C492000FFF7A3FFDCE700F0A1FC0BE06A
:104F00002000FFF7F3FD01212000FFF71DFED3E78E
:104F1000012D02D000F094FCF8BD00212000FFF725
:104F200013FEF7E74211A1000300081E0ED10C4A40
:104F30009A580F231340012B0AD0022B0AD0032BBF
:104F40000BD0042B00D070470338FCE70020FAE7B1
:104F50001800F8E701204042F5E702204042F2E75E
:104F60006C080000F0B587B00500059116001F0021
:104F700000F05CFC86231B01EB5CDB0722D52800DC
:104F8000FFF72AFD041E22D10F9B03930E9B029371
:104F90000D9B01930C9B00933B0032000599280068
:104FA000FFF70CF9041E08D10A4B0122EA500D9BB1
:104FB000002B02D1074B084AEA5000F041FC2000C8
:104FC00007B0F0BD00F03CFC04246442F7E700F0B9
:104FD00037FCF4E76C080000010800000523CB56FD
:104FE000002B01DB934211D1094B9C4660444342A4
:104FF0005841084B8000C058097901238B40013B80
:105000009340184043425841C0B270470020FCE72B
:105010000000D0AFF47C012070B50A79202A19D89D
:10502000174B9C46604443425841164B8000C4587D
:1050300001239340013B497949B2002910DB080064
:105040002025AA1A914218DC8B401C4201D0012075
:10505000404270BD0C4B0D4A0D484021EFF79EFABF
:105060002020801A002805DB1A0082401442F0D06C
:105070000138F7E701204042EBE701204042E8E732
:105080000000D0AFF47C012074A901101430051089
:10509000A0A9011070B505000C001600FFF79EFFD7
:1050A000002801D0002108E01648EFF70FFB9A19FD
:1050B0008B1912339B005A51013123798B4211D93C
:1050C000227863781B021343A27812041A43E37810
:1050D0001B0613434A009B5A802292019342E6D357
:1050E0001A00E5E701229A401300013B064A944664
:1050F00065446A4255410549AD006A58B3401343BF
:105100006B5070BDFCA901100000D0AFF47C0120F1
:1051100010B5054B9C4660444342584180004118FD
:105120000248EDF7ADFA10BD0000D0AFC4A70220D1
:1051300010B582B00A4B9C466044434258418400FB
:10514000E31C0848084A00922200EDF770FA8442F6
:1051500002DC001B02B010BD01204042FAE7C0464D
:105160000000D0AFC4A7022010AA011070B504003F
:105170000E00EDF72DFA050031002000FFF74CFF7F
:10518000441C631E9C41E4B22800EDF72DFA200078
:1051900070BD0000F8B505000E00EDF719FA070024
:1051A00031002800FFF738FF041E09DB0200310040
:1051B0002800FFF76FFF3800EDF716FA2000F8BD62
:1051C0000148EFF783FAC046FCA9011070B504004E
:1051D0000B7901259D40013D9540EDF7F9F90C4B08
:1051E000E3185A4253410B4A99008A58290011404A
:1051F000A94206D107499B00AA435A50EDF7F4F99A
:1052000070BD054B054A06488A21EFF7C7F9C0462D
:105210000000D0AFF47C012034AA0110003005104A
:10522000A0A90110F0B5D6464F464646C0B50700C6
:105230000E0090461D004B005A18D2008218110033
:10524000DC3109688A46CC32126891469B19DB0032
:10525000C833C3180433C022920113438022920240
:105260001A6017E02800F0F767FB42018023DB0497
:1052700013437400A419E4003C192200DC321360CB
:105280004346C34001221A400C4B1343D8342360D9
:105290006B1E1D40002DE5D172009319DB00FB1839
:1052A000DC33514619609219D200BF18CC374B46F7
:1052B0003B60E0BCBA46B146A846F0BD80E00000C5
:1052C000F0B5C64600B506AC25784C006618F60069
:1052D00086193700DC373F68BC46CC363668B046A6
:1052E0006418E400C83404190434C026B6013443F9
:1052F0008026B6022660002D01D01F2614E000266D
:1053000012E05401A0256D0525434C006418E4000B
:1053100004192700DC373D60114D3543D834256032
:10532000053B05321F242240052BEAD89B0652017B
:1053300013434C006218D20082181500DC352B6034
:10534000074B3343D832136063462B606418E40084
:105350000019CC304346036080BCB846F0BDC0465F
:1053600080E0000010B50100024B1800EDF788F94D
:1053700010BDC046A8A7022010B582B00100054CA0
:10538000054B00930B2300222000EDF750F902B0EB
:1053900010BDC046A8A7022084AA01108201114BAB
:1053A0009C466244C30211684B400F490B40802168
:1053B00049010A431360012282400C4B1A600C4BD6
:1053C0001A60A021C9050B4BCA508301A021C90551
:1053D0008C466344DB68DB01F7D48023DB00CA50D2
:1053E0007047C0461000005001780000043400509F
:1053F000143400504404000010B50C4B1B68834269
:1054000007D10B4B99420AD103685B6A0949984757
:1054100010BD094B094A0A486421EFF7BFF8094B50
:10542000064A07486521EFF7B9F8C046807F01209A
:10543000980E0020840E0020A4AA0110B43005109C
:10544000C4AA01102CAB011010B5002B02DB0260C6
:10545000436010BD024B034A03483F21EFF79EF81B
:105460006C6A01109C300510886A011070B582B01A
:10547000060014001D00FA22920000230698002165
:10548000F0F764FE02000B0012196B41002B09DBE0
:105490006846FFF7D9FF009A019B326073603000C5
:1054A00002B070BD01225242004BF1E7FFFFFF7FC7
:1054B00010B582B004000498059912184B41002BD6
:1054C00009DB6846FFF7C0FF009A019B226063601A
:1054D000200002B010BD01225242014BF1E7C0464C
:1054E000FFFFFF7F10B582B00400EEF7B9FA0200AB
:1054F0000B006846FFF7A8FF009A019B22606360DB
:10550000200002B010BD30B585B004000D0002A827
:10551000FFF7E8FF029A039B00952000FFF7A6FF24
:10552000200005B030BD30B583B004000D0011007F
:105530006846FFF7E8FF009A019BAA60EB602368CA
:105540005B6929002000984703B030BD10B5040006
:10555000D0231B061A68134B1B689B7E9A4215D1F9
:10556000114B1B68002B10D0104A1268002A02D081
:105570000E49013A0A6098470C4B1B68002B0BD16F
:1055800023689B690A492000984710BD094B0A4AC5
:105590000A485421EFF702F8054932222000FFF7AC
:1055A000C2FFF2E7807F0120847F0120887F0120F5
:1055B000980E00204CAB0110D0300510C4AA011089
:1055C00070B584B0040016001D0002A8FFF78AFF22
:1055D000029A039B009601952000FFF769FF2000C7
:1055E00004B070BD10B5020002211820ECF76EFF68
:1055F00010BD000010B5D0231B061A680C4B1B68A9
:105600009B7E9A420ED10B49802040224004ECF749
:10561000F3FE0120FFF7E6FF01210D20EDF710F961
:10562000002010BD044B054A05483521EEF7B6FFB2
:10563000807F0120455601104CAB0110E030051071
:10564000C4AA011010B5D0231B061B68002B04D080
:10565000084BDB6A9B0702D410BD074BF9E700201B
:10566000FFF7C0FF054B186803685B6A0449984759
:10567000F2E7C0463041014000410140807F0120F7
:10568000840E002010B5D0231B061A680A4B1B6835
:105690009B7E9A4209D1094980204004ECF7CCFE58
:1056A0000020FFF79FFF002010BD054B054A06486C
:1056B0003F21EEF773FFC046807F01204556011061
:1056C0004CAB011088300510C4AA011010B5D023CE
:1056D0001B061A68074B1B689B7E9A4203D1012068
:1056E000FFF780FF10BD044B044A05484821EEF740
:1056F00055FFC046807F01204CAB01107030051073
:10570000C4AA011010B5084B1B68834206D1074B91
:10571000186803685B6A0649984710BD054B064A3E
:1057200006484E21EEF73AFF847F0120807F01205A
:10573000840E00208CAB011048300510C4AA011063
:1057400010B504000848FFF713FA084B1C602368E3
:105750001B6907490022200098472368DB69054937
:1057600020009847012010BD8C7F0120807F012000
:10577000F5550110840E002010B504000F4B1B6876
:10578000834215D103689B690D49984723681B6ABA
:105790000C492000984723681B690B490022200010
:1057A00098470A48FFF72AFA044B00221A6010BDF6
:1057B000074B084A08487421EEF7F0FE807F01206D
:1057C000980E0020840E0020855601108C7F012049
:1057D000A4AA011034300510C4AA011010B5EEF7C8
:1057E0008DFF000010B582B00C000A48F1F740F8B8
:1057F0006846F1F793FB06226B46991C2000F0F7F0
:10580000D5FE237801229343237002221343237091
:1058100002B010BDA0AB011010B50800024906226D
:10582000F0F7C4FE10BDC0463889012010B5034B07
:10583000186803685B68984710BDC046807F0120E8
:1058400010B5034B186803689B68984710BDC046A5
:10585000807F012010B5034B18680368DB68984708
:1058600010BDC046807F012010B582B00200074BFA
:105870001C6800236846FFF7A3FE009A019B21687D
:10588000096B2000884702B010BDC046807F012010
:1058900010B582B00100064B1C686846FFF733FE66
:1058A000009A019B2168C96A2000884702B010BD98
:1058B000807F012010B582B00200074B1C680023D6
:1058C0006846FFF77DFE009A019B2168C96A2000A7
:1058D000884702B010BDC046807F012002000B0047
:1058E00004490868496850405940084343425841B8
:1058F000C0B27047D8B0011010B5303000F04CFD88
:1059000010BD000010B5002B02DB0260436010BD2B
:10591000024B034A03483F21EEF740FE6C6A011038
:105920008C310510886A011010B504004423C05C56
:10593000ECF78EFF2000383000F0EEFC10BD10B503
:10594000080045230022CA54FFF7EEFF0020002183
:1059500010BD10B501230B72FFF7E6FF10BD00006C
:1059600010B5030030335B79002B09D030300423AD
:10597000C356D0221206127852B29A4200D110BDFC
:105980000148EEF7A3FEC046046C011010B582B0CA
:105990000400EEF765F802000B006846FFF7B2FF5F
:1059A000009A019B22606360200002B010BD0000DD
:1059B000F0B587B00400FFF7D3FFA27ED0231B060B
:1059C0001B689A422FD02E4B2E4A2F48F821EEF713
:1059D000E5FD002927D1002837D124E0236C002BD6
:1059E00001DC07B0F0BD216C206AEDF7B7FE0023A3
:1059F0002364F6E7236C002B3DDCA662E7624523B7
:105A00000122E254206A0023029301941F4B009369
:105A100032003B00EDF7FCFD2064236C002BE0DC42
:105A200045230022E25404AD21002800FBF7E0FDED
:105A3000049E059F2800FFF7A9FF049A059B3000EC
:105A40003900801A99410029C3DD30003900FFF781
:105A500045FF0028C2D14523E35C002BCAD0A26ACF
:105A6000E36A30003900801A99410029B9DCC1D1BC
:105A70000028BFD0B5E7216C206AEDF76FFEBCE7C8
:105A8000D8AB0110A431051000AC01103F59011032
:105A900010B50400030030335B79012B04D02000E3
:105AA000303000F0B1FC10BDFFF782FFF7E770B5B2
:105AB00004000D001600303000F06EFC3000A847E6
:105AC00005002000FFF7E4FF280070BD10B5FFF7C8
:105AD000DFFF10BD70B504004423C05C002812D065
:105AE000D0231B061B68A27E9A420DD10021ECF741
:105AF000A7FE4425605D0749ECF7FEFF605DEDF70A
:105B000059F90023635570BD034B044A0448B12181
:105B1000EEF744FD7D5B011080AC011020310510D3
:105B200000AC011070B50400D0231B061B68827EF8
:105B30009A4212D1FFF7CEFF236C002B13DC250015
:105B40003035280000F028FC280000F05DFC4822D9
:105B500000212000F0F724FD70BD054B054A0648E2
:105B6000E721EEF71BFD216C206AEDF7F7FDE6E774
:105B7000A8AC01103431051000AC011070B5EFF382
:105B800005832A3B052B19D8154A9B009C58002CED
:105B900013D0A27ED0231B061B689A4215D1250084
:105BA00030350021280000F0E7FB002805D06B7994
:105BB000012B11D0280000F027FC70BD094B0A4AC8
:105BC0001E210A48FF31EEF7E9FC094B064A9021F5
:105BD00006484900EEF7E2FC2000FFF7E9FEE9E79E
:105BE000047E0120D0AC01100431051000AC01107E
:105BF000D8AB011010B5383000F026FC10BD10B540
:105C000010001900EFF30583002B02D0EDF734FFED
:105C100010BDEDF72FFEFBE770B504000D0030302E
:105C200000F0BAFB29002000FBF775FC05002000FE
:105C3000FFF72EFF280070BD70B504000D00303056
:105C400000F0AAFB29002000FBF755FC050020000E
:105C5000FFF71EFF280070BD70B504000D00303046
:105C600000F09AFB29002000FBF734FC050020001F
:105C7000FFF70EFF280070BD70B504000D00303036
:105C800000F08AFB29002000FBF713FC0500200030
:105C9000FFF7FEFE280070BD70B504000D00D02394
:105CA0001B061B68827E9A421DD10020EDF78EF8FC
:105CB000002824DB4423E05403001A3B052B18D8AA
:105CC000104A9B009C501049FF231840ECF7E2FD5E
:105CD0004426A05D0121ECF7B3FDA05D2900ECF79F
:105CE000CFFF012070BD094B094A0A48A221EEF7F7
:105CF00055FC094B064A0748A721EEF74FFC002048
:105D0000F0E7C046047E01207D5B011080AC0110ED
:105D1000F030051000AC0110D0AC0110FF2303706F
:105D2000002343607047000070B504000D00482256
:105D30000021F0F735FC154B236003232383D02388
:105D40001B061B68A3766B68002B15D02362A67E0A
:105D5000206AEDF75FFD864212D120003830012223
:105D60000121EDF749F820003030EDF7BFF8297830
:105D70002000FFF791FF70BDEDF734FC2062E6E7ED
:105D8000034B044A0448D821EEF708FCB83105104B
:105D900000AD01106031051000AC0110F0B5DE4619
:105DA00057464E464546E0B585B007001000984678
:105DB0000EAB1B7803930F9D109E3B680022DA66A2
:105DC0003B6859603B680132DA660022002399463D
:105DD0000024C3464146029190462BE03A79002ABE
:105DE00031D001222FE00399002901D000212EE0BB
:105DF00001212CE0002B0BD13A68526BD20607D45C
:105E0000002DF7D03000A84703000443E4B2F1E7C7
:105E1000002B09D13A6880215158894600291FD1A9
:105E2000002C2FD1C2451ED0002C33D10122944624
:105E3000E0440198D8452DDA029A013A924642464A
:105E4000002ACBD000229202C245CCD000214902C8
:105E50000A43411C01910078396802430A61CFE787
:105E6000526D01240EE0039A002ADDD10AE03000D1
:105E7000A84703000443E4B2002B06D13A68526BF2
:105E8000920502D4002DF2D1F6E7002BCCD13A686E
:105E9000126EC9E74246002C09D0002B11D14B46A7
:105EA000002B12D0DB0714D44B461B0715D5039BE0
:105EB0003B71100005B0F0BCBB46B246A946A046F7
:105EC000F0BD01235B421A00F1E702235B421A0096
:105ED000EDE702235B421A00E9E702235B421A0066
:105EE000E5E7F0B5DE4657464E464546E0B583B099
:105EF00005009246180001930CAB1A7893460D9E4C
:105F00000E9F2B680022DA662B6859602B680132DD
:105F1000DA668146002398460024C8453FDA019A94
:105F2000541E2A68516F1029FBD0414600290BD01E
:105F30000020800244450ED0002149020843802100
:105F400049000143116113E02979002901D10020A2
:105F5000EFE70120EDE75946002901D00021ECE7E9
:105F60000121EAE7002C1AD12A68916F00290ED18D
:105F70002A6880215158546D621E9441E4B2002E6B
:105F8000F0D03800B04703000443E4B2EAE71269F6
:105F900051460A7001229446E044E244BDE7002CD9
:105FA00004D0002B0CD001235B4298465B462B713A
:105FB000404603B0F0BCBB46B246A946A046F0BD81
:105FC00002235B429846F1E7F0B5D6464F46464677
:105FD000C0B505000C000520EEF7BEF9060060080C
:105FE00080192100EFF702FD070043009946814424
:105FF00005214846EFF7FAFC80463B1A9A46284BA3
:106000009C423DD8700080192649EFF7EFFC441CF4
:106010004346023BA3423AD32B680022DA66296842
:106020000B680432534002321A4080235B010B4359
:106030001A602B685246DA612B6842461A624B4658
:106040004F2B2AD950214846EFF7D0FC2A68A023CD
:10605000D0502B681A007C32DB6F5C402404240C87
:1060600080235B0113431C602B680122DA66390030
:106070003000EFF7BBFCE0BCBA46B146A846F0BD25
:10608000700080190849EFF7B1FC441CC0E7074BCA
:10609000074A08485D21EEF781FA0120D6E7C0469D
:1060A0003F420F008096980040787D0140AD01107E
:1060B000F031051060AD011010B5114B98421DD0A4
:1060C0001022104B1A60104B1A60104B9B68140082
:1060D0009C43231EF9D104710268D46602686624C9
:1060E000FF3414600268D3630268936302688833E4
:1060F000633CFF3CD450FFF767FF10BD0822E0E788
:10610000B80E002000E0004000F0004000C0004059
:1061100030B585B008AC2578002402940194009530
:10612000FFF73CFE05B030BD30B585B008AC257832
:106130000024029401940095FFF7D3FE05B030BD12
:1061400030B5032A0CD90B0003439B0719D104680F
:106150000B689C4215D1043A04300431032AF6D866
:10616000551E002A0BD0002303E05A1C9D4206D086
:106170001300C25CCC5CA242F7D0101B00E00020F0
:1061800030BD551EEFE7C046F0B5CE46474680B558
:1061900088420DD98B1898420AD2531E002A03D088
:1061A000CA5CC254013BFBD2C0BCB946B046F0BD8C
:1061B0000F2A0BD80500561E002AF5D00023CC5C10
:1061C0001A00EC5401339642F9D1EDE703000B437A
:1061D00088469B0734D110261700B1460C000300F7
:1061E000103F3F093F01C519A94426681E60666833
:1061F0005E60A6689E60E6681034DE601E001033A4
:10620000AE42F2D1CF1939000F230C2610318C4643
:106210001340164217D04446043B9B089B00FF18CE
:106220001437061B0C688D1904312C60B942F9D162
:106230006146043359184B441D0003231A40BAE742
:106240000500561EBAE74D461A00B4E730B5002ADD
:1062500027D003000B439B0713D1032A11D9134DF9
:106260000BE0043A002A1CD0114C1C199C432C4210
:1062700017D104300431032A03D903680C68A34200
:10628000EFD00D78047801230139AC4207D00AE041
:10629000002C06D0C45C0133CD5CAC4203D19A42E1
:1062A000F6D1002030BD601BFCE7C04680808080B6
:1062B000FFFEFEFE10B583070AD00300032102E0B3
:1062C00001330B4205D01A78002AF9D1181A10BDF3
:1062D000030019680C4A0D4C8A188A4322420FD1D8
:1062E0005968094A04338A188A43224208D15968F6
:1062F000054A04338A188A432242F1D000E0013370
:106300001A78002AFBD1E1E7FFFEFEFE8080808044
:10631000F8B5C0460000000001B40248844601BC44
:10632000604700BF1F01002001B40248844601BC41
:10633000604700BF9904002001B40248844601BCB4
:10634000604700BF6D03002001B40248844601BCD1
:10635000604700BFB90C002001B40248844601BC6C
:10636000604700BF4508002001B40248844601BCD4
:10637000604700BF610C002001B40248844601BCA4
:10638000604700BF2102002001B40248844601BCDE
:10639000604700BFB90C002001B40248844601BC2C
:1063A000604700BF6901002001B40248844601BC77
:1063B000604700BFD901002001B40248844601BCF7
:1063C000604700BF5103002001B40248844601BC6D
:1063D000604700BFB50A002001B40248844601BCF2
:1063E000604700BF1D03002001B40248844601BC81
:1063F000604700BFE909002001B40248844601BC9F
:10640000604700BF1908002001B40248844601BC5F
:10641000604700BFB903002001B40248844601BCB4
:10642000604700BF8509002001B40248844601BCD2
:10643000604700BF7105002001B40248844601BCDA
:10644000604700BF9109002001B40248844601BCA6
:08645000604700BFC1000020FD
:10645800666F72776172645F6C6566740000000035
:10646800666F72776172645F7269676874000000B2
:106478006261636B776172645F6C656674000000CB
:106488006261636B776172645F7269676874000048
:106498006261636B77617264000000003D3D3D3DC1
:1064A8003D3D3D3D3D3D3D3D3D3D3D3D3D3D3D3D14
:1064B8003D3D3D3D3D3D3D3D3D3D3D3D3D3D3D3D04
:1064C8003D3D3D3D3D3D3D3D3D3D3D3D3D000000AB
:1064D80020202020205245434F4E20524F564552EF
:1064E800202D204175746F6E6F6D6F7573204D612F
:1064F8007070696E672053797374656D2020202051
:1065080000000000496E697469616C697A696E6798
:106518002073797374656D732E2E2E0A00000000A7
:106528004552524F523A20435957343320696E69C5
:1065380074206661696C65640000000044697661D6
:10654800206950686F6E65005B576946695D204336
:106558006F6E6E656374696E6720746F205353495C
:10656800443A2025730A0000393139303230313746
:10657800000000004552524F523A2057692D466993
:1065880020636F6E6E656374206661696C65642C48
:106598002072633D25640A005B576946695D2043A4
:1065A8006F6E6E6563746564210000005B57694611
:1065B800695D20495020416464726573733A2025EF
:1065C800730A0A005B447269766572735D20496ECE
:1065D800697469616C697A696E67206D6F746F722E
:1065E80020636F6E74726F6C6C65722E2E2E0000B5
:1065F8005B447269766572735D20496E697469617E
:106608006C697A696E6720656E636F646572732E54
:106618002E2E00005B447269766572735D20496EA8
:10662800697469616C697A696E6720756C747261E6
:10663800736F6E69632073656E736F722E2E2E00F2
:106648005B447269766572735D20496E697469612D
:106658006C697A696E6720494D552E2E2E00000010
:106668005B447269766572735D20496E697469610D
:106678006C697A696E67204C494441522E2E2E006F
:106688005B447269766572735D20416C6C2064723C
:10669800697665727320696E697469616C697A6577
:1066A800642E0A004552524F523A204661696C6581
:1066B8006420746F206372656174652055445020AE
:1066C800504342004552524F523A2055445020629E
:1066D800696E64206661696C65643A2025640A0005
:1066E8005B5544505D20436F6D6D616E642073652A
:1066F80072766572206C697374656E696E67206F57
:106708006E20706F72742025640A00005B55445037
:106718005D2054656C656D657472792077696C6C61
:106728002062652073656E7420746F20706F7274B8
:106738002025640A000000005B5544505D204C4948
:10674800444152206D61702077696C6C206265202D
:1067580073656E7420746F20706F72742025640ADC
:10676800000000000A5B4C494441525D20537461AB
:106778007274696E67204C49444152207363616E9C
:106788002E2E2E005B4C494441525D204D617070A5
:10679800696E6720616374697665210A00000000EC
:1067A8002020202020414C4C2053595354454D5310
:1067B800204F5045524154494F4E414C202D2052B4
:1067C8004541445920544F204452495645202020E1
:1067D8000000000053656E6420636F6D6D616E6428
:1067E80073206F6E2055445020706F72742025649A
:1067F80020746F20636F6E74726F6C20726F766591
:10680800720A000052756E207669657765725F6D51
:1068180061702E7079206F6E20796F7572206C61AF
:1068280070746F7020746F207365652074686520BC
:106838006D61700052756E2074656C656D6574725B
:10684800795F6C697374656E65722E707920746FE8
:10685800207365652073656E736F7220646174615F
:106868000A0000005553533A20252D336C752063D8
:106878006D207C204844473A20252E3166C2B0203E
:106888007C2054696C7420583A20252E3166C2B099
:1068980020593A20252E3166C2B00A004C3A20749D
:1068A80069636B733D252D346C75207C2072706D87
:1068B8003D252D362E3166207C2073706565643D3C
:1068C800252D352E3166206D6D2F73207C20746F39
:1068D80074616C3D252E3166206D6D0A0000000044
:1068E800523A207469636B733D252D346C75207C96
:1068F8002072706D3D252D362E3166207C207370F8
:106908006565643D252D352E3166206D6D2F73200C
:106918007C20746F74616C3D252E3166206D6D0A84
:10692800000000002D2D2D005553533A20252D33FE
:106938006C7520636D207C204844473A20252E3111
:1069480066C2B0207C2054696C7420583A20252EE9
:106958003166C2B020593A20252E3166C2B00D0AE0
:106968004C3A207469636B733D252D346C75207C1B
:106978002072706D3D252D362E3166207C20737077
:106988006565643D252D352E3166206D6D2F73208C
:106998007C20746F74616C3D252E3166206D6D0D01
:1069A8000A523A207469636B733D252D346C752047
:1069B8007C2072706D3D252D362E3166207C20732B
:1069C800706565643D252D352E3166206D6D2F73FC
:1069D800207C20746F74616C3D252E3166206D6DAE
:1069E8000D0A2D2D2D0D0A00456E636F64657273B7
:1069F80020696E697469616C697A6564206F6E20BC
:106A080070696E7320256420616E642025642E0AE7
:106A180000000000456E636F64657220696E7465DE
:106A280072727570747320636F6E666967757265CC
:106A3800642E00005265706F7274696E6720746905
:106A48006D657220636F6E6669677572656420662E
:106A58006F72206576657279202564206D732E0A21
:106A68000000000075735F73696E63655F626F6F26
:106A780074203C3D20494E5436345F4D4158000047
:106A8800433A2F50726F6772616D2046696C657367
:106A98002F5261737062657272792050692F506944
:106AA800636F2053444B2076312E352E312F706979
:106AB800636F2D73646B2F7372632F636F6D6D6FCC
:106AC8006E2F7069636F5F626173652F696E636CA7
:106AD8007564652F7069636F2F74797065732E689C
:106AE800000000000A3D3D3D204F42535441434CB5
:106AF80045204445544543544544202D2053544192
:106B08005254494E472041564F4944414E4345202F
:106B18003D3D3D005B5374657020315D2053746FBB
:106B28007070696E6720616E642070726570617242
:106B3800696E6720746F207475726E206C65667458
:106B480000000000202050574D205475726E204CD4
:106B58006566743A2053746172743D252E3166C29D
:106B6800B0205461726765743D252E3166C2B00A43
:106B780000000000202050574D205475726E20529E
:106B8800696768743A2053746172743D252E3166C2
:106B9800C2B0205461726765743D252E3166C2B05B
:106BA8000A00000020205B5741524E494E475D20A5
:106BB8005475726E2074696D656F757421205374F5
:106BC8006F7070696E672E00202043757272656E53
:106BD800743D252E3166C2B0205461726765743DDC
:106BE800252E3166C2B0204572726F723D252E3156
:106BF80066C2B0202D20444F4E45210A00000000F7
:106C0800202043757272656E743D252E3166C2B0C0
:106C1800205461726765743D252E3166C2B02045E7
:106C280072726F723D252E3166C2B0202D204C4500
:106C38004654204020256425250A0000202043755D
:106C48007272656E743D252E3166C2B02054617231
:106C58006765743D252E3166C2B0204572726F7229
:106C68003D252E3166C2B0202D2052494748542078
:106C78004020256425250A005B5374657020315D2A
:106C8800205475726E696E67206C656674203930A1
:106C9800C2B000005B5374657020325D204D6F7682
:106CA800696E6720666F7277617264005B53746502
:106CB8007020325D2053746F7070696E6720616E4A
:106CC80064207475726E696E6720726967687420D3
:106CD8003930C2B0000000005B5374657020335D2A
:106CE80020436865636B696E67206966206F62730D
:106CF8007461636C6520697320636C6561723A2006
:106D0800256C7520636D207C20000000436C656154
:106D18007221204D6F76696E6720746F20537465F9
:106D2800702034005374696C6C20626C6F636B65FF
:106D3800642E20526570656174696E672066726F93
:106D48006D20537465702031000000005B5374653A
:106D58007020345D205475726E696E67206C6566AC
:106D680074203930C2B000005B5374657020345D04
:106D7800204D6F76696E6720666F72776172642046
:106D8800736C696768746C79000000005B53746504
:106D98007020345D205475726E696E672072696761
:106DA8006874203930C2B0005B5374657020345D5C
:106DB800204D6F76696E6720666F72776172642006
:106DC800746F2070617373206F62737461636C6594
:106DD800000000003D3D3D2041564F4944414E438F
:106DE8004520434F4D504C455445202D2052455485
:106DF80055524E494E4720434F4E54524F4C205403
:106E08004F2055534552203D3D3D0A00494D5520E0
:106E1800696E697469616C697A6564206F6E20496E
:106E28003243312028475032362F475032372920F5
:106E3800776974682063616C6962726174696F6EE6
:106E4800206F6666736574733A0000002020583D11
:106E5800252E36662C20593D252E36662C205A3D87
:106E6800252E36660A0000004C49444152206D6FB9
:106E7800746F722050574D3A20252E316625250A09
:106E8800000000004C494441523A20706275665F28
:106E9800616C6C6F63206661696C6564202873742B
:106EA80072697065202575290A0000004C49444123
:106EB800523A207564705F73656E64746F20455232
:106EC800523D2564207374726970653D25750A000A
:106ED8004C494441523A20507265636F6D70757425
:106EE80065642053494E204C55542028256420655C
:106EF8006E7472696573290A000000004C494441A8
:106F0800523A20554152543120696E697469616C56
:106F1800697A6564206F6E204750342F47503520BA
:106F2800617420256420626175640A004C494441FB
:106F3800523A204F63637570616E63792067726996
:106F48006420696E697469616C697A6564202825B2
:106F5800647825642C202564206D6D2F63656C6C26
:106F6800290A00004C494441523A205363616E6E2D
:106F7800696E672073746172746564004C4944419A
:106F8800523A204D61702073747265616D696E6745
:106F980020746172676574207365742028706F723D
:106FA80074202564290A000021287261775F6972BC
:106FB800715F6D61736B5B6765745F636F72655F4B
:106FC8006E756D28295D2026206770696F5F6D6179
:106FD800736B2900433A2F50726F6772616D2046B8
:106FE800696C65732F526173706265727279205093
:106FF800692F5069636F2053444B2076312E352E0C
:10700800312F7069636F2D73646B2F7372632F72E6
:1070180070325F636F6D6D6F6E2F68617264776138
:1070280072655F6770696F2F6770696F2E63000004
:107038007261775F6972715F6D61736B5B676574AD
:107048005F636F72655F6E756D28295D2026206706
:1070580070696F5F6D61736B0000000068775F692E
:10706800735F636C61696D656428626974732C2051
:107078006269745F696E646578290000433A2F502D
:10708800726F6772616D2046696C65732F52617308
:107098007062657272792050692F5069636F20534E
:1070A800444B2076312E352E312F7069636F2D7346
:1070B800646B2F7372632F7270325F636F6D6D6FC5
:1070C8006E2F68617264776172655F636C61696D68
:1070D8002F636C61696D2E63000000004E6F207392
:1070E80070696E6C6F636B73206172652061766185
:1070F800696C61626C65000030783163203D3D2029
:10710800282A696E7374293E3E31317500000000EB
:10711800433A2F50726F6772616D2046696C6573D0
:107128002F5261737062657272792050692F5069AD
:10713800636F2053444B2076312E352E312F7069E2
:10714800636F2D73646B2F7372632F7270325F637A
:107158006F6D6D6F6E2F68617264776172655F69BC
:1071680072712F6972712E630000000064656C747F
:1071780061203E3D202D323034382026262064659B
:107188006C7461203C3D2032303436202626202184
:107198002864656C746120262031290021286465E3
:1071A8006C7461203E3E203131752900637572721E
:1071B800656E74203D3D205F5F756E68616E646C1E
:1071C80065645F757365725F697271207C7C20638A
:1071D800757272656E74203D3D2068616E646C65E1
:1071E800720000006972715F68616E6465725F6346
:1071F8006861696E5F667265655F736C6F745F68FE
:10720800656164203E3D20300000000076746162B4
:107218006C655F68616E646C6572203D3D205F5FE0
:10722800756E68616E646C65645F757365725F69BD
:1072380072710000212828282875696E747074728C
:107248005F7429767461626C655F68616E646C65F1
:107258007229202D20282875696E747074725F74E5
:10726800296972715F68616E646C65725F636861D9
:10727800696E5F736C6F747329202D203129257313
:10728800697A656F662873747275637420697271A0
:107298005F68616E646C65725F636861696E5F7375
:1072A8006C6F742929000000216578636570746922
:1072B8006F6E207C7C20657863657074696F6E20C2
:1072C8003D3D206E756D202B20565441424C455F44
:1072D80046495253545F49525100000066616C732D
:1072E8006500000069735F7368617265645F697245
:1072F800715F7261775F68616E646C657228736C28
:107308006F745F68616E646C657229006578636587
:107318007074696F6E000000666F756E640000001F
:107328004E6F2075736572204952517320617265E2
:1073380020617661696C61626C650000746F7461CC
:107348006C000000433A2F50726F6772616D2046DF
:10735800696C65732F52617370626572727920501F
:10736800692F5069636F2053444B2076312E352E98
:10737800312F7069636F2D73646B2F7372632F6382
:107388006F6D6D6F6E2F7069636F5F73796E632FAA
:107398006D757465782E63006D74782D3E636F7219
:1073A800652E7370696E5F6C6F636B006C6F636BD7
:1073B8005F69735F6F776E65725F69645F76616C32
:1073C8006964286D74782D3E6F776E6572290000A8
:1073D8006D74782D3E656E7465725F636F756E743B
:1073E800000000006964202626206964203C3D20B6
:1073F800706F6F6C2D3E686561702D3E6D61785FB2
:107408006E6F646573000000433A2F50726F6772A5
:10741800616D2046696C65732F5261737062657285
:1074280072792050692F5069636F2053444B20763E
:10743800312E352E312F7069636F2D73646B2F7366
:1074480072632F636F6D6D6F6E2F7069636F5F74FA
:10745800696D652F74696D652E6300006964202667
:1074680026206964203C3D20686561702D3E6D6171
:10747800785F6E6F64657300433A2F50726F67725E
:10748800616D2046696C65732F5261737062657215
:1074980072792050692F5069636F2053444B2076CE
:1074A800312E352E312F7069636F2D73646B2F73F6
:1074B80072632F636F6D6D6F6E2F7069636F5F7589
:1074C80074696C2F696E636C7564652F7069636F7E
:1074D8002F7574696C2F70686561702E68000000E4
:1074E800706172656E745F69640000006368696C3E
:1074F800645F696400000000706172656E745F69A2
:107508006420213D206368696C645F696400000041
:107518006964202626202170685F636F6E74616934
:107528006E735F6E6F646528686561702C2069648E
:107538002900000021686561702D3E667265655FEF
:107548007461696C5F69640072742D3E616C61726C
:107558006D5F6964203D3D20696400002170685FAB
:10756800636F6E7461696E735F6E6F646528706FA8
:107578006F6C2D3E686561702C2072657573655F50
:107588006964290072656D6F7665645F6964203D82
:107598003D206E6578745F696400000063616C6CFF
:1075A8006261636B00000000706F6F6C2D3E616C50
:1075B80061726D5F696E5F70726F67726573732059
:1075C8003D3D206D616B655F7075626C69635F69D5
:1075D800642869645F686967682C206E6578745FE1
:1075E8006964290064656661756C745F616C6172B9
:1075F8006D5F706F6F6C5F696E697469616C697AD1
:107608006564282900000000616C61726D5F69641F
:1076180020213D20706F6F6C2D3E616C61726D5F33
:10762800696E5F70726F67726573730072630000D2
:10763800417474656D7074656420746F20736C6533
:10764800657020696E73696465206F6620616E20BD
:10765800657863657074696F6E2068616E646C65C7
:10766800723B2075736520627573795F7761697401
:1076780020696620796F75206D75737400000000AD
:10768800486172647761726520616C61726D202552
:107698006420616C726561647920636C61696D65F1
:1076A8006400000074696D65725F68772D3E696ECD
:1076B80074732026203175203C3C20616C61726D0A
:1076C8005F6E756D00000000433A2F50726F67724D
:1076D800616D2046696C65732F52617370626572C3
:1076E80072792050692F5069636F2053444B20767C
:1076F800312E352E312F7069636F2D73646B2F73A4
:1077080072632F7270325F636F6D6D6F6E2F686179
:107718007264776172655F74696D65722F74696DE3
:1077280065722E6300000000726F6F745F696400F9
:10773800433A2F50726F6772616D2046696C6573AA
:107748002F5261737062657272792050692F506987
:10775800636F2053444B2076312E352E312F7069BC
:10776800636F2D73646B2F7372632F636F6D6D6F0F
:107778006E2F7069636F5F7574696C2F70686561CF
:10778800702E63002170685F6765745F6E6F646553
:1077980028686561702C20726F6F745F6964292D89
:1077A8003E7369626C696E67000000002170685F53
:1077B8006765745F6E6F646528686561702C2072F8
:1077C8006F6F745F6964292D3E706172656E740015
:1077D8006E65775F7375625F7472656520213D2001
:1077E800686561702D3E726F6F745F696400000098
:1077F8007372635F66726571203E3D2066726571C3
:1078080000000000433A2F50726F6772616D204686
:10781800696C65732F52617370626572727920505A
:10782800692F5069636F2053444B2076312E352ED3
:10783800312F7069636F2D73646B2F7372632F72AE
:1078480070325F636F6D6D6F6E2F68617264776100
:1078580072655F636C6F636B732F636C6F636B73BD
:107868002E63000076636F5F66726571203E3D206F
:10787800285049434F5F504C4C5F56434F5F4D492A
:107888004E5F465245515F4B485A202A204B485A72
:10789800292026262076636F5F66726571203C3D3D
:1078A80020285049434F5F504C4C5F56434F5F4D23
:1078B80041585F465245515F4B485A202A204B4851
:1078C8005A290000433A2F50726F6772616D204643
:1078D800696C65732F52617370626572727920509A
:1078E800692F5069636F2053444B2076312E352E13
:1078F800312F7069636F2D73646B2F7372632F72EE
:1079080070325F636F6D6D6F6E2F6861726477613F
:1079180072655F706C6C2F706C6C2E6300000000D9
:107928006662646976203E3D203136202626206630
:1079380062646976203C3D203332300028706F73D2
:10794800745F64697631203E3D2031202626207000
:107958006F73745F64697631203C3D203729202697
:10796800262028706F73745F64697632203E3D204C
:107978003120262620706F73745F64697632203C4C
:107988003D203729000000007265665F66726571E8
:10799800203C3D202876636F5F66726571202F203A
:1079A800313629002C2066756E6374696F6E3A2033
:1079B80000000000617373657274696F6E20222580
:1079C8007322206661696C65643A2066696C65207B
:1079D800222573222C206C696E6520256425732569
:1079E800730A000031203D3D202875696E7470745B
:1079F800725F74296C2D3E7370696E5F6C6F636B78
:107A080000000000433A2F50726F6772616D204684
:107A1800696C65732F526173706265727279205058
:107A2800692F5069636F2053444B2076312E352ED1
:107A3800312F7069636F2D73646B2F7372632F72AC
:107A480070325F636F6D6D6F6E2F7069636F5F72F9
:107A5800756E74696D652F72756E74696D652E63C8
:107A6800000000000A2A2A2A2050414E4943202AB1
:107A78002A2A0A006E6F7420737570706F727465AD
:107A880064000000666E692B00000000666E6900E5
:107A98006E616E00666E692D000000006D6973737B
:107AA800696E6720646F75626C652066756E6374B5
:107AB800696F6E002A282875696E74385F74202AE9
:107AC80029726F6D5F646174615F6C6F6F6B757045
:107AD80028726F6D5F7461626C655F636F6465289F
:107AE8002753272C2027462729292D3229202A20C9
:107AF80034203E3D2053465F5441424C455F563248
:107B08005F53495A45000000433A2F50726F67721D
:107B1800616D2046696C65732F526173706265727E
:107B280072792050692F5069636F2053444B207637
:107B3800312E352E312F7069636F2D73646B2F735F
:107B480072632F7270325F636F6D6D6F6E2F706925
:107B5800636F5F646F75626C652F646F75626C65C7
:107B68005F696E69745F726F6D2E63002A282875CD
:107B7800696E74385F74202A29726F6D5F74616250
:107B88006C652D3229202A2034203E3D2053465F43
:107B98005441424C455F56325F53495A45000000F4
:107BA800433A2F50726F6772616D2046696C657336
:107BB8002F5261737062657272792050692F506913
:107BC800636F2053444B2076312E352E312F706948
:107BD800636F2D73646B2F7372632F7270325F63E0
:107BE8006F6D6D6F6E2F7069636F5F666C6F617418
:107BF8002F666C6F61745F696E69745F726F6D2E4A
:107C0800630000004465627567000000626F6F746E
:107C1800325F77323571303830000000312E352E22
:107C2800310000007069636F5F7700005265636F11
:107C38006E2D526F766572004E6F7620313320328A
:107C480030323500433A2F50726F6772616D2046AB
:107C5800696C65732F526173706265727279205016
:107C6800692F5069636F2053444B2076312E352E8F
:107C7800312F7069636F2D73646B2F7372632F726A
:107C880070325F636F6D6D6F6E2F7069636F5F73B6
:107C98007464696F5F7573622F737464696F5F755D
:107CA80073622E63000000005553422073746469A8
:107CB8006E202F207374646F7574000052617370A6
:107CC8006265727279205069000000005069636F24
:107CD80000000000426F61726420434443000000CA
:107CE80052657365740000006C656E203E2030009C
:107CF800433A2F50726F6772616D2046696C6573E5
:107D08002F5261737062657272792050692F5069C1
:107D1800636F2053444B2076312E352E312F7069F6
:107D2800636F2D73646B2F7372632F7270325F638E
:107D38006F6D6D6F6E2F7069636F5F756E697175AA
:107D4800655F69642F756E697175655F69642E6317
:107D580000000000666C6173685F6F666673202BB5
:107D680020636F756E74203C3D205049434F5F4639
:107D78004C4153485F53495A455F42595445530053
:107D8800433A2F50726F6772616D2046696C657354
:107D98002F5261737062657272792050692F506931
:107DA800636F2053444B2076312E352E312F706966
:107DB800636F2D73646B2F7372632F7270325F63FE
:107DC8006F6D6D6F6E2F68617264776172655F6643
:107DD8006C6173682F666C6173682E630000000025
:107DE800636F6E6E6563745F696E7465726E616CE5
:107DF8005F666C61736820262620666C6173685F15
:107E0800657869745F78697020262620666C6173CE
:107E1800685F72616E67655F6572617365202626AB
:107E280020666C6173685F666C7573685F63616315
:107E380068650000636F6E6E6563745F696E746574
:107E4800726E616C5F666C61736820262620666CB2
:107E58006173685F657869745F7869702026262089
:107E6800666C6173685F72616E67655F70726F6779
:107E780072616D20262620666C6173685F666C757A
:107E880073685F636163686500000000636F6E6E0E
:107E98006563745F696E7465726E616C5F666C6150
:107EA800736820262620666C6173685F657869743C
:107EB8005F78697020262620666C6173685F666C3F
:107EC8007573685F636163686500000028287569D9
:107ED8006E747074725F7420296E6578745F627551
:107EE800666665725F7074722026203062313131A7
:107EF8003131317529203D3D20300000433A2F5063
:107F0800726F6772616D2046696C65732F52617379
:107F18007062657272792050692F5069636F2053BF
:107F2800444B2076312E352E312F7069636F2D73B7
:107F3800646B2F6C69622F74696E797573622F7325
:107F480072632F706F727461626C652F72617370E7
:107F5800626572727970692F7270323034302F64B2
:107F680063645F7270323034302E630068775F6408
:107F78006174615F6F6666736574286E6578745F97
:107F88006275666665725F70747229203C3D205583
:107F980053425F445052414D5F4D4158000000002C
:107FA800556E68616E646C65642049525120307862
:107FB80025780A007268706F7274203D3D20300089
:107FC80021286275665F6374726C202620555342BF
:107FD8005F4255465F4354524C5F46554C4C29000E
:107FE800433A2F50726F6772616D2046696C6573F2
:107FF8002F5261737062657272792050692F5069CF
:10800800636F2053444B2076312E352E312F706903
:10801800636F2D73646B2F6C69622F74696E797549
:1080280073622F7372632F706F727461626C652F45
:1080380072617370626572727970692F7270323012
:1080480034302F7270323034305F7573622E6300B3
:108058006275665F6374726C2026205553425F42D6
:1080680055465F4354524C5F46554C4C0000000047
:1080780065702025642025732077617320616C72F8
:108088006561647920617661696C61626C65000084
:1080980043616E277420636F6E74696E756520780E
:1080A800666572206F6E20696E61637469766520FB
:1080B8006570202564202573000000006F7574002A
:1080C800696E0000706C75675F686F6C65733A2045
:1080D8006D656D203E3D2072616D0000706C7567A6
:1080E8005F686F6C65733A206D656D203C20726126
:1080F8006D5F656E64000000706C75675F686F6C1B
:1081080065733A206D656D2D3E75736564203D3D40
:1081180020300000706C75675F686F6C65733A207B
:108128006D656D2D3E6E657874203C3D204D454D46
:108138005F53495A455F414C49474E45440000004A
:108148006D656D5F667265653A2073616E697479F5
:1081580020636865636B20616C69676E6D656E741A
:10816800000000006D656D5F667265653A20696C98
:108178006C6567616C206D656D6F72790000000039
:108188006D656D5F667265653A20696C6C656761DF
:108198006C206D656D6F72793A20646F75626C65DD
:1081A80020667265650000006D656D5F66726565C5
:1081B8003A20696C6C6567616C206D656D6F7279CA
:1081C8003A206E6F6E2D6C696E6B65643A20646F31
:1081D80075626C6520667265650000006D656D5F8F
:1081E8007472696D3A206C6567616C206D656D6F9E
:1081F800727900006D656D5F7472696D2063616EE0
:10820800206F6E6C7920736872696E6B206D656D76
:108218006F727900696E76616C6964206E65787436
:1082280020707472000000006D656D5F6D616C6C8C
:108238006F633A20216C667265652D3E75736564BF
:10824800000000006D656D5F6D616C6C6F633A20B6
:10825800616C6C6F6361746564206D656D6F7279B4
:10826800206E6F742061626F76652072616D5F6544
:108278006E642E006D656D5F6D616C6C6F633A2086
:10828800616C6C6F6361746564206D656D6F727984
:108298002070726F7065726C7920616C69676E65A9
:1082A800642E00006D656D705F6D616C6C6F633A74
:1082B800206D656D702070726F7065726C792061C9
:1082C8006C69676E656400006D656D705F667265E8
:1082D800653A206D656D2070726F7065726C7920DB
:1082E800616C69676E6564006E657469665F697361
:1082F8007375655F7265706F7274733A20696E7614
:10830800616C6964206E657469660000696E7661E7
:108318006C696420706F696E746572006E6574694B
:108328006620616C726561647920616464656400CB
:10833800746F6F206D616E79206E65746966732C39
:10834800206D61782E20737570706F72746564206B
:108358006E756D62657220697320323535000000D4
:108368007020213D204E554C4C000000696E76610E
:108378006C696420706275665F74797065000000CE
:10838800706275665F667265653A20702D3E72652B
:1083980066203E203000000070632D3E63757374C4
:1083A8006F6D5F667265655F66756E6374696F6E23
:1083B80020213D204E554C4C00000000696E76612E
:1083C8006C696420706275662074797065000000BD
:1083D800706275665F616C6C6F633A207062756677
:1083E80020712D3E7061796C6F61642070726F70BE
:1083F80065726C7920616C69676E656400000000C5
:10840800504255465F504F4F4C5F42554653495A6C
:1084180045206D75737420626520626967676572AF
:10842800207468616E204D454D5F414C49474E4D63
:10843800454E5400706275665F616C6C6F633A20DC
:10844800706275662D3E7061796C6F616420707220
:108458006F7065726C7920616C69676E6564000085
:10846800706275665F616C6C6F633A206572726FDB
:108478006E656F757320747970650000706275663B
:108488005F7265616C6C6F633A207020213D204EED
:10849800554C4C00706275665F7265616C6C6F63F9
:1084A8003A207120213D204E554C4C006D656D5F82
:1084B8007472696D2072657475726E6564207220BD
:1084C8003D3D204E554C4C006D656D5F7472696D75
:1084D8002072657475726E6564207220213D20716A
:1084E800000000007062756620726566206F766510
:1084F80072666C6F77000000702D3E746F745F6C4D
:10850800656E203D3D20702D3E6C656E20286F669F
:10851800206C617374207062756620696E206368D0
:1085280061696E29000000006F66667365745F7488
:108538006F203C3D20705F746F2D3E6C656E0000AF
:108548006F66667365745F66726F6D203C3D207060
:108558005F66726F6D2D3E6C656E000070627566A9
:108568005F74616B653A20696E76616C696420702E
:1085780062756600646964206E6F7420636F707939
:1085880020616C6C20646174610000007062756623
:108598005F636F7079206661696C65640000000034
:1085A8007261772070636220726563762063616C04
:1085B8006C6261636B20616C7465726564207062C3
:1085C8007566207061796C6F616420706F696E7474
:1085D800657220776974686F757420656174696E57
:1085E80067207061636B6574000000007463705FDE
:1085F80072656D6F76655F6C697374656E65723AE6
:1086080020696E76616C6964206C697374656E6547
:108618007200000070636220213D204E554C4C00D2
:108628007063622D3E7374617465203D3D204C4932
:108638005354454E000000007463705F66726565B0
:108648005F6C697374656E3A20214C495354454EEA
:10865800000000007463705F667265653A204C49DB
:108668005354454E000000007463705F7570646178
:1086780074655F7263765F616E6E5F776E643A20D1
:10868800696E76616C696420706362006E65775FFD
:108698007263765F616E6E5F776E64203C3D20305A
:1086A8007866666666000000646F6E2774206361F2
:1086B8006C6C207463705F72656376656420666FA6
:1086C80072206C697374656E2D70636273000000AC
:1086D8007463705F7365675F636F70793A20696E62
:1086E80076616C6964207365670000007463705F6D
:1086F8006E6578745F6973733A20696E76616C6928
:1087080064207063620000007463705F6566665F72
:1087180073656E645F6D73735F6E657469663A2026
:10872800696E76616C6964206473745F69700000B7
:108738007463705F7063625F72656D6F76653A200F
:10874800696E76616C696420706362007463705F3F
:108758007063625F72656D6F76653A20696E7661E7
:108768006C6964207063626C69737400756E7365FC
:108778006E74207365676D656E7473206C65616BCC
:10878800696E6700756E61636B6564207365676DFC
:10879800656E7473206C65616B696E67000000001C
:1087A8006F6F736571207365676D656E7473206C88
:1087B80065616B696E670000646F6E277420636182
:1087C8006C6C207463705F61626F72742F74637075
:1087D8005F6162616E646F6E20666F72206C697390
:1087E80074656E2D70636273000000007463705FBF
:1087F8006E657469665F69705F616464725F6368FF
:10880800616E6765645F7063626C6973743A20694E
:108818006E76616C6964206F6C645F616464720079
:10882800696E76616C696420737461746500000018
:108838007463705F636C6F73655F73687574646F7E
:10884800776E3A20696E76616C69642070636200A5
:108858007063622D3E666C61677320262054465F04
:108868005258434C4F534544000000007463705FF6
:10887800736C6F77746D723A2061637469766520E2
:108888007063622D3E737461746520213D20434CF2
:108898004F534544000000007463705F736C6F773A
:1088A800746D723A20616374697665207063622D15
:1088B8003E737461746520213D204C495354454EE4
:1088C800000000007463705F736C6F77746D723AA8
:1088D80020616374697665207063622D3E737461EC
:1088E800746520213D2054494D452D574149540078
:1088F8007463705F736C6F7774696D723A2070651A
:108908007273697374207469636B696E6720776921
:10891800746820696E2D666C696768742064617478
:10892800610000007463705F736C6F7774696D72B7
:108938003A2070657273697374207469636B696E29
:1089480067207769746820656D7074792073656E27
:108958006420627566666572000000007463705F6B
:10896800736C6F77746D723A206D6964646C6520FE
:1089780074637020213D207463705F61637469764D
:10898800655F7063627300007463705F736C6F7708
:10899800746D723A20666972737420706362203D48
:1089A8003D207463705F6163746976655F706362AC
:1089B800730000007463705F736C6F77746D723A44
:1089C8002054494D452D57414954207063622D3E2E
:1089D8007374617465203D3D2054494D452D5741C0
:1089E800495400007463705F736C6F77746D723AEA
:1089F800206D6964646C652074637020213D207467
:108A080063705F74775F7063627300007463705F94
:108A1800736C6F77746D723A206669727374207024
:108A28006362203D3D207463705F74775F7063629A
:108A3800730000007463705F70617273656F7074A7
:108A48003A20696E76616C69642070636200000088
:108A58007463705F696E7075745F64656C61796565
:108A6800645F636C6F73653A20696E76616C6964E4
:108A780020706362000000007463705F74696D6544
:108A8800776169745F696E7075743A20696E766192
:108A98006C696420706362007463705F6C697374DE
:108AA800656E5F696E7075743A20696E76616C697F
:108AB80064207063620000007063622D3E736E6410
:108AC8005F71756575656C656E203E3D20706275D9
:108AD800665F636C656E286E6578742D3E7029003C
:108AE8007463705F726563656976653A2076616C58
:108AF8006964207175657565206C656E67746800BA
:108B08007463705F6F6F735F696E736572745F73A0
:108B180065676D656E743A20696E76616C6964206C
:108B280063736567000000007463705F7265636556
:108B38006976653A20696E76616C69642070636253
:108B4800000000007463705F726563656976653A5A
:108B58002077726F6E67207374617465000000007F
:108B6800756E61636B656400756E73656E74000085
:108B7800696E7365672E7020213D204E554C4C0060
:108B8800696E73616E65206F666673657421000097
:108B98007062756620746F6F2073686F727421003D
:108BA8007463705F726563656976653A207365679B
:108BB8006D656E74206E6F74207472696D6D656476
:108BC80020636F72726563746C7920746F207263AE
:108BD800765F776E640000007463705F726563652A
:108BE8006976653A207365676D656E74206E6F747B
:108BF800207472696D6D656420636F727265637449
:108C08006C7920746F206F6F73657120717565754D
:108C1800650000007463705F726563656976653A24
:108C2800207463706C656E203E207263765F776E89
:108C3800640000007463705F726563656976653A05
:108C4800206F6F736571207463706C656E203E20B1
:108C58007263765F776E64007463705F70726F63BF
:108C68006573733A20696E76616C6964207063621B
:108C7800000000007463705F696E7075743A20704C
:108C880063622D3E737461746520213D20434C4F0F
:108C9800534544007063622D3E736E645F71756561
:108CA80075656C656E203E20300000006E6F207385
:108CB80065676D656E7420746F2066726565000067
:108CC8007063622D3E6C697374656E65722D3E61CA
:108CD800636365707420213D204E554C4C000000A4
:108CE8007463705F696E7075743A20696E76616C32
:108CF8006964207062756600702D3E6E6578742018
:108D0800213D204E554C4C00702D3E6C656E203D2B
:108D18003D203000702D3E746F745F6C656E203D91
:108D28003D20702D3E6E6578742D3E746F745F6CB7
:108D3800656E00007463705F696E7075743A2061C7
:108D48006374697665207063622D3E73746174651F
:108D580020213D20434C4F53454400007463705F0D
:108D6800696E7075743A2061637469766520706302
:108D7800622D3E737461746520213D2054494D4530
:108D88002D574149540000007463705F696E707517
:108D9800743A20616374697665207063622D3E734E
:108DA8007461746520213D204C495354454E0000A0
:108DB8007463705F696E7075743A207063622D3EDB
:108DC8006E65787420213D20706362202862656694
:108DD8006F72652063616368652900007463705F62
:108DE800696E7075743A207063622D3E6E65787492
:108DF80020213D20706362202861667465722063BB
:108E080061636865290000007463705F696E70753E
:108E1800743A2054494D452D574149542070636296
:108E28002D3E7374617465203D3D2054494D452D98
:108E380057414954000000007063622D3E72656618
:108E4800757365645F64617461203D3D204E554CC7
:108E58004C0000007463705F6F75747075745F7395
:108E680065676D656E745F627573793A20696E76B1
:108E7800616C696420736567000000007463705F4B
:108E88006F75747075745F66696C6C5F6F70746908
:108E98006F6E733A20696E76616C696420706275D2
:108EA800660000006F7074696F6E73206E6F7420B7
:108EB80066696C6C656400007463705F63726561F9
:108EC80074655F7365676D656E743A20696E766167
:108ED8006C696420706362007463705F63726561BB
:108EE80074655F7365676D656E743A20696E766147
:108EF8006C6964207062756600000000702D3E7415
:108F08006F745F6C656E203E3D206F70746C656E8B
:108F180000000000636865636B20746861742066F4
:108F28006972737420706275662063616E20686F61
:108F38006C6420737472756374207463705F686402
:108F4800720000007463705F6F75747075745F6190
:108F58006C6C6F635F6865616465723A20696E76F0
:108F6800616C696420706362000000007463705F64
:108F78007273743A20696E76616C6964206C6F63F1
:108F8800616C5F69700000007463705F7273743A9B
:108F980020696E76616C69642072656D6F74655FB7
:108FA800697000007463705F6F75747075745F73B7
:108FB80065676D656E743A20696E76616C696420C8
:108FC800736567007463705F6F75747075745F7331
:108FD80065676D656E743A20696E76616C696420A8
:108FE800706362007463705F6F75747075745F731B
:108FF80065676D656E743A20696E76616C69642088
:109008006E657469660000007463705F6F757470D4
:1090180075745F636F6E74726F6C5F7365676D658F
:109028006E745F6E657469663A206E6F206E657443
:10903800696620676976656E000000007463705F7A
:109048006F75747075745F636F6E74726F6C5F7335
:1090580065676D656E743A20696E76616C69642027
:1090680070627566000000007463705F73706C69ED
:10907800745F756E73656E745F7365673A20696EA9
:1090880076616C69642070636200000043616E273A
:10909800742073706C6974207365676D656E7420D5
:1090A800696E746F206C656E67746820300000000C
:1090B80073706C6974203C3D206D73730000000070
:1090C800757365672D3E6C656E203E20300000008C
:1090D8007463705F656E71756575655F666C6167F1
:1090E800733A206E656564206569746865722054FA
:1090F80043505F53594E206F72205443505F464986
:109108004E20696E20666C616773202870726F67E5
:1091180072616D6D65722076696F6C61746573201C
:1091280041504929000000007463705F656E7175D5
:109138006575655F666C6167733A20696E76616C08
:1091480069642070636200007463705F656E717596
:109158006575655F666C6167733A20636865636B04
:109168002074686174206669727374207062756611
:109178002063616E20686F6C64206F70746C656E1C
:10918800000000007365672D3E7463706864722088
:109198006E6F7420616C69676E6564007463705FDC
:1091A800656E71756575655F666C6167733A206990
:1091B8006E76616C6964207365676D656E74206C8A
:1091C800656E6774680000007463705F656E717522
:1091D8006575655F666C6167733A20696E76616C68
:1091E8006964207175657565206C656E67746800C3
:1091F8007463705F73656E645F66696E3A20696E4A
:1092080076616C6964207063620000007463705F4B
:109218007265786D69745F72746F5F707265706182
:1092280072653A20696E76616C69642070636200C9
:109238007463705F7265786D69743A20696E7661DF
:109248006C696420706362007463705F7265786D26
:1092580069745F666173743A20696E76616C6964DB
:1092680020706362000000007463705F73656E6451
:109278005F656D7074795F61636B3A20696E7661C2
:109288006C696420706362007463705F6F757470DA
:1092980075743A20696E76616C6964207063620047
:1092A800646F6E27742063616C6C207463705F6FE9
:1092B800757470757420666F72206C697374656E4E
:1092C8002D70636273000000525354206E6F742037
:1092D800657870656374656420686572652100004F
:1092E8007463705F7265786D69745F72746F5F63C1
:1092F8006F6D6D69743A20696E76616C696420706F
:10930800636200007463705F7265786D69745F7280
:10931800746F3A20696E76616C69642070636200CC
:109328007463705F6B656570616C6976653A206916
:109338006E76616C69642070636200007463705FAC
:109348007A65726F5F77696E646F775F70726F624C
:10935800653A20696E76616C69642070636200000A
:109368007379735F74696D656F75743A2074696D8C
:10937800656F757420213D204E554C4C2C20706F24
:109388006F6C204D454D505F5359535F54494D45BF
:109398004F555420697320656D7074790000000082
:1093A80054696D656F75742074696D6520746F6F8D
:1093B800206C6F6E672C206D6178206973204C5784
:1093C80049505F55494E5433325F4D41582F342030
:1093D8006D73656373000000696E76616C69642063
:1093E800736C65657074696D650000007564705F05
:1093F800696E7075745F6C6F63616C5F6D617463C7
:10940800683A20696E76616C696420706362000056
:109418007564705F696E7075745F6C6F63616C5FA3
:109428006D617463683A20696E76616C6964206E58
:1094380065746966000000007564705F696E707518
:10944800743A20696E76616C696420706275660092
:109458007564705F696E7075743A20696E76616CB8
:109468006964206E65746966000000007062756644
:109478005F72656D6F76655F6865616465722066A9
:1094880061696C6564000000636865636B207468DB
:1094980061742066697273742070627566206361F6
:1094A8006E20686F6C6420737472756374207564C1
:1094B800705F686472000000646863705F6F707446
:1094C800696F6E5F73686F72743A206F7074696F3A
:1094D8006E735F6F75745F6C656E202B2032203C55
:1094E8003D20444843505F4F5054494F4E535F4CC2
:1094F800454E0000646863705F6F7074696F6E3A00
:10950800206F7074696F6E735F6F75745F6C656ED2
:10951800202B2032202B206F7074696F6E5F6C6572
:109528006E203C3D20444843505F4F5054494F4EB5
:10953800535F4C454E000000646863705F6F707441
:10954800696F6E5F627974653A206F7074696F6EC7
:10955800735F6F75745F6C656E203C2044484350A0
:109568005F4F5054494F4E535F4C454E000000002A
:10957800646863705F6F7074696F6E5F6C6F6E673D
:109588003A206F7074696F6E735F6F75745F6C6586
:109598006E202B2034203C3D20444843505F4F50E0
:1095A80054494F4E535F4C454E0000006468637049
:1095B8005F6372656174655F6D73673A20636865A0
:1095C800636B2074686174206669727374207062BA
:1095D80075662063616E20686F6C642073747275A1
:1095E800637420646863705F6D7367004448435018
:1095F8003A20686F73746E616D6520697320746FAB
:109608006F206C6F6E672100444843502073686F69
:10961800756C6420626520656E61626C65642061AA
:1096280074207468697320706F696E742C20627579
:1096380074206974206973206E6F74210000000023
:10964800646863705F7063625F726566636F756E8E
:109658007428293A20726566636F756E7420657286
:10966800726F7200646863705F696E635F706362D3
:109678005F726566636F756E7428293A206D656D33
:109688006F7279206C65616B000000006368656328
:109698006B206465636F64655F696478000000002F
:1096A8006E6574696620213D204E554C4C000000C3
:1096B8006468637020213D204E554C4C000000002A
:1096C8006E6574696620616C726561647920686191
:1096D80073206120737472756374206468637020EA
:1096E80073657400696E76616C6964206468637080
:1096F8002D3E7374617465006172705F7461626C91
:10970800655B695D2E71203D3D204E554C4C000037
:1097180069203C204152505F5441424C455F5349B7
:109728005A4500006172705F7461626C655B695DC7
:109738002E7374617465203D3D2045544841525054
:109748005F53544154455F454D5054590000000043
:109758006E657469662D3E6877616464725F6C65D6
:109768006E203D3D204554485F4857414444525F70
:109778004C454E00636865636B20746861742066AD
:109788006972737420706275662063616E20686FF9
:109798006C64207374727563742065746861727088
:1097A8005F686472000000006E657469662D3E682B
:1097B80077616464725F6C656E206D757374206286
:1097C80065207468652073616D6520617320455458
:1097D800485F4857414444525F4C454E20666F727B
:1097E800206574686172702100000000697061640E
:1097F800647220213D204E554C4C00006574685F12
:1098080072657420213D204E554C4C006172705F8A
:109818007461626C655B6172705F6964785D2E73F8
:1098280074617465203E3D204554484152505F5351
:10983800544154455F535441424C45007479706516
:10984800206F766572666C6F770000006172705FDA
:109858007461626C655B695D2E7374617465203D2B
:109868003D2050454E44494E47206F722053544185
:10987800424C45006E6F207061636B657420717592
:109888006575657320616C6C6F77656421000000F5
:109898007120213D204E554C4C00000063686563E3
:1098A8006B207468617420666972737420706275C5
:1098B800662063616E20686F6C642069636D702038
:1098C8006D6573736167650069636D705F696E705C
:1098D80075743A206D6F76696E6720722D3E7061DF
:1098E800796C6F616420746F2069636D702068659E
:1098F80061646572206661696C65640069636D7096
:109908005F696E7075743A20726573746F72696EF0
:1099180067206F726967696E616C20702D3E706197
:10992800796C6F6164206661696C65640000000091
:1099380073616E69747920636865636B206C696E06
:109948006B6564206C697374000000007072657642
:1099580020213D2069707200707265762D3E6E651B
:109968007874203D3D206970720000007062756651
:10997800735F6672656564202B20636C656E203C9E
:109988003D203078666666660000000069705F7288
:10999800656173735F70627566636F756E74203E80
:1099A8003D2070627566735F6672656564000000CD
:1099B80070637220213D204E554C4C0063686563EE
:1099C8006B20667261676D656E747320646F6E27B5
:1099D80074206F7665726C61700000006E6F207085
:1099E800726576696F757320667261676D656E74EE
:1099F8002C2074686973206D7573742062652074F7
:109A0800686520666972737420667261676D656E39
:109A18007421000073616E69747920636865636BF3
:109A28000000000076616C69646174655F6461744C
:109A3800616772616D3A6E6578745F7062756621F0
:109A48003D4E554C4C00000069705F726561737340
:109A58005F70627566636F756E74203E3D20636C3F
:109A6800656E000069707220213D204E554C4C00F7
:109A78006E6F74206669727374616C74686F756751
:109A880068206A75737420656E7175657565640004
:109A980074686973206E65656473206120706275EF
:109AA8006620696E206F6E652070696563652100A8
:109AB800702D3E6C656E203E3D20706F666600001E
:109AC800702D3E726566203D3D20310063686563F8
:109AD8006B20746861742066697273742070627593
:109AE800662063616E20686F6C642073747275639E
:109AF800742069705F686472000000006163645FCD
:109B0800636F6E666C6963745F63616C6C626163DA
:109B18006B20213D204E554C4C0000006163645F72
:109B280072656D6F766528293A20616364206E6FCF
:109B380074206F6E206C6973740A00006E65746916
:109B4800662D3E6877616464725F6C656E206D7522
:109B58007374206265203620666F722065746865AC
:109B6800726E65745F6F7574707574210000000003
:109B7800776F726B6572203D3D20266C7769705F48
:109B880074696D656F75745F776F726B65720000CD
:109B9800433A2F50726F6772616D2046696C657326
:109BA8002F5261737062657272792050692F506903
:109BB800636F2053444B2076312E352E312F706938
:109BC800636F2D73646B2F7372632F7270325F63D0
:109BD8006F6D6D6F6E2F7069636F5F6C7769702F33
:109BE8006C7769705F6E6F7379732E630000000085
:109BF800776F726B6572203D3D2026616C776179C5
:109C0800735F70656E64696E675F757064617465B3
:109C18005F74696D656F75745F776F726B657200DD
:109C28002169735F61745F7468655F656E645F6FF7
:109C3800665F74696D65286561726C6965737429FE
:109C480000000000433A2F50726F6772616D204622
:109C5800696C65732F5261737062657272792050F6
:109C6800692F5069636F2053444B2076312E352E6F
:109C7800312F7069636F2D73646B2F7372632F724A
:109C880070325F636F6D6D6F6E2F7069636F5F61A8
:109C980073796E635F636F6E746578742F6173791F
:109CA8006E635F636F6E746578745F626173652E4F
:109CB8006300000028726F73635F68772D3E7374CA
:109CC80061747573202620524F53435F5354415497
:109CD80055535F454E41424C45445F4249545329D0
:109CE800202626202828636C6F636B735F68772DA6
:109CF8003E636C6B5B636C6B5F7379735D2E63742F
:109D0800726C202620434C4F434B535F434C4B5FB0
:109D18005359535F4354524C5F4155585352435F14
:109D2800424954532920213D2028434C4F434B534B
:109D38005F434C4B5F5359535F4354524C5F4155FB
:109D4800585352435F56414C55455F524F53435FFA
:109D5800434C4B535243203C3C20434C4F434B53C2
:109D68005F434C4B5F5359535F4354524C5F4155CB
:109D7800585352435F4C534229290000433A2F500D
:109D8800726F6772616D2046696C65732F526173DB
:109D98007062657272792050692F5069636F205321
:109DA800444B2076312E352E312F7069636F2D7319
:109DB800646B2F7372632F7270325F636F6D6D6F98
:109DC8006E2F7069636F5F72616E642F72616E646B
:109DD8002E63000069647820213D202D31000000A9
:109DE8006C696E6B20646F776E0000006A6F696E35
:109DF800696E67006E6F2069700000006C696E6B99
:109E0800207570006C696E6B206661696C000000DB
:109E18006E6574776F726B206661696C0000000074
:109E2800626164206175746800000000756E6B6E75
:109E38006F776E0063797734335F69735F696E6932
:109E48007469616C697A6564282663797734335F4D
:109E58007374617465290000433A2F50726F6772FA
:109E6800616D2046696C65732F526173706265720B
:109E780072792050692F5069636F2053444B2076C4
:109E8800312E352E312F7069636F2D73646B2F73EC
:109E980072632F7270325F636F6D6D6F6E2F7069B2
:109EA800636F5F63797734335F617263682F6379B7
:109EB8007734335F617263682E630000636F6E6E80
:109EC800656374207374617475733A2025730A008E
:109ED800737461747573203D3D2043595734335F63
:109EE8004C494E4B5F5550207C7C207374617475CF
:109EF80073203D3D2043595734335F4C494E4B5FE7
:109F080042414441555448207C7C207374617475E7
:109F180073203D3D2043595734335F4C494E4B5FC6
:109F28004641494C00000000636861696E5F746FC8
:109F3800203C3D204E554D5F444D415F4348414EC6
:109F48004E454C5300000000433A2F50726F677221
:109F5800616D2046696C65732F526173706265721A
:109F680072792050692F5069636F2053444B2076D3
:109F7800312E352E312F7069636F2D73646B2F73FB
:109F880072632F7270325F636F6D6D6F6E2F6861D1
:109F98007264776172655F646D612F696E636C7559
:109FA80064652F68617264776172652F646D612ED4
:109FB8006800000064726571203C3D2044524551A0
:109FC8005F464F52434500002173656C662D3E6223
:109FD80075735F6461746100433A2F50726F6772E2
:109FE800616D2046696C65732F526173706265728A
:109FF80072792050692F5069636F2053444B207643
:10A00800312E352E312F7069636F2D73646B2F736A
:10A0180072632F7270325F636F6D6D6F6E2F706930
:10A02800636F5F63797734335F6472697665722F23
:10A0380063797734335F6275735F70696F5F7370CC
:10A04800692E630074785F6C656E677468202626D5
:10A058002074785F6C656E677468203C2072785F46
:10A068006C656E6774680000212874785F6C656E93
:10A07800677468202620332900000000212828283A
:10A0880075696E747074725F74297478292026203B
:10A09800332900002128282875696E747074725F4E
:10A0A8007429727829202620332900002128727803
:10A0B8005F6C656E677468202620332900000000F5
:10A0C800666E20213D204241434B504C414E455F36
:10A0D80046554E4354494F4E00000000666E2021FD
:10A0E8003D204241434B504C414E455F46554E43FF
:10A0F80054494F4E207C7C20286C656E203C3D20C6
:10A1080043595734335F4255535F4D41585F424C72
:10A118004F434B5F53495A4529000000616C6967FA
:10A128006E65645F6C656E203E20302026262061B7
:10A138006C69676E65645F6C656E203C3D203078A5
:10A1480037663800627566203D3D2073656C662D64
:10A158003E737069645F627566207C7C20627566F8
:10A16800203C2073656C662D3E737069645F627570
:10A1780066207C7C20627566203E3D202873656CD5
:10A18800662D3E737069645F627566202B20736963
:10A198007A656F662873656C662D3E737069645FB7
:10A1A800627566292900000063797734335F726528
:10A1B80061645F6279746573206572726F722025BD
:10A1C80064000000737263203C2073656C662D3E4A
:10A1D800737069645F627566207C7C20737263208B
:10A1E8003E3D202873656C662D3E737069645F621E
:10A1F8007566202B2073697A656F662873656C66AF
:10A208002D3E737069645F6275662929000000003D
:10A2180049676E6F72696E6720696E76616C6964F2
:10A22800207061636B65740049676E6F72696E6751
:10A2380020746F6F20736D616C6C207061636B6547
:10A2480074000000574C414E3A206368616E6765A0
:10A258006420666C6F7720636F6E74726F6C3A203F
:10A268002564202D3E2025640A00000049676E6F92
:10A2780072696E6720666C6F7720636F6E74726F99
:10A288006C207061636B65740000000049676E6F35
:10A2980072696E6720746F6F20736D616C6C2063D8
:10A2A8006F6E74726F6C207061636B657400000070
:10A2B80049676E6F72696E67207061636B657420A1
:10A2C800776974682077726F6E67206964202564E7
:10A2D80020213D2025640A0049676E6F72696E6708
:10A2E80020746F6F20736D616C6C206461746120E1
:10A2F8007061636B6574000049676E6F72696E67A1
:10A3080020746F6F20736D616C6C206173796E635C
:10A31800207061636B657400696E636F7272656348
:10A3280074206F7569000000756E6B6E6F776E2014
:10A3380068656164657200005B43595734335D207A
:10A3480063797734335F6B736F5F73657428256443
:10A35800293A206661696C65640A0000666E203DD2
:10A368003D204241434B504C414E455F46554E437C
:10A3780054494F4E00000000433A2F50726F6772E5
:10A38800616D2046696C65732F52617370626572E6
:10A3980072792050692F5069636F2053444B20769F
:10A3A800312E352E312F7069636F2D73646B2F6CCE
:10A3B80069622F63797734332D6472697665722FF9
:10A3C8007372632F63797734335F6C6C2E6300008C
:10A3D80073697A65203D3D20340000005B4359577E
:10A3E80034335D20636F7265206E6F7420696E2050
:10A3F80072657365740000005B43595734335D2000
:10A40800636F7265206E6F7420757000646174618B
:10A4180020636F6D65732066726F6D206578746553
:10A42800726E616C2073746F726167652076696102
:10A4380020627566666572206F662073697A65208A
:10A4480025750A0056657273696F6E3A2000000020
:10A458005B43595734335D20636F756C64206E6FAE
:10A46800742066696E642076616C6964206669721E
:10A478006D776172650000002828646573745F61F8
:10A488006464722026204241434B504C414E455F44
:10A49800414444525F4D41534B29202B20737A2964
:10A4A800203C3D20284241434B504C414E455F41A2
:10A4B8004444525F4D41534B202B2031290000006A
:10A4C8005B43595734335D20427573206572726F50
:10A4D8007220636F6E646974696F6E206465746559
:10A4E8006374656420307825780A00005350492049
:10A4F800696E76616C696420627974657320706531
:10A508006E64696E6720256C750A00004E6F2070B6
:10A5180061636B6574207A65726F2073697A652050
:10A5280068656164657200005B43595734335D2088
:10A538006572726F723A20686472206D69736D611A
:10A548007463682025303478205E20253034780AFA
:10A5580000000000676F7420756E6578706563741D
:10A568006564207061636B65742025640A000000CF
:10A578005B43595734335D205354414C4C2825755F
:10A588003B25752D2575293A2074696D656F75749D
:10A598000A0000005B43595734335D20646F5F69DC
:10A5A8006F63746C3A20676F7420756E6578706598
:10A5B80063746564207061636B65742025640A00A8
:10A5C8005B43595734335D20646F5F696F63746C04
:10A5D8002825752C2025752C202575293A20746985
:10A5E8006D656F75740A00005B43595734335D20FD
:10A5F800434C4D206C6F6164206661696C65640032
:10A608006275733A7478676C6F6D0000617073746B
:10A6180061000000616D7064755F62615F777369E6
:10A628007A650000616D7064755F6D706475000017
:10A63800616D7064755F72785F666163746F7200D4
:10A648006273736366673A6576656E745F6D736788
:10A65800730000004661696C656420746F20696E40
:10A66800697469616C6973652063797734330000B4
:10A678004661696C656420746F207265616420743A
:10A68800657374207061747465726E005B4359570A
:10A6980034335D204661696C656420746F2073747F
:10A6A8006172742043595734330000005B43595793
:10A6B80034335D2074696D656F75742077616974D2
:10A6C800696E6720666F7220414C5020746F20625B
:10A6D80065207365740000005B43595734335D206F
:10A6E8004854206E6F742072656164790000000020
:10A6F8005B43595734335D204632206E6F742072A5
:10A7080065616479000000006375725F657468654F
:10A718007261646472000000706D325F736C65650D
:10A72800705F72657400000062636E5F6C695F62DF
:10A73800636E000062636E5F6C695F6474696D00CC
:10A748006173736F635F6C697374656E00000000FA
:10A758006273736366673A7375705F777061000040
:10A768006273736366673A7375705F777061325F9F
:10A7780065617076657200006273736366673A7329
:10A7880075705F7770615F746D6F00006A6F696ED6
:10A79800000000006273736366673A73736964004C
:10A7A8006273736366673A77736563006273736392
:10A7B80066673A7770615F617574680032675F6DCC
:10A7C8007261746500000000627373005B4359573F
:10A7D80034335D2073656E645F65746865726E6599
:10A7E80074206661696C65643A2025640A0000007B
:10A7F8005069636F570000005B252038645D204175
:10A8080053594E4328253034782C00002573000016
:10A81800257500002C25752C25752C2575290A0011
:10A8280063797734335F69735F696E697469616CE2
:10A83800697A65642873656C66290000433A2F506D
:10A84800726F6772616D2046696C65732F52617310
:10A858007062657272792050692F5069636F205356
:10A86800444B2076312E352E312F7069636F2D734E
:10A87800646B2F6C69622F63797734332D64726946
:10A888007665722F7372632F63797734335F6374DD
:10A89800726C2E63000000006379773433206C6F8C
:10A8A80061646564206F6B2C206D616320253032F4
:10A8B800783A253032783A253032783A253032786D
:10A8C8003A253032783A253032780A005345545FB9
:10A8D80053534944000000004A4F494E000000000D
:10A8E80041555448000000004445415554485F49CB
:10A8F8004E4400004153534F430000004449534124
:10A9080053534F43000000004449534153534F43AE
:10A918005F494E44000000004C494E4B00000000C7
:10A9280050534B5F53555000455343414E5F52457A
:10A9380053554C54000000004353415F434F4D5062
:10A948004C4554455F494E44000000004153534F65
:10A95800435F5245515F4945000000004153534F42
:10A96800435F524553505F494500000070726F675E
:10A9780072616D2D3E6C656E677468203C3D205099
:10A98800494F5F494E535452554354494F4E5F43C4
:10A998004F554E5400000000433A2F50726F6772B3
:10A9A800616D2046696C65732F52617370626572C0
:10A9B80072792050692F5069636F2053444B207679
:10A9C800312E352E312F7069636F2D73646B2F73A1
:10A9D80072632F7270325F636F6D6D6F6E2F686177
:10A9E8007264776172655F70696F2F70696F2E632B
:10A9F800000000004E6F2070726F6772616D2073E7
:10AA080070616365000000004E6F2050494F20734D
:10AA180074617465206D616368696E657320617225
:10AA28006520617661696C61626C650070726F6740
:10AA380072616D5F6D61736B203D3D20285F75739A
:10AA480065645F696E737472756374696F6E5F7342
:10AA5800706163655B70696F5F6765745F696E6479
:10AA680065782870696F295D20262070726F67727B
:10AA7800616D5F6D61736B29000000004E6F2044AB
:10AA88004D41206368616E6E656C7320617265204C
:10AA9800617661696C61626C65000000636F6E7459
:10AAA800657874203D3D2063797734335F6173792D
:10AAB8006E635F636F6E746578740000433A2F505D
:10AAC800726F6772616D2046696C65732F5261738E
:10AAD8007062657272792050692F5069636F2053D4
:10AAE800444B2076312E352E312F7069636F2D73CC
:10AAF800646B2F7372632F7270325F636F6D6D6F4B
:10AB08006E2F7069636F5F63797734335F6472693E
:10AB18007665722F63797734335F6472697665720C
:10AB28002E630000776F726B6572203D3D2026739F
:10AB38006C6565705F74696D656F75745F776F724A
:10AB48006B6572006765745F636F72655F6E756DC4
:10AB58002829203D3D206173796E635F636F6E74B1
:10AB68006578745F636F72655F6E756D286379775A
:10AB780034335F6173796E635F636F6E7465787485
:10AB88002900000066756E63203D3D2063797734A7
:10AB9800335F706F6C6C00005761726E696E672E60
:10ABA800204E6F206D616320696E206F74702E20B7
:10ABB80047656E65726174696E67206D61632066B2
:10ABC800726F6D20626F617264206964000000001A
:10ABD80073656C662D3E636F72652E636F72655F79
:10ABE8006E756D203D3D206765745F636F72655FAC
:10ABF8006E756D2829000000433A2F50726F6772F6
:10AC0800616D2046696C65732F526173706265725D
:10AC180072792050692F5069636F2053444B207616
:10AC2800312E352E312F7069636F2D73646B2F733E
:10AC380072632F7270325F636F6D6D6F6E2F706904
:10AC4800636F5F6173796E635F636F6E7465787449
:10AC58002F6173796E635F636F6E746578745F7468
:10AC68006872656164736166655F6261636B677270
:10AC78006F756E642E6300006765745F636F72653D
:10AC88005F6E756D2829203D3D2073656C662D3EED
:10AC9800636F72652E636F72655F6E756D0000007D
:10ACA8006765745F636F72655F6E756D2829203DF7
:10ACB8003D2073656C665F626173652D3E636F72DC
:10ACC800655F6E756D000000696E646578203C20D4
:10ACD800636F756E745F6F66286173796E635F6307
:10ACE8006F6E74657874735F62795F757365725F90
:10ACF800697271290000000073656C662D3E636FF0
:10AD080072652E636F72655F6E756D203D3D2061C3
:10AD18006C61726D5F706F6F6C5F636F72655F6E91
:10AD2800756D2873656C662D3E616C61726D5F7020
:10AD38006F6F6C29000000007364615F74785F684E
:10AD48006F6C645F636F756E74203C3D206C636E3E
:10AD580074202D2032000000433A2F50726F677222
:10AD6800616D2046696C65732F52617370626572FC
:10AD780072792050692F5069636F2053444B2076B5
:10AD8800312E352E312F7069636F2D73646B2F73DD
:10AD980072632F7270325F636F6D6D6F6E2F6861B3
:10ADA8007264776172655F6932632F6932632E63FB
:10ADB8000000000008000000090000000A00000070
:10ADC8000B0000000F0000002E170010F4150010F3
:10ADD80010160010341600104E16001092160010AF
:10ADE800AC160010D0160010EC160010101700104A
:10ADF800B217001082170010881700108E17001065
:10AE0800941700109A170010A0170010A61700102A
:10AE1800AC1700107570646174655F75735F736952
:10AE28006E63655F626F6F74000000007570646127
:10AE380074655F75735F73696E63655F626F6F7466
:10AE4800000000006770696F5F72656D6F76655FFF
:10AE58007261775F6972715F68616E646C65725F59
:10AE68006D61736B656400006770696F5F6164642E
:10AE78005F7261775F6972715F68616E646C657239
:10AE88005F776974685F6F726465725F7072696F0B
:10AE9800726974795F6D61736B65640068775F636D
:10AEA8006C61696D5F636C65617200006972715FE6
:10AEB8006164645F7461696C5F746F5F6672656515
:10AEC8005F6C697374000000696E736572745F6209
:10AED80072616E63685F616E645F6C696E6B0000BF
:10AEE8006972715F72656D6F76655F68616E646CBB
:10AEF800657200006D616B655F6272616E63680008
:10AF08007265736F6C76655F6272616E636800006C
:10AF18006972715F6164645F7368617265645F68B8
:10AF2800616E646C657200006972715F7365745F4D
:10AF38006578636C75736976655F68616E646C6566
:10AF4800720000007265637572736976655F6D756E
:10AF58007465785F65786974000000006D757465C4
:10AF6800785F6578697400006D757465785F656EE3
:10AF78007465725F626C6F636B5F756E74696C0089
:10AF88007570646174655F75735F73696E63655F1F
:10AF9800626F6F7400000000726563757273697682
:10AFA800655F6D757465785F7472795F656E7465D9
:10AFB800720000007265637572736976655F6D75FE
:10AFC8007465785F656E7465725F626C6F636B69D8
:10AFD8006E670000726570656174696E675F746999
:10AFE8006D65725F63616C6C6261636B0000000089
:10AFF800616C61726D5F706F6F6C5F63616E6365CA
:10B008006C5F616C61726D00616C61726D5F706F15
:10B018006F6C5F6765745F64656661756C7400006A
:10B028006765745F656E7472795F69645F68696784
:10B038006800000070685F667265655F6E6F6465C2
:10B048000000000070685F6164645F6368696C6435
:10B058005F6E6F646500000070685F696E7365728B
:10B06800745F6E6F6465000070685F6765745F6E1B
:10B078006F6465006164645F616C61726D5F756EB9
:10B088006465725F6C6F636B0000000075706461CB
:10B0980074655F75735F73696E63655F626F6F7404
:10B0A80000000000616C61726D5F706F6F6C5F61B2
:10B0B8006C61726D5F63616C6C6261636B00000050
:10B0C8006765745F656E74727900000000000000A7
:10B0D800FFFFFFFFFFFFFF7F6861726477617265A2
:10B0E8005F616C61726D5F7365745F7461726765CF
:10B0F800740000007570646174655F75735F7369CF
:10B108006E63655F626F6F740000000070685F7245
:10B11800656D6F76655F616E645F667265655F6EAB
:10B128006F64650070685F72656D6F76655F616EEC
:10B13800795F68656164000070685F6164645F637B
:10B1480068696C645F6E6F646500000070685F67B3
:10B1580065745F6E6F646500636C6F636B5F636FCC
:10B168006E66696775726500706C6C5F696E69748C
:10B178000000000072756E74696D655F696E6974B0
:10B1880000000000A6520010BE520010BE5200106F
:10B19800B2520010BE520010BE520010BE52001033
:10B1A800BE520010BE520010BE520010BE52001017
:10B1B8009A520010BE5200108E520010BE5200105B
:10B1C800BE520010825200109E530010CE53001041
:10B1D800F0530010CE53001078530010CE530010D7
:10B1E800CE530010CE530010CE530010CE53001093
:10B1F800CE530010CE530010C0530010CE53001091
:10B20800CE530010CE530010CE530010CE53001072
:10B2180000540010845800109A5800109A580010D2
:10B228009A5800109A5800109A5800109A5800100E
:10B238009A5800109A5800109A5800109A580010FE
:10B248009A5800109A5800109A5800109A580010EE
:10B258009A5800109A5800109A5800109A580010DE
:10B268009A5800109A5800109A5800109A580010CE
:10B278009A5800109A5800109A5800109A580010BE
:10B288009A5800109A5800109A5800109A580010AE
:10B298009A580010B25600106E560010B2560010A0
:10B2A8009A5800109A5800109A5800109A5800108E
:10B2B8009A5800109A5800109A5800109A5800107E
:10B2C8009A5800109A5800109A5800109A5800106E
:10B2D8009A5800109A5800109A5800109A5800105E
:10B2E8004E5400109A5800109A5800109A5800109E
:10B2F8009A5800109A5800109A5800109A5800103E
:10B308009A5800109A5800104E5400100A5700100E
:10B318004E540010B25600106E560010B25600106F
:10B32800000000000000F03F000000000000244082
:10B3380000000000000059400000000000408F405D
:10B34800000000000088C34000000000006AF840C8
:10B358000000000080842E4100000000D0126341EC
:10B368000000000084D797410000000065CDCD4162
:10B378005F5F61656162695F646F75626C655F6973
:10B388006E6974005F5F61656162695F666C6F61B9
:10B39800745F696E6974000006005250D3F07542FC
:10B3A8000C7C011006005250E182887F147C011049
:10B3B80006005250BBFF3CB62C7C01100D0A000061
:10B3C8007570646174655F75735F73696E63655FDB
:10B3D800626F6F7400000000F1680010F5680010DB
:10B3E8000169001051690010356900100000000063
:10B3F8000600525053B4F4A1B07C01107374646910
:10B408006F5F7573625F696E69740000757064615F
:10B4180074655F75735F73696E63655F626F6F7480
:10B428000000000000000000C47C0110D47C011062
:10B4380090A70220DC7C0110E87C0110090254006E
:10B44800030100807D080B000202020000090400CD
:10B458000001020200040524002001052401000166
:10B4680004240202052406000107058103080010D0
:10B4780009040100020A000000070502024000005A
:10B48800070582024000000904020000FF000105D0
:10B4980012010002EF0201408A2E0A000001010297
:10B4A800030100007069636F5F6765745F756E699B
:10B4B8007175655F626F6172645F69645F737472EE
:10B4C800696E6700666C6173685F646F5F636D6463
:10B4D800000000006463645F656470745F7866658B
:10B4E800720000006463645F656470745F6F706508
:10B4F8006E0000006463645F7365745F6164647206
:10B50800657373006463645F696E745F656E61621E
:10B518006C6500005F68775F656E64706F696E7454
:10B528005F616C6C6F6300006463645F696E69746B
:10B538000000000073796E635F65705F6275666610
:10B548006572000068760010CE7500100076001055
:10B558003276001068760010687600104E7600107B
:10B568000076001068760010687600106876001083
:10B57800687600106876001068760010687600100B
:10B58800E07500105E7B0010387B0010027D001013
:10B59800127B0010027D0010887A0010087B0010D2
:10B5A800027D0010A47A0010BC7A00105A7D0010A9
:10B5B8004C7D0010927D00105A7D0010747E0010A2
:10B5C800947E0010A67D0010F27D0010AC7E001065
:10B5D800A582001061830010A58300106984001003
:10B5E800958500100000000084B6011078B601109F
:10B5F8006CB6011060B6011054B6011048B60110BF
:10B608003CB6011030B6011024B6011018B601106E
:10B61800FC05060098700220A89C0220100010006B
:10B6280084940220A49C022010000800A096022006
:10B63800B49C022018000F002C6F0220A09C02204E
:10B6480020000500FC950220B09C0220100010008C
:10B65800189B0220C09C02201C000800249702208E
:10B66800BC9C02209C00050008980220B89C02207F
:10B67800200004001C9C0220C49C02201C00040022
:10B6880088950220AC9C0220DCA50220D4A50220CB
:10B69800D0A50220E4A5022003060C18306078002B
:10B6A800010203040506070707070707070000004C
:10B6B800FEC20010FEC20010B0BE0010F6BF00109F
:10B6C8002EC100104EC10010FAC100102EC100108A
:10B6D8005AC20010C6C20010FA00000051AF001094
:10B6E800E803000045040110E803000031F80010E9
:10B6F80060EA000051F20010F401000009F30010A4
:10B70800640000009D0F011076EB001068EB00103C
:10B71800D8EB00107CEB0010D8EB0010D8EB001031
:10B72800D8EB0010D8EB0010D8EB0010D8EB0010C5
:10B73800D8EB0010D8EB0010D8EB0010D8EB0010B5
:10B74800D8EB0010D8EB0010D8EB0010D8EB0010A5
:10B75800D8EB0010D8EB0010D8EB0010D8EB001095
:10B76800D8EB0010D8EB0010D8EB0010D8EB001085
:10B77800D8EB0010D8EB0010D8EB0010D8EB001075
:10B78800D8EB0010D8EB0010D8EB0010D8EB001065
:10B79800D8EB0010D8EB0010D8EB0010D8EB001055
:10B7A800D8EB0010D8EB0010D8EB0010D8EB001045
:10B7B800D8EB0010D8EB0010D8EB0010D8EB001035
:10B7C800D8EB0010D8EB0010D8EB0010D8EB001025
:10B7D800D8EB001088EB001094EB0010A8EB0010D9
:10B7E800B4EB0010D8EB0010D8EB0010D8EB001029
:10B7F800C0EB0010CCEB001001031C00FFFFFFFFA3
:10B80800000000000000000000000000FFFFFFFF34
:10B81800FFFF00007570646174655F75735F73691D
:10B828006E63655F626F6F74000000006C7769700B
:10B838005F74696D656F75745F726561636865646F
:10B84800000000007570646174655F6E6578745FF0
:10B8580074696D656F7574007570646174655F7582
:10B86800735F73696E63655F626F6F7400000000D9
:10B878006173796E635F636F6E746578745F62611C
:10B8880073655F72656D6F76655F72656164795F18
:10B8980061745F74696D655F776F726B65720000C4
:10B8A8007570646174655F75735F73696E63655FF6
:10B8B800626F6F7400000000636170747572655F79
:10B8C8006164646974696F6E616C5F726F73635FE2
:10B8D80073616D706C657300696E697469616C6918
:10B8E80073655F72616E64002A1C0110261C0110CA
:10B8F800221C0110161C0110321C01101A1C011008
:10B908001E1C01107570646174655F75735F7369DF
:10B918006E63655F626F6F7400000000637977344F
:10B92800335F617263685F776966695F636F6E6EC4
:10B938006563745F62737369645F756E74696C00C4
:10B9480063797734335F617263685F656E61626CD7
:10B95800655F7374615F6D6F646500006379773448
:10B96800335F77726974655F62797465730000008C
:10B9780063797734335F726561645F627974657384
:10B9880000000000726561645F7265675F7533323D
:10B998005F737761700000006368616E6E656C5F4D
:10B9A800636F6E6669675F7365745F647265710063
:10B9B8006368616E6E656C5F636F6E6669675F73FF
:10B9C80065745F636861696E5F746F00637977346B
:10B9D800335F7370695F7472616E736665720000BD
:10B9E80063797734335F7370695F696E69740000D7
:10B9F80000BA011006FF00000160401080E042B06C
:10BA0800014084100000205000003050B236011070
:10BA1800AC360110AC360110AC360110AC36011052
:10BA2800B2360110AC360110AC360110CE3601101A
:10BA3800AC360110883601109A36011063797734D4
:10BA4800335F646F776E6C6F61645F7265736F7577
:10BA58007263650063797734335F77726974655F01
:10BA68007265670063797734335F726561645F720A
:10BA780065670000000000006514000091130000D5
:10BA8800911300009113000091130000911300001E
:10BA9800911300009113000091130000911300000E
:10BAA80091130000911300009113000091130000FE
:10BAB80091130000911300009113000091130000EE
:10BAC80091130000911300009113000091130000DE
:10BAD80091130000911300009113000091130000CE
:10BAE80091130000911300009113000091130000BE
:10BAF8009113000000480047651400000000000092
:10BB0800000000000000000000000000000000002D
:10BB1800000000000000000000000000000000001D
:10BB2800000000000000000000000000000000000D
:10BB380000000000000000000000000000000000FD
:10BB480000000000000000000000000000000000ED
:10BB580000000000000000000000000000000000DD
:10BB6800000000004442505018600100000000002E
:10BB780000000000C51B0000C51B0000C51B00001D
:10BB8800C51B0000C51B0000C51B0000C51B00002D
:10BB9800D9130000D513000015140000DD3D000086
:10BBA800793900003B330000D93D0000C935000059
:10BBB800B13900001D3E00004FD50100D93A000000
:10BBC800133400007F340000893E00008B3E0000E3
:10BBD800FB380000AD3D00004DD50100C51B00003D
:10BBE800C51B0000C51B0000C51B0000C51B0000CD
:10BBF800C51B0000C51B0000C51B0000C51B0000BD
:10BC0800C51B0000C51B0000C51B0000C51B0000AC
:10BC1800C51B00009FDC0000C51B0000C51B000001
:10BC2800C51B0000C51B0000C51B0000C51B00008C
:10BC3800C51B0000C51B0000C51B0000C51B00007C
:10BC4800C51B0000C51B0000C51B0000C51B00006C
:10BC580047FC0000C51B0000A3FD0000C51B000039
:10BC6800C51B00009FFD00002BFC0000C51B000049
:10BC7800C51B0000C51B0000772E01005B330100C7
:10BC88001B3501006F340100DF3301001F32010052
:10BC9800C51B0000C51B0000C51B0000BD35010009
:10BCA800C51B0000C51B0000C51B0000C51B00000C
:10BCB800C51B0000C51B0000C51B0000C51B0000FC
:10BCC800C51B0000C51B0000C51B0000C51B0000EC
:10BCD800C51B0000C51B0000C51B0000C51B0000DC
:10BCE800C51B0000C51B0000C51B0000C51B0000CC
:10BCF800C51B0000C51B0000C51B0000C51B0000BC
:10BD0800C51B0000C51B0000C51B0000C51B0000AB
:10BD1800C51B0000C51B0000C51B0000C51B00009B
:10BD2800C51B0000C51B0000C51B0000C51B00008B
:10BD38007916000081160000191F0000352E00003A
:10BD4800892E0000ED3F0000F93F00006951000016
:10BD5800D1B10000B9DC0000B1FB0000C135010021
:10BD6800691600008D1600009D1700009D18000040
:10BD7800E51B0000851C0000F51C0000791D000073
:10BD8800251F0000A12E0000953F0000054000007F
:10BD980005490000474C00009D4D0000A54D0000DE
:10BDA800A94D0000C51B0000C54D0000FD4D000059
:10BDB800054E00005B4E00005F4E00006D4E000017
:10BDC800956C0000C51B000085510000C51B0000D4
:10BDD800056D00003D94000081A2000059A30000F9
:10BDE800C9A30000C5CA0000E5CA0000E1CE0000F2
:10BDF800C1DC0000D1DC00002FE2000049E40000B3
:10BE080091E8000083FB000089FB00001D1701007A
:10BE180001000000000000082000000000020000EF
:10BE280004000000FF0300005000000001000000B3
:10BE3800010000000A0708010000000008000000D7
:10BE480001040000010000000400040008000100D3
:10BE580000000000000000000000000000000000DA
:10BE680000000000000000000000000000000000CA
:10BE780000000000000000000000000000000000BA
:10BE880000000000000000000000000000000000AA
:10BE9800000000000000000000000000000000009A
:10BEA800000000000000000000000000000000008A
:10BEB800000000000000000000000000000000007A
:10BEC800000000000000000000000000000000006A
:10BED800000000000000000000000000000000005A
:10BEE800000000000000000000000000000000004A
:10BEF800000000000000000000000000000000003A
:10BF08000000000000000000000000000000000029
:10BF18000000000000000000000000000000000019
:10BF28000000000000000000000000000000000009
:10BF380000000000000000000000000000000000F9
:10BF480000000000000000000000000000000000E9
:10BF580000000000000000000000000000000000D9
:10BF680000000000000000000000000000000000C9
:10BF780000000000000000000000000000000000B9
:10BF880000000000000000000000000000000000A9
:10BF98000000000000000000000000000000000099
:10BFA8000000000000000000000000000000000089
:10BFB8000000000000000000000000000000000079
:10BFC8000000000000000000000000000000000069
:10BFD8000000000000000000000000000000000059
:10BFE8000000000000000000000000000000000049
:10BFF8000000000000000000000000000000000039
:10C008000000000000000000000000000000000028
:10C018000000000000000000000000000000000018
:10C028000000000000000000000000000000000008
:10C0380000000000000000000000000000000000F8
:10C0480000000000000000000000000000000000E8
:10C0580000000000000000000000000000000000D8
:10C0680000000000000000000000000000000000C8
:10C0780000000000000000000000000000000000B8
:10C0880000000000000000000000000000000000A8
:10C098000000000000000000000000000000000098
:10C0A8000000000000000000000000000000000088
:10C0B8000000000000000000000000000000000078
:10C0C8000000000000000000000000000000000068
:10C0D8000000000000000000000000000000000058
:10C0E8000000000000000000000000000000000048
:10C0F8000000000000000000000000000000000038
:10C108000000000000000000000000000000000027
:10C118000000000000000000000000000000000017
:10C128000000000000000000000000000000000007
:10C1380000000000000000000000000000000000F7
:10C1480000000000000000000000000000000000E7
:10C1580000000000000000000000000000000000D7
:10C1680000000000000000000000000000000000C7
:10C1780000000000000000000000000000000000B7
:10C1880000000000000000000000000000000000A7
:10C198000000000000000000000000000000000097
:10C1A8000000000000000000000000000000000087
:10C1B8000000000000000000000000000000000077
:10C1C8000000000000000000000000000000000067
:10C1D8000000000000000000000000000000000057
:10C1E8000000000000000000000000000000000047
:10C1F8000000000000000000000000000000000037
:10C208000000000000000000000000000000000026
:10C218000000000000000000000000000000000016
:10C228000000000000000000000000000000000006
:10C2380000000000000000000000000000000000F6
:10C2480000000000000000000000000000000000E6
:10C2580000000000000000000000000000000000D6
:10C2680000000000000000000000000000000000C6
:10C278000000000000F459B200000000FFF75E9FC4
:10C288000000000000F463B100000000FFF7419DCA
:10C2980000000000FFF76D9C00000000F3F7AE9867
:10C2A80000000000E9F7679E00000000E5F7989D90
:10C2B80000000000E4F7829F00000000D3F77C9B99
:10C2C80000000000CFF7EC9900000000C9F7D89EE5
:10C2D80000000000C8F75A9F00000000C8F7B49C8F
:10C2E80000000000C2F7549F00000000C0F7449C03
:10C2F80000000000C0F7329A00000000BFF78C9DD4
:10C3080000000000BFF7569F00000000C2F71E9D06
:10C3180000000000E1F7C29C00000000BFF704988D
:10C3280000000000BEF7A69E00000000BDF77C9F3D
:10C3380000000000BBF76D9C00000000A2F73E9DC6
:10C3480000000000B7F7E29A00000000DDF7329B1A
:10C3580000000000B9F7889E00000000B2F7669B55
:10C3680000000000B2F7F69A00000000B2F77C99CE
:10C3780000000000B1F7869A00000000DAF7669C1A
:10C3880000000000B0F76E9E00000000C1F7FE9AA2
:10C3980000000000AEF73B9B00000000A0F7F69DF0
:10C3A80000000000A0F7169C00000000ABF7F09E0C
:10C3B80000000000A2F7E09C00000000A2F7DE9A4F
:10C3C80000000000A0F7FB98000000009FF7AE9F58
:10C3D800000000009EF7B699000000009DF77C9DC4
:10C3E800000000009BF7329D000000009AF7F89FBC
:10C3F80000000000A0F7E09E00000000A0F70F9FDB
:10C408000000000099F7DE9A00000000A0F7939C56
:10C4180000000000D7F7289F00000000D7F71C9AFB
:10C4280000000000D7F7169C00000000D9F78A9C8E
:10C438000000000093F7709A0000000093F77699C7
:10C448000000000093F7CD9D0000000093F77D9B4E
:10C458000000000093F7B89A0000000092F7649F6C
:10C468000000000092F7029D0000000092F7D29AA7
:10C478000000000092F700990000000092F714985D
:10C488000000000092F7129B000000008FF724992B
:10C4980000000000D7F7449B00000000D7F7129B6C
:10C4A80000000000D6F7989E000000008CF7539C0F
:10C4B800000000008CF7939D000000008BF74B9F55
:10C4C800000000008CF78E990000000089F7749E28
:10C4D8000000000000000000000000000000000054
:10C4E8000000000000000000000000000000000044
:10C4F8000000000000000000000000000000000034
:10C508000000000000000000000000000000000023
:10C518000000000000000000000000000000000013
:10C528000000000000000000000000000000000003
:10C5380000000000000000000000000000000000F3
:10C5480000000000000000000000000000000000E3
:10C5580000000000000000000000000000000000D3
:10C5680000000000000000000000000000000000C3
:10C5780000000000000000000000000000000000B3
:10C5880000000000000000000000000000000000A3
:10C598000000000000000000000000000000000093
:10C5A8000000000000000000000000000000000083
:10C5B8000000000000000000000000000000000073
:10C5C8000000000000000000000000000000000063
:10C5D8000000000000000000000000000000000053
:10C5E8000000000000000000000000000000000043
:10C5F8000000000000000000000000000000000033
:10C608000000000000000000000000000000000022
:10C618000000000000000000000000000000000012
:10C628000000000000000000000000000000000002
:10C6380000000000000000000000000000000000F2
:10C6480000000000000000000000000000000000E2
:10C6580000000000000000000000000000000000D2
:10C6680000000000000000000000000000000000C2
:10C6780000000000000000000000000000000000B2
:10C6880000000000000000000000000000000000A2
:10C698000000000000000000000000000000000092
:10C6A8000000000000000000000000000000000082
:10C6B8000000000000000000000000000000000072
:10C6C8000000000000000000000000000000000062
:10C6D8000000000000000000000000000000000052
:10C6E8000000000000000000000000000000000042
:10C6F8000000000000000000000000000000000032
:10C708000000000000000000000000000000000021
:10C718000000000000000000000000000000000011
:10C728000000000000000000000000000000000001
:10C7380000000000000000000000000000000000F1
:10C7480000000000000000000000000000000000E1
:10C7580000000000000000000000000000000000D1
:10C7680000000000000000000000000000000000C1
:10C7780000000000000000000000000000000000B1
:10C7880000000000000000000000000000000000A1
:10C798000000000000000000000000000000000091
:10C7A8000000000000000000000000000000000081
:10C7B8000000000000000000000000000000000071
:10C7C8000000000000000000000000000000000061
:10C7D8000000000000000000000000000000000051
:10C7E8000000000000000000000000000000000041
:10C7F8000000000000000000000000000000000031
:10C808000000000000000000000000000000000020
:10C818000000000000000000000000000000000010
:10C828000000000000000000000000000000000000
:10C8380000000000000000000000000000000000F0
:10C8480000000000000000000000000000000000E0
:10C8580000000000000000000000000000000000D0
:10C8680000000000000000000000000000000000C0
:10C8780000000000000000000000000000000000B0
:10C8880000000000000000000000000000000000A0
:10C898000000000000000000000000000000000090
:10C8A8000000000000000000000000000000000080
:10C8B8000000000000000000000000000000000070
:10C8C8000000000000000000000000000000000060
:10C8D8000000000000000000000000000000000050
:10C8E8000000000000000000000000000000000040
:10C8F8000000000000000000000000000000000030
:10C90800000000000000000000000000000000001F
:10C91800000000000000000000000000000000000F
:10C9280000000000000000000000000000000000FF
:10C9380000000000000000000000000000000000EF
:10C9480000000000000000000000000000000000DF
:10C9580000000000000000000000000000000000CF
:10C9680000000000000000000000000000000000BF
:10C9780000000000000000000000000000000000AF
:10C98800000000000000000000000000000000009F
:10C99800000000000000000000000000000000008F
:10C9A800000000000000000000000000000000007F
:10C9B800000000000000000000000000000000006F
:10C9C800000000000000000000000000000000005F
:10C9D800000000000000000000000000000000004F
:10C9E800000000000000000000000000000000003F
:10C9F800000000000000000000000000000000002F
:10CA0800000000000000000000000000000000001E
:10CA1800000000000000000000000000000000000E
:10CA280000000000000000000000000000000000FE
:10CA380000000000000000000000000000000000EE
:10CA480000000000000000000000000000000000DE
:10CA580000000000000000000000000000000000CE
:10CA680000000000000000000000000000000000BE
:10CA780000000000D41B8000040000000008000033
:10CA8800B422800004000000080800007823800019
:10CA98000400000010080000C42780000400000003
:10CAA800180800003028800004000000200800005A
:10CAB800D8178100040000002808000000D0810079
:10CAC80004000000300800001C148200040000006C
:10CAD80038080000283882000400000040080000E0
:10CAE8006C6683000400000048080000ACAD8300B9
:10CAF800040000005008000008088400040000003A
:10CB0800580800001C1A8400040000006008000097
:10CB18009822840004000000680800002C8A840021
:10CB28000400000070080000D8BE84000400000063
:10CB380078080000C0BF84000400000080080000DE
:10CB480010C38400040000008808000078C984002D
:10CB580004000000900800002C91840004000000EC
:10CB6800980800000C4C820004000000A008000097
:10CB7800FCD9840004000000A808000084E38400B5
:10CB880004000000B008000018EC84000400000055
:10CB9800B80800000C19850004000000C008000057
:10CBA80084C0860004000000C808000044668500B0
:10CBB80004000000D008000010A282000400000059
:10CBC800D8080000003B850004000000E0080000D1
:10CBD80084B6850004000000E8080000E8B6850077
:10CBE80004000000F0080000CCBA85000400000032
:10CBF800F8080000F8C885000400000000090000DB
:10CC0800B0BE82000400000008090000ACD4850012
:10CC18000400000010090000E09B840004000000EC
:10CC280018090000B8FB8500040000002009000076
:10CC380038E3860004000000280900006CEA86003A
:10CC480004000000300900002825860004000000C8
:10CC580038090000F0C08600040000004009000008
:10CC68003CC38600040000004809000018F986004B
:10CC7800040000005009000064FA86000400000067
:10CC880058090000440987000400000060090000FA
:10CC980010138700040000006809000010338700A3
:10CCA80004000000700900005C3B870004000000DD
:10CCB80078090000A0D9860004000000800900005F
:10CCC80058DA86000400000088090000B860870070
:10CCD800040000009009000018E08600040000002D
:10CCE80098090000ACE4820004000000A0090000DC
:10CCF80058EF820004000000A8090000E4F1820057
:10CD080004000000B0090000C0F282000400000026
:10CD1800B8090000D4D1870004000000C009000051
:10CD2800D4D4870004000000C8090000BCD68700DE
:10CD380004000000D0090000F4D9870004000000B6
:10CD4800D8090000C0DA870004000000E0090000EC
:10CD5800DCDC870004000000E8090000F8DC87003C
:10CD680004000000F009000088DD870004000000CE
:10CD7800F80900007CE2870004000000000A0000B7
:10CD8800CCE3870004000000080A0000F4E58700EF
:10CD980004000000100A000090268800040000002B
:10CDA800180A0000A40B830004000000200A0000F9
:10CDB8007C0E830004000000280A00000819830084
:10CDC80004000000300A00005058880004000000E9
:10CDD800380A00002059880004000000400A0000BA
:10CDE800D462880004000000480A000084698800B2
:10CDF80004000000500A0000DC98880004000000CD
:10CE0800580A00006846836941690BB503695A46A8
:10CE180051460EB44A46414606B4C3688268416822
:10CE2800FEB40368C269EFF303810EB48269EFF3BD
:10CE3800058106B4034801680029FED06846884782
:10CE480014B000BD3C14000062B6704772B670475B
:10CE580004490840002803D003490A6802430A60CD
:10CE680070470000FFFF000000E100E004490840AF
:10CE7800002804D003490A68C04302400A6070478A
:10CE8800FFFF000080E100E002490968902288580D
:10CE98007047000044140000024909689C22885029
:10CEA8007047000044140000DDBAADBB000000006C
:10CEB800000000000000000000000000000000006A
:10CEC8000000000000000000024A11681060081C01
:10CED800704700003C1400005648574900220A5089
:10CEE8000168564A0A40564F0F403F4206D1504605
:10CEF800004202D04046004229D1FEE7FC214158B9
:10CF08000A680F2313400F2BF1D0012B01D00431F5
:10CF1800F6E708314B4B13404B4CA34206D100F0C7
:10CF2800C1F8804600F0CAF88146E9E7474CA342B9
:10CF3800E6D10B1F1B68464C23401824E3409C464F
:10CF480000F0B0F8824600F0B9F88346D8E74149C6
:10CF580021224250374A40498958FF23194219D0A3
:10CF680051683E4B194215D01168344B1940D36AA9
:10CF780010E0A3420ED0C0460CE039498958194246
:10CF880008D03849895819409942FAD1364B116965
:10CF98001942FCD049463F4204D19823CB5810246B
:10CFA800E34001E0314BCB581C242340002B01D037
:10CFB80000F092F840462E49086048462D4908601E
:10CFC80050462D49086060462C4908602C490F607E
:10CFD8002C4D2D490D602D482D49002204C0814259
:10CFE800FCD8043DAD46009DEC431023DD41AC4226
:10CFF80010D1240CA400274D2C606B461B1B26481F
:10D00800264D2860002C05D01D68056004330430C7
:10D01800043CF9DC81B0224B1B490D68ED1A0D6008
:10D028006C46E41AA546684600090001854600F0EA
:10D03800D7FCFEE70000001814060000FFFF000000
:10D04800000000F000FF0F00002A0800000E080092
:10D05800000000FFE00100000406000000003800A6
:10D06800180600000C06000000100000080400006C
:10D0780044140000481400004C1400005014000030
:10D088004014000000000800945C0100BC5F01002F
:10D098009C6601009C5C01008C750200985C010094
:10D0A8000000010008680F2204310240052AF9D166
:10D0B800014A1040F746000000F0FFFF08680F2201
:10D0C80004310240052AF9D180221042F6D0014AE3
:10D0D8001040F74600F0FFFFFEE7000000487047E9
:10D0E800BC5F010000487047FC5F010000487047C2
:10D0F80060600100004870470860010003F04ABA08
:10D1080001238B402DE9F74FB3F5001F28BF4FF4DB
:10D118000013042B38BF04230330019320F00304C9
:10D12800FFF7E0FF354B0022D3F800B015469446D0
:10D13800134627E0D1F800A0A24522D301F1080741
:10D14800019E07EB0A08C6F10009C4EB080609EAC4
:10D158000606BE4215D3DDF8049009F1FF3919EA35
:10D16800070FCDF8009002D0F71B072F09D9C4EBA1
:10D178000A075F4505D2424635466FB1BB4684462D
:10D188000B46084641680029D4D13BB91C4A1846C9
:10D198001168013111602FE084460B46521B111BA8
:10D1A800072909D918682A19401A08391860295115
:10D1B800596851605A6022461968891A072903D8A4
:10D1C8005A68CCF8042004E05A50A1F108021A6009
:10D1D8005B180C48002219685A6002688A180260B5
:10D1E80009480168083101608918084A10688142B5
:10D1F80088BF116003F10800BDE8FE8FF40300004A
:10D20800F00300001404000048040000046001005A
:10D2180038B5194B50F8082C196805468A1A1A604F
:10D22800164BA0F108041A68083A1A60FFF75AFF6B
:10D2380002E0A34203D218464368002BF9D155F8FF
:10D24800082CA9188B4205D119685B685218083256
:10D2580045F8082C6360036803F108028218A242AB
:10D2680007D155F8082C9B1808330360636843609E
:10D2780000E04460002038BD1404000048040000A9
:10D2880010B500214022044605F04ADC104B23600B
:10D29800104B6360104BA360104BE360104B23618D
:10D2A800104B6361104BA361104BE361104B236279
:10D2B800104B6362104BA362104BE362104B236365
:10D2C800104B6363104BA363104BE36310BD00BFA7
:10D2D80000000000F8370100F8370100915C0100F8
:10D2E800945C0100BC5F0100BC5F01009C6601000A
:10D2F8009C660100FCB60200FCB602008C6A0300C2
:10D30800FC00000000010000000000000000000018
:10D31800F0B52D4D91B06846FFF7B2FF2978002986
:10D3280037D10898099C241A06D0224605F0F8DB64
:10D338000898214609F06EDD22462449244805F064
:10D3480015DC244B00241C7001232B70224D09F09E
:10D3580091DC2B68002B33D01A78002A30D09F89B3
:10D368005E890CE02B681D4AD98910680AF076DCC2
:10D378000134014630B1184B186806F0B1DBA31927
:10D38800BB42EFDB164B29681868012206F0ECDB7C
:10D3980016E0144E317899B90A980B9C241A06D0D5
:10D3A800224605F0BDDB0A98214609F033DD08481E
:10D3B8000D49224605F0DADB00232B700123337078
:10D3C80009F058DC11B0F0BDFC0300009AFB88009E
:10D3D8005539010014600100440400009004000065
:10D3E8002C0400006C600100521E8900014B186873
:10D3F800704700BF945C0100002070472DE9F04F92
:10D408009DB00AA8FFF73CFFFFF7F0FF0446FFF7BF
:10D41800F3FF0A9B0B9A0F99D21A0E9B0D9DC3EB33
:10D4280001091199109B6E4ECB1A0C99DFF80082F6
:10D43800C1EB050B93443268D8F8001002F500528E
:10D44800521A4A44D2185A44141924180994DFF875
:10D45800E4A1644C644F2268DAF800506348AD18C0
:10D468003A680893C5EB020CCDF81CC005F07EDBCA
:10D47800089B09F57E71019303F57E7307339B0AB8
:10D4880007310BF57E72890A073202930823920A44
:10D498000091039359464B46554805F067DB3368BE
:10D4A80020683968DDF81CC00190039300F57E7090
:10D4B80003F57E730CF57E7601F57E72073007332F
:10D4C800800A9B0A07320736B60A920A029004932A
:10D4D80048486346009605F049DB099905F57E72D0
:10D4E80001F57E7307339B0A0732920A0093294697
:10D4F800099B414805F03ADB404B414F19684148C8
:10D5080005F034DB3968404B0A6846469A4203D036
:10D518003E4805F02BDB25E01A910B4604E0156820
:10D528003948131D854203D11A461BAB9A42F6D3DC
:10D5380033681AAD009336482B461A9205F016DB6D
:10D548003B681A9AE91A3348D31A0A46009305F039
:10D558000DDB33681A9A591B2F489B1A0A46009309
:10D5680005F004DB2D4B1B684BB31A783AB3598985
:10D57800DD891A8901FB05F638354D4306F57E73BA
:10D5880007339B128DE8280005F57E7307339B123D
:10D5980002932348334605F0E9DA2368DAF80020D5
:10D5A800991B9B185B1B03F57E7001F57E72073093
:10D5B800800A07320090920A1A4805F0D7DA1A4B07
:10D5C8001D6809F081DD044609F078DD2946034627
:10D5D8002246164805F0CADA1DB0BDE8F08F00BF34
:10D5E8000460010014040000F403000088390100FD
:10D5F80097390100D63901001B3A0100F0030000F9
:10D6080068600100563A01004B415453713A0100D9
:10D61800953A0100CC3A0100F13A010044040000B7
:10D62800173B0100443B0100040400006C3B01006F
:10D63800106001004804000008B57146034805F071
:10D6480095DA0120BDE8084009F0249E9A3B0100C4
:10D6580000487047186001002DE9F34107460C4661
:10D6680009F032DD10B909F035DD3AE00026204630
:10D678000DF106016A46ADF80660009607F1030849
:10D688000AF072D9009D28F00308454440F6380393
:10D698009D4226D82DB328463146FFF731FD044672
:10D6A800F8B13146009A05F03BDA009BA781ED1AE4
:10D6B800E218C8EB050802EB0803A3606368013DA4
:10D6C80062F3140363601B0C65F34F13E380204679
:10D6D80009F0DEDC01232080A370BDF80630E38169
:10D6E80004E0044B00241A6801321A602046BDE8A1
:10D6F800FC8100BF4C04000038B50446E389590694
:10D7080021D4A278013AD2B2A270002A27D1E278B5
:10D7180062B1134B204653F82250E9890AF0D4D954
:10D7280028462146BDE8384006F0509ADA0516D456
:10D738000C4B2046A360218809F0D4DC2046BDE8C4
:10D748003840FFF765BD074B2046A3602188A56BCD
:10D7580009F0C8DC2046FFF75BFD2C46CEE738BD54
:10D7680050610100EFBEADDEF8B51F4E01220D4637
:10D778003068002102F0AAFF00210822074630681D
:10D7880002F0A4FF022D014610D107EA000414F4A8
:10D79800806406D0306821F48061002202F096FF90
:10D7A8002C46FA041ED544F004041BE0052D10D1C4
:10D7B80007F40064D4F1010438BF0024BB0511D577
:10D7C800306841F48061002202F080FF44F02004B8
:10D7D80008E035B9306829460522BDE8F84002F06E
:10D7E80075BF00242046F8BD0004000029B9034B8A
:10D7F80011461868072202F069BF7047000400004C
:10D808002DE9FF470446FFF723FF2368C462032B73
:10D8180003D1474B18680FF0EFD92368A3F1100222
:10D828000F2A04D804B0BDE8F04709F0CF9B032BBA
:10D838000FD1404AE36C22F00102934209D1626C95
:10D8480006339361636C4FF0FF321A6004B0BDE891
:10D85800F087656CFFF7CAFD374E636CF169C3EB5F
:10D86800000A3268354805F081D9A36C2168009315
:10D87800636C22460193A36831480293E36800274A
:10D888000393E36C05F072D9E36904F11001009386
:10D89800236A2C480193636A4FEA9A0A0293A36A9F
:10D8A800B94603930EC905F061D9A36B04F12C01A5
:10D8B8000093E36B24480193236CB84602930EC986
:10D8C80005F054D9EB682148009395E80E0005F05F
:10D8D8004DD9EB6905F1100100931D480EC905F0FB
:10D8E80045D918E07A59D3070FD5FF2A0DD9194B16
:10D8F8009A4204D902F16243B3F5801F05D816484D
:10D90800394605F033D909F101090437B9F10F0F88
:10D9180008F1010801D8D045E4D13368002043F468
:10D92800806386E8180004B0BDE8F04709F0B29CAF
:10D9380000040000D1C0800070600100C63B0100F7
:10D94800DC3B0100113C0100443C0100733C010038
:10D95800913C0100F8370100AF3C0100036810B5A5
:10D96800022B044603D0084B18680BF0BDDE204696
:10D97800FFF746FF2368022B05D0034B1868BDE864
:10D9880010400BF0F19E10BD00040000014B186818
:10D99800704700BFB46001002DE9F04104464C20F7
:10D9A8000E46154698460AF0D1D80746A0B1002180
:10D9B8004C2205F0B5D84FF4F0637B634FF47A73CB
:10D9C800FB631C233B640C237B640423C7F80C8093
:10D9D8003E607D60BC60BB643846BDE8F08170473E
:10D9E80010B515F04BFF15F059FF15F0B3F816F008
:10D9F80005F8044615F06CF820461BF0D9FCFFF733
:10DA080087FC2046BDE8104009F0AE9A002301E0EB
:10DA1800013340080028FBD1C3F120007047C0172C
:10DA28007047431E23EA0000FFF7F9BF4840FFF79D
:10DA3800F8BF22EA000208401043704708B5FFF714
:10DA4800F8FFC0B208BD2DE9F843DDF8208006468E
:10DA58000D4614469946002707E0E95DE25D304629
:10DA6800FFF7ECFF08F8070001374F45F5D1BDE88F
:10DA7800F8830379013BDBB2A3EB511300EB83007E
:10DA88008068D0F1010038BF0020704710F0010114
:10DA980030B51AD002230122591E01249DB214FA6E
:10DAA80001F1202D02D09C40013C01E04FF0FF34F1
:10DAB80000FB02F52C40A14234BF891811460133FE
:10DAC800212B0A46E8D1084630BD084630BD38B596
:10DAD800054600F51770FEF3BDF700240AE004F1CF
:10DAE800760005EB8000436813B10430FFF304F7B8
:10DAF8000134A4B2B5F85831A342F0D838BD2DE9A5
:10DB0800F041061D9AB004460431304604321D46E1
:10DB1800FEF384F60746002D30D0204601210AAADC
:10DB2800202305F10408FFF3FDF647B920462946EE
:10DB3800FFF368F60028D4BF0020012000E0012090
:10DB48000021FFF773FF3146054642463046FFF392
:10DB5800FBF4012112AA20232046FFF3E3F602AECC
:10DB6800E8B20AA912AA20230096FFF76CFF63689F
:10DB78002046012132469B0000F0AEDA1AB0BDE81B
:10DB8800F081F0B5071D9BB00446043138460432D5
:10DB98001D46FFF3D9F4064625B320230AAA01211E
:10DBA8002046FFF3BFF630460021FFF73FFF2A1D4E
:10DBB800064639463846FEF331F6012112AA2023DB
:10DBC8002046FFF3AFF602ADF0B20AA912AA20234D
:10DBD8000095FFF738FF6368204601212A469B001D
:10DBE80000F07ADA1BB0F0BD2DE9F041B8B0154667
:10DBF80006468846FFF3C4F66A6804460232930074
:10DC0800502B4FD8D8F8043003339B00902B49D8B9
:10DC180024A9FFF379F50746002844D06A6805F17E
:10DC28000801920026A804F0F7DED8F80420204660
:10DC380069460332FFF368F50446002833D02846C6
:10DC4800FFF3A2F66D686D01451B00E0203515F164
:10DC58001F0FFBDB20464146FFF306F63DB1384671
:10DC6800294600F079DA2046294600F075DA201DA9
:10DC7800391DFFF39FF220463946FFF3C3F500280C
:10DC880005DB204621463A460023FFF77AFF1DB1FF
:10DC98002046694200F060DA30462146FFF3E4F599
:10DCA800012000E0002038B0BDE8F08108B528B1B7
:10DCB800FFF36AF6D0F1010038BF002008BD2DE956
:10DCC800F0410446ACB00D461646FFF359F66B68B2
:10DCD80062682B94B2EB430F01D3201D08E00121A9
:10DCE8000022DB00FFF3CAF42B9000284ED004304A
:10DCF800291DFFF3DBF23046FFF7D8FF0121FFF7BC
:10DD080095FE20230BAA012180462046FFF30AF640
:10DD18002B981BAD201A18BF01200121FFF786FEA2
:10DD28002B9907462046FFF39FF5012113AA2023CC
:10DD38002046FFF3F7F5F8B213A90BAA20230095A4
:10DD4800FFF781FE01212A4620232046FFF3EAF54A
:10DD5800324620462B99FFF747FF0646B8B1012106
:10DD680023AA20232046FFF3DDF503AE5FFA88F0EF
:10DD780023A92A4620230096FFF765FE324620464F
:10DD880001212023FFF3CEF5012600E006462B9B58
:10DD98009C4202D02BA8FFF3AFF530462CB0BDE86B
:10DDA800F0812DE9F74FD2F804A007795FFA8AF9D4
:10DDB80091F80480144600F1080609F1FF390D4670
:10DDC80030460021BA005FFA89F9083404F0A8DE69
:10DDD800013F08F1FF3104EB890B6FEA0909C9B269
:10DDE8004FEA8909FFB208354FEA880805EB810533
:10DDF800CDF80490002306EB8706C8F1000900213E
:10DE08001DE05FFA8AF84FEA88085C46C8EB060806
:10DE1800304600270DE03A46076854F804C9002345
:10DE2800D2196F5843F10003E7FB0C2340F804298B
:10DE38001F464045EFD1019804393350043E494507
:10DE4800DFD10020BDE8FE8F2DE9F04FBDB0884638
:10DE58004699D0F80C900C1D8568039400684C68AE
:10DE680008F10401049109F1040105910790114694
:10DE780028461A460023FFF794FF98F8042099F8DB
:10DE880004302E790892002109F108009A0008351B
:10DE9800069306F1FF3A04F043DE039805EB8A0A7D
:10DEA800A50040194FEAC40B0A90CBEB0A0B514668
:10DEB800A4460020AE462BE00B68079A0A9F5343FE
:10DEC8000E4609932546002002910EE057F80439C2
:10DED80031680B93002342180B98099943F100030A
:10DEE800E1FB002346F80429184615F1FF35EDD269
:10DEF8000299A5004D1B07E01E680023821943F113
:10DF0800000345F804291846AB452B46F4D30439D9
:10DF18001CF1FF3CD0D2059A069B754602EB83069E
:10DF2800CBF80000CEEB0A0A2246002303E05AF899
:10DF38000310F150043B013A971CF8D10021D9F89D
:10DF48000800FFF773FD0599039A07460498FFF345
:10DF5800FBF202212B4640460CAAFFF3E3F4049897
:10DF6800089900EB810303E056F8042943F80429D3
:10DF780014F1FF34F8D202211CAA2B464046FFF3C5
:10DF8800D1F42CACF8B21CA90CAA2B460094FFF7CC
:10DF98005AFD4046022122462B4600F09DD800201B
:10DFA8003DB0BDE8F08F2DE9F04F04468BB0184620
:10DFB80009921F460891FFF3E3F47B6804F5AC72FD
:10DFC80006929B00002200250590A4F8582107938B
:10DFD8002E4668E004EB8609D9F80410002960D0C1
:10DFE8000698FFF3D7F0804600285AD1012142460F
:10DFF800079B0598FFF342F305F1200A04EB8A0A10
:10E00800CAF85C01D9F8040004EB8503C3F85C0185
:10E01800FFF7FCFCC0F11F00C0B204900999DAF8C0
:10E028005C01FFF321F4C146DDF810A032E04FF0A7
:10E03800010B05F1200884F860B204EB8808D8F8D1
:10E048005C1104F5177C60460A460B46CDF80CC0F7
:10E058000097FFF7F9FE049ADDF80CC053B2C9EB3C
:10E0680003030BFA03FB04EB86035B681BEA030F4D
:10E078000AD0002384F86032D8F85C116046089A08
:10E088000B460097FFF7E0FE0AF1FF3A5FFA8AFABB
:10E0980009F101091AF0800FC9D00135EDB2A4F8D1
:10E0A80058510136F6B294F84431B34292D801205F
:10E0B8000BB0BDE8F08F2DE9F04F8346ADF52F7D0D
:10E0C80018461C4689469246FFF35AF467680125AC
:10E0D8008046BE0000212422A1A804F021DD2946A3
:10E0E800002233464046A195FFF3C8F22946002294
:10E0F8003346AB904046FFF3C1F22946002233462F
:10E10800AC904046FFF3BAF202217B198B40AD90E8
:10E11800A1AA4046FFF3B2F2AA90AB9800F008D843
:10E12800267904F10805013EF6B255F8260010F0EC
:10E13800010000F093804946AA9A2346AC98FFF361
:10E148002DF72346AB99AA9AAD98FFF327F755F810
:10E158002600FFF79BFC002105464FF41E7203A81A
:10E1680004F0DEDC05236A4221469AA88DF80C30BB
:10E17800FEF37CF4514603A8FEF3DEF3234603A81E
:10E18800AC99AD9AFFF70FFF9DF8507107F1FF3872
:10E198001FFA88F80FFA88F3002B4FDB03A800EB6F
:10E1A8008303596859A8FEF3BBF61F2846D803A96C
:10E1B80001EB8003D3F8DC11AD98FFF355F3C8F1F8
:10E1C800000800252DE0AD9901238DF86C329AA83E
:10E1D8000A460B460094FFF737FEBB1E1BB203A886
:10E1E800EA18C3185B1993F804313146013699428D
:10E1F800E9DB00EB8203596891B1002359A88DF837
:10E208006C32FEF38DF61F2818D803A901EB8003A2
:10E21800AD990094D3F8DC219AA80B46FFF714FEB9
:10E22800013D45454FF00006D7D19AA85946AD9A09
:10E23800AB9B8DF86C620094FFF706FE03A8FFF70E
:10E2480046FCACA8FFF358F3ADA8FFF355F3ABA811
:10E25800FFF352F3AAA8FFF34FF301200DF52F7D2A
:10E26800BDE8F08F2DE9F04FB3B0039018461C4677
:10E278008A469346FFF384F3D4F80490012509F104
:10E288000107BF0080464FEA890600213A4605A8E3
:10E2980004F046DC29460022334640460595FFF344
:10E2A800EDF12946002233462E904046FFF3E6F171
:10E2B8002946002233462F904046FFF3DFF12946D6
:10E2C8000022334630904046FFF3D8F102213B4606
:10E2D800319005AA4046FFF3D1F12D902E98FFF317
:10E2E80027F7267904F10805013EF6B255F826000D
:10E2F800DAF8047010F0010000F08B8051462D9A76
:10E3080023462F98FFF34AF62E992D9A23463098E4
:10E31800FFF344F655F82600FFF7B8FB7F014242A9
:10E32800214626A8FEF3A2F3013F01E0A6F120074B
:10E33800BEB258463146FFF79CFB0028F6D109F1DA
:10E34800FF393FB20BF1080AA9EB67175AF8270003
:10E35800FFF75CFB361A3BE0309901250A460B466D
:10E3680026A88DF89C500094FFF76EFD294616AA42
:10E3780020233098FFF3D6F230994FF000080B466F
:10E388002F9A26A88DF89C800094FFF75DFD1EAAA1
:10E39800294620233098FFF3C5F206F01F0015FA2E
:10E3A80000F0A9EB67175AF8273041461840FFF7E5
:10E3B8003DFB0EAFC0B216A91EAA20230097FFF797
:10E3C80042FB309829463A462023FFF385F6013E62
:10E3D800B6B237B2002FBFDA00230399309A8DF80E
:10E3E8009C3026A82E9B0094FFF72EFD26A8FEF34E
:10E3F80031F32FA8FFF380F230A8FFF37DF22EA8A7
:10E40800FFF37AF22DA8FFF377F231A8FFF374F245
:10E41800012033B0BDE8F08F2DE9F04FBFB0039075
:10E4280018461D4689469246FFF3AAF26E680223F3
:10E438000124B60000278DF8F7300A233C932146C3
:10E448003A463346804637973B978DF8F640FFF3B8
:10E4580015F121462D903A4633464046FFF30EF11A
:10E4680021462E903A4633464046FFF307F10221F3
:10E478002F903A4633464046FFF300F1214630904C
:10E488003A4633464046FFF3F9F0214631903A4682
:10E4980033464046FFF3F2F0214632903A4633467F
:10E4A8004046FFF3EBF0214633903A463346404668
:10E4B800FFF3E4F0214634900DF1F6022346339839
:10E4C800FFF30AF621460DF1F70223463498FFF3CD
:10E4D80003F621463A4633464046FFF3CFF021463D
:10E4E80035903A4633464046FFF3C8F02146369009
:10E4F8003A4633464046FFF3C1F0214638903A4643
:10E5080033464046FFF3BAF0214639903A4633463F
:10E518004046FFF3B3F021463A903CAA2346309890
:10E52800FFF3DAF530982B4602462946FFF729FB18
:10E5380003992A462D98FFF7C2FB2B4630992D9A4E
:10E548002E98FFF32BF52E992A462F98FFF7B7FB45
:10E558002E982F9A01462B46FFF7D1FA2E98FFF7EF
:10E56800A5FB2146FFF762FA29468446349A2F987C
:10E578002B46CDF808C0FFF704FB2E992F9A2B469F
:10E588003198FFF76FFE4A462B4630992E98FFF3D5
:10E5980005F52E9829460246FFF374F251462E9A45
:10E5A8002B463598FFF3FAF452462B462E98294607
:10E5B800FFF7E7FA484629462F9AFFF363F22E98A9
:10E5C8002F9A01462B46FFF3E9F42F983399319A95
:10E5D8002B46FFF794FA2E992F9A2B463698FFF37D
:10E5E800DDF4202321461DAA3598FFF39BF1202353
:10E5F800214625AA3698FFF395F1DDF808C00DF1FC
:10E60800540B5FFA8CF01DA925AA3346CDF800B04B
:10E61800FFF719FA334621465A464046FFF32EF0D3
:10E628002A46014637902E98FFF749FB2E98379ACD
:10E6380001462B46FFF3B2F44946379A2B462F98EA
:10E64800FFF3ACF42E982F9A01462B46FFF757FAA2
:10E65800524639982E992B46FFF751FA30992D9A40
:10E668002B462E98FFF39AF42B462E99379A389812
:10E67800FFF394F438992A462E98FFF720FB2E983A
:10E68800389A01462B46FFF389F44946389A2B46B7
:10E698002F98FFF383F42E982F9A01462B46FFF705
:10E6A8002EFA52463A982E992B46FFF728FA339AB3
:10E6B8002B462E982946FFF764FA2E982146FFF339
:10E6C8004BF52E982B4602463999FFF7CBFD2E982D
:10E6D800FFF7ECFA214681462E98FFF3AFF2214668
:10E6E80040EA0900FFF7A2F9214681461DAA202326
:10E6F8003998FFF317F15FFA89F92023214625AAF3
:10E708003A98FFF30FF148461DA925AA3346CDF8DC
:10E7180000B0FFF798F921465A4633464046FEF3C3
:10E72800ADF720233B9021461DAA3798FFF3FAF056
:10E738002023214625AA3898FFF3F4F00DF1140A96
:10E7480048461DA925AA3346CDF800A0FFF77BF956
:10E758002023284621461DAAFFF3E4F006F1FF39DD
:10E768003EAB994419F8843C03F00303032B03D010
:10E77800444804F0FBD954E03A4640462146334623
:10E78800FEF37CF73B4680462946339A2E98FFF7DE
:10E79800B6F92E980221FFF3DFF42B463B992E9A07
:10E7A8004046FFF75FFD21461DAA20230398FFF38B
:10E7B800B9F025AA202321464046FFF3B3F019F803
:10E7C800840C19F8641C00F0010001F00101FFF746
:10E7D8002DF929462B46074642462E98FFF7D1F9D0
:10E7E80021461DAA20234046FFF39CF0214625AA76
:10E7F80020232E98FFF396F00AEB0605F8B21DA920
:10E8080025AA33460095FFF71EF92146524633469E
:10E818004898FFF361F4499821462A463346FFF3A6
:10E828005BF42DA8FFF368F02EA8FFF365F02FA87E
:10E83800FFF362F031A8FFF35FF030A8FFF35CF05C
:10E8480032A8FFF359F033A8FFF356F034A8FFF3CA
:10E8580053F035A8FFF350F036A8FFF34DF037A872
:10E86800FFF34AF03BA8FFF347F038A8FFF344F062
:10E8780039A8FFF341F03AA8FFF33EF000203FB07B
:10E88800BDE8F08FE93C010000487047883D010071
:10E8980000487047103D0100004870474C3D01009A
:10E8A80000487047C43D0100012801D1FFF7F0BFBF
:10E8B800022801D1FFF7F0BF032801D1FFF7F0BF0D
:10E8C800042801D1FFF7E0BF0020704700487047D7
:10E8D800DC60010000487047305D0100014B43F8DF
:10E8E8002010704750610100034B53F82000431A71
:10E8F800584240EB030070475061010042893C29AF
:10E9080028BF3C21034691422CBF084610469881F7
:10E918007047000000F13402342A08B5034606D9CE
:10E9280005482021054A04F061D9034808BD044A76
:10E93800434252F8230008BD306101007F3E0100C8
:10E948000CA2880038B5049C1D467CB1FF2B0DD065
:10E9580002B95BB96B1C2070A170637025B11146B8
:10E96800E01C2A4604F058D803356419204638BDFF
:10E97800C0F3804070470000044B00F4403213435A
:10E9880003420CBF00200120704700BFD091540003
:10E9980038B50546FFF7F0FF38B10B4B2B4033B9BC
:10E9A80015F4900418BF182402E0044600E010246F
:10E9B800284605F0BDDF20B1034B2B40002B18BFC4
:10E9C8001024204638BD00BFC4D104000048704759
:10E9D800685D0100004870477852010000207047C8
:10E9E80008B5FFF7F3FF41780278012313FA01F124
:10E9F80013FA02F20A4381788B4042EA030008BD09
:10EA08002DE9F7434FF0000804460F46164699468D
:10EA18004546012303FA08F313EA090F2BD063696B
:10EA28002046222B0ADDE3695A0607D540F627015E
:10EA380000220EF0AFDA0146204600E000214FF434
:10EA4800C4620EF047D9C0F8008063692046222BC3
:10EA58000ADDE3695B0607D540F6270100220EF0C0
:10EA680099DA0146204600E0002140F224620EF0C7
:10EA780031D903681D4308F10108B8F11F0FC8D147
:10EA88009DF828304BB145B10123009320462B4611
:10EA980039463246FFF7B4FF05432846BDE8FE83F2
:10EAA800816838B540F63C039942044628D1C368CA
:10EAB8000B2B03D84FF0A871994001D40C2B1FD908
:10EAC80049F218239A4205D049F640439A4217D191
:10EAD8000C4D00E00C4D63692046222B0ADDE369EA
:10EAE800590607D540F6270100220EF053DA0146F1
:10EAF800204600E0002140F2DC620EF0EBD8056011
:10EB080038BD00BF99010100B601010038B543695D
:10EB18000446222B0ADDC3695D0607D540F62701A6
:10EB280000220EF037DA0146204601E02046002197
:10EB38004FF4C0620EF0CED80568204605F07C057B
:10EB4800AD08FFF747FF03E08378AB4207D00C30EE
:10EB580010B10388002BF7D12046FFF73FFF038849
:10EB68004FF47A70584338BD70B5044616460D46C2
:10EB78000AF0B0DD94F86023094B002818BF012380
:10EB8800012A94F8682308BFD4F85C33012A0CBF23
:10EB9800D4F864236FF000422B60326070BD00BF70
:10EBA8000100820E2DE9FF471D4643699046002269
:10EBB800222B044689460292039209DDC3695F0647
:10EBC80006D540F627010EF0E5D90146204601E0BA
:10EBD800204600214FF4C4620EF07CD80560236AF9
:10EBE80020460C2B636916DD222B0ADDE3695E06DD
:10EBF80007D540F6270100220EF0CCD90146204661
:10EC080000E000214FF4C5620EF064D807683F0C9D
:10EC1800BF05BF0D14E0222B0ADDE369590607D5AD
:10EC280040F6270100220EF0B5D90146204600E043
:10EC380000214FF4C5620EF04DD807683F0AFFB2B5
:10EC48000123AB4000262046494642460096FFF77E
:10EC5800D7FE0546012212FA06F32B4207D000928E
:10EC6800204649464246FFF7CBFE25EA0005013615
:10EC78001F2EEFD1204602A903AAFFF775FF029BBA
:10EC8800002625EA030A35460123AB4013EA0A0F9A
:10EC980008D0204649464246EBB2FFF783FF86423A
:10ECA80038BF064601351F2DEED1B81C801904B0B7
:10ECB800BDE8F0872DE9F041069E044615461F463B
:10ECC800FFF78EFE002870D010EA060800EA070752
:10ECD8002CD063692046222B0ADDE3695A0607D542
:10ECE80040F6270100220EF055D90146204600E0E3
:10ECF800002140F21C620DF0EDDF63690646222B0D
:10ED080020460ADDE3695B0607D540F627010022A5
:10ED18000EF040D90146204600E0002140F21C6276
:10ED28000DF0D8DF036843EA08033360002F2BD0C7
:10ED380063692046222B0ADDE3695E0607D540F6A3
:10ED4800270100220EF026D90146204600E00021C6
:10ED58004FF4C3620DF0BEDF63690646222B2046DE
:10ED68000ADDE369590607D540F6270100220EF0AF
:10ED780011D90146204600E000214FF4C3620DF08E
:10ED8800A9DF03681F433760079B9A0305D4BDE8D2
:10ED9800F0810A2008F0C8DB01E040F2DD54D5F824
:10EDA800E0319B0301D4013CF3D1BDE8F081F7B514
:10EDB8001E4643690446222B0F4615460BDDC369E0
:10EDC8005A0608D540F6270100220EF0E3D800972E
:10EDD8000146204602E00097204600214FF0FF330D
:10EDE8004FF4CA620EF026DC6369222B0CDDE3695E
:10EDF8005B0609D540F62701204600220EF0CAD846
:10EE080000960146204602E000962046002140F286
:10EE180054622B460EF00EDCFEBDF7B51E46436964
:10EE28000446222B0F4615460BDDC3695B0608D541
:10EE380040F6270100220EF0ADD800970146204683
:10EE480002E00097204600214FF0FF334FF4CB62D9
:10EE58000EF0F0DB6369222B0CDDE369590609D556
:10EE680040F62701204600220EF094D8009601466D
:10EE7800204602E000962046002140F25C622B46C4
:10EE88000EF0D8DBFEBDF7B51E4643690446222BBB
:10EE98000F4615460BDDC369590608D540F627010C
:10EEA80000220EF077D800970146204602E000972E
:10EEB800204600214FF0FF334FF4CC620EF0BADB4E
:10EEC8006369222B0CDDE3695A0609D540F6270150
:10EED800204600220EF05ED800960146204602E049
:10EEE80000962046002140F264622B460EF0A2DB19
:10EEF800FEBD436913B5222B04460DDDC3695B06CD
:10EF08000AD540F6270100220EF044D84FF480635A
:10EF180001460093204604E04FF4806300932046A6
:10EF280000214FF4C0620EF085DB1CBD2DE9F04FC7
:10EF3800013AD2B2082A85B004469A4615D8374B0A
:10EF48009E5C374B9F5C374B13F80290364B9B5CAB
:10EF58000393364B13F802B0354B9B5C0293354B49
:10EF680013F80280344B9D5C07E00025A846029503
:10EF7800AB460395A9462F462E466369222B0DDD25
:10EF8800E3695B060AD540F62701204600220EF009
:10EF980001D8CDF800900146204603E0CDF8009056
:10EFA800204600214FF0FF334FF4CB620EF042DBD6
:10EFB8006369222B0FDDE36958060CD540F627015B
:10EFC800204600220DF0E6DF07EA0A03B3400146B7
:10EFD8000093204605E007EA0A03B3402046009361
:10EFE800002117FA06F340F25C620EF023DB039B64
:10EFF80083B148FA0BF208EA0A0848FA0BFB2046E4
:10F00800029C2946A2400BFA04F305B0BDE8F04F74
:10F01800FFF703BF05B0BDE8F08F00BF5C510100EA
:10F02800655101006E5101007751010080510100C6
:10F03800EC530100F8510100015201002DE9F84399
:10F04800044689460DF040DE0021064620460EF0B3
:10F05800EBDB80462046FFF7B9FC074620460EF05A
:10F0680055DA4946054642463B782046FFF79AFD61
:10F078000B2302305843074B3146EB18B3FBF5F529
:10F08800454320460EF0D0DB0A23B5FBF3F5A8B2C2
:10F09800BDE8F8833F420F0038B543690446222B88
:10F0A8000ADDC3695D0607D540F6270100220DF089
:10F0B80071DF0146204601E02046002140F214623B
:10F0C8000DF008DE63690568222B20460ADDE36936
:10F0D800590607D540F6270100220DF05BDF0146EF
:10F0E800204600E0002140F214620DF0F3DD0368D1
:10F0F8009D4214D063692046222B0ADDE3695A0633
:10F1080007D540F6270100220DF044DF01462046CE
:10F1180000E0002140F214620DF0DCDD05682846AD
:10F1280038BD38B51C461D68FFF7B6FF0346236097
:10F13800401B38BD2DE9F743002504460F46164607
:10F1480098469DF828900195FFF7A6FF01906369FE
:10F158002046222B0ADDE3695B0607D540F6270126
:10F1680000220DF017DF0146204600E000214FF491
:10F17800C2620DF0AFDDB9F1010F006801D108B925
:10F188000EE050B9B8EB451F09D92046394632463A
:10F1980001ABFFF7C6FF2D18D9E7002000E00120DA
:10F1A8000B9B6D011D60BDE8FE832DE9F04F002625
:10F1B80085B08046894692460396012503AF4046AE
:10F1C8004946524643F6982300950197FFF7B2FF48
:10F1D800044688B98DE88100402340464946524696
:10F1E800DDF80CB0FFF7A6FF039B38B99B445E44DB
:10F1F80043F697239E42E0D9284600E0204605B012
:10F20800BDE8F08F2DE9F843994643690446222B5F
:10F218000E461546DDF82080099F0ADDC3695A06A7
:10F2280007D540F6270100220DF0B4DE014620463E
:10F2380001E0204600214FF4C3620DF04BDD036866
:10F248002046C9F800306369222B0ADDE3695B06B2
:10F2580007D540F6270100220DF09CDE0146204626
:10F2680000E0002140F21C620DF034DD0368204606
:10F27800C8F80030D5F8E0313B60FFF7B1FB07462E
:10F28800002872D0D5F8E031990304D420463146DD
:10F298002A46FFF78AFF63692046222B0ADDE369C5
:10F2A8005A0607D540F6270100220DF073DE014605
:10F2B800204600E000214FF4C3620DF00BDD6369C6
:10F2C8000646222B20460ADDE3695B0607D540F691
:10F2D800270100220DF05EDE0146204600E00021F5
:10F2E8004FF4C3620DF0F6DC0368FF433B40336024
:10F2F80063692046222B0ADDE3695E0607D540F6DE
:10F30800270100220DF046DE0146204600E00021DC
:10F3180040F21C620DF0DEDC63690646222B2046B3
:10F328000ADDE369590607D540F6270100220DF0EA
:10F3380031DE0146204600E0002140F21C620DF05B
:10F34800C9DC036840F2DD541F40376002E00A2040
:10F3580008F0EAD8D5F8E0319A0301D5013CF6D196
:10F368006420BDE8F84308F0DF98BDE8F88337B5B6
:10F37800044601AB4FF400616A460EF063DA636934
:10F388002046222B0ADDE3695D0607D540F62701F2
:10F3980000220DF0FFDD0146204600E000214FF479
:10F3A800CE620DF097DC056815F0005316D063693E
:10F3B8002046222B0ADDE369590607D540F62701C6
:10F3C80000220DF0E7DD0146204600E000214FF461
:10F3D800CE620DF07FDC0560012500E01D46204669
:10F3E8009DE806000EF04CD928463EBD70B504468F
:10F3F8000E460DF069DC0021054620460EF014DAB1
:10F40800314602462046FFF781FB2946064620463C
:10F418000EF00ADA304670BD014B1860704700BF25
:10F4280094610100F8B5484F04463A68002A40F054
:10F4380089804369222B09DDC3695B0606D540F63E
:10F4480027010DF0A7DD0146204601E020460021F6
:10F4580040F214620DF03EDC63690568222B2046F9
:10F468000ADDE3695E0607D540F6270100220DF0A4
:10F4780091DD0146204600E0002140F214620DF0C3
:10F4880029DC03689D4214D063692046222B0ADDDB
:10F49800E369590607D540F6270100220DF07ADD09
:10F4A8000146204600E0002140F214620DF012DC13
:10F4B800056842F2107008F037D863692046222B9D
:10F4C8000ADDE3695A0607D540F6270100220DF048
:10F4D80061DD0146204600E0002140F214620DF093
:10F4E800F9DB63690668222B20460ADDE3695B06BF
:10F4F80007D540F6270100220DF04CDD01462046D5
:10F5080000E0002140F214620DF0E4DB03689E4243
:10F5180014D063692046222B0ADDE3695E0607D50D
:10F5280040F6270100220DF035DD0146204600E0B7
:10F53800002140F214620DF0CDDB0668751B6426CD
:10F5480075433D603868F8BD946101002DE9F74FB7
:10F558000446884691461F460DF0E8DF834600289A
:10F5680040F0D98020460DF0AFDB59468246204650
:10F578000EF05AD9636905462D2B0CD1D0F8F4301A
:10F58800B9F1000F02D023F0007301E043F00073DB
:10F59800C5F8F430B8E02046FFF718FAC37801261A
:10F5A8009E4000F0B180B9F1000F5ED0636920463B
:10F5B800222B0ADDE369590607D540F627015A468A
:10F5C8000DF0E8DC0146204600E000214FF4C3625C
:10F5D8000DF080DB036841463B6043EA06070123E0
:10F5E800009320463B462A46FFF70AFA6369074319
:10F5F800222B20460ADDE3695A0607D540F6270183
:10F6080000220DF0C7DC0146204600E000214FF43F
:10F61800C3620DF05FDB414607602A462046FFF7CC
:10F62800C4FD4FF47A7007F07FDF40F2DD5702E047
:10F638000A2007F079DF63692046222B0ADDE36997
:10F648005B0607D540F6270100220DF0A3DC014632
:10F65800204600E0002140F20C620DF03BDB03681D
:10F66800334242D1013FE3D13FE03A689AB9636936
:10F678002046222B09DDE3695F0606D540F62701FF
:10F688000DF088DC0146204600E000214FF4C362FB
:10F698000DF020DB026822EA0607012300932046CA
:10F6A8003B4641462A46FFF7ABF9636907433742B1
:10F6B8000CBF00260126222B20460ADDE3695906E5
:10F6C80007D540F6270100220DF064DC01462046EC
:10F6D80000E000214FF4C3620DF0FCDA41460760F8
:10F6E8002A462046FFF761FD00E0012640F22D176B
:10F6F80002E00A2007F018DF2B6903F48053B3EB0C
:10F70800063F01D0013FF4D12046514603B0BDE881
:10F71800F04F0EF0899803B0BDE8F08FF0B589B0CE
:10F7280004460D4606AA07AB4FF400610EF08AD8CE
:10F7380029462046FFF75AFE4FF47A760022B0FB9E
:10F74800F6F6134602212046FFF79DFB00220746E6
:10F75800134600F00F0503212046FFF794FB4FF6F0
:10F7680080733B40DF094FF4000320F07F42009391
:10F7780003A804A9334603F09DDE05A80399049A5B
:10F788001823774303F0DADE05B92D60059A4FF4A4
:10F79800006300934FF4805303A804A9BA1893FB9D
:10F7A800F5F303F087DE02A80399049A0C2303F00B
:10F7B800C5DE20460699079A0DF062DF029809B067
:10F7C800F0BD10B504460DF0E7DE01462046BDE861
:10F7D8001040FFF7A3BF70B504461646FFF7F1FFC8
:10F7E80063690546222B20460ADDE3695B0607D5D7
:10F7F80040F6270100220DF0CDDB0146204600E04F
:10F8080000214FF4CC620DF065DA04230360D6F8CA
:10F8180064364FF47A70DBB2B5FBF3F5684370BD1C
:10F8280070B504460E460DF04FDA00210546204615
:10F838000DF0FADF314602462046FFF7CCFF294695
:10F84800064620460DF0F0DF304670BDFFF7E8BFF2
:10F8580037B50446FFF7B5FF4FF400616A4601ABC0
:10F86800054620460DF0EEDF00221346204604210F
:10F87800FFF709FB00F47F40030A00B91B60B5FBE2
:10F88800F3F520469DE806000DF0FADE28463EBD59
:10F8980070B504460E460DF017DA002105462046DD
:10F8A8000DF0C2DF314602462046FFF77EFC2046B7
:10F8B800FFF78CF863690646222B20460ADDE369C8
:10F8C8005A0607D540F6270100220DF063DB0146F2
:10F8D800204600E0002140F20C620DF0FBD9F378DD
:10F8E800012111FA03F3026829461A420CBF0026C7
:10F8F800012620460DF098DF304670BD70472DE98F
:10F90800FF47836E002204460D460292039263B1BC
:10F91800D0F8CC1000EB8101D1F8D400216E8842D8
:10F9280005D1606E9847814602E0994600E091460D
:10F9380020460DF0C9D90021824620460DF074DF1B
:10F9480002A9804603AA2046FFF70EF9029F002667
:10F958000396F7B13B462046294642460096FFF7F4
:10F968004FF863693843222B029020460ADDE36989
:10F97800590607D540F6270132460DF00BDB014644
:10F98800204600E000214FF4C3620DF0A3D9029B8A
:10F998000360039EFEB100273346204629464246AF
:10F9A8000097FFF72DF863693043222B0390204618
:10F9B8000ADDE3695A0607D540F627013A460DF0F5
:10F9C800E9DA0146204600E0002140F21C620DF011
:10F9D80081D9039B0360294642462046FFF7E5FB91
:10F9E800204651460DF020DFE36E5BB1D4F8CC2001
:10F9F80004EB8202D2F8D410226E914202D1606EDA
:10FA080049469847BDE8FF8710B500220C4608F024
:10FA1800B1D8A0B90A4B1B688BB11A787AB1DA89C8
:10FA280094420CD8184604F0E1D820B1054B1A6866
:10FA380001321A6010BD044B1A6801321A6010BDF9
:10FA480044040000986101009C610100037E2BB111
:10FA58004069D0F1010038BF00207047012070478D
:10FA6800014B03EBC0007047A0610100014B03EBA1
:10FA7800C0007047C061010070B50C46164609F019
:10FA8800B3DD80B100252846FFF7F0FF03681BB9F6
:10FA980080E85000184670BD0135EDB2042DF2D152
:10FAA8004FF0FF3070BD4FF0FF3070BD6FF01600A3
:10FAB800704770477047000003682DE9F041C0F8AF
:10FAC800203143680022C0F824318368C0F8283107
:10FAD800C368C0F82C310369C0F830314369C0F8F5
:10FAE80034318369C0F83831C369C0F83C3100F556
:10FAF8009073534E1C69DF699559D3F814C07D196A
:10FB08004FEAB41787EAF42787EA7467ED199F6903
:10FB180027EA040704EA0C047C402C198D1811F814
:10FB280002C0EF78043247EA0C6795F801C0AD7857
:10FB380047EA0C4747EA05256419DD61DD68402A74
:10FB48002544DD6093E8A01087EA0C0808EA050858
:10FB58000CEA070C88EA0C074FEAB50C8CEA753CEE
:10FB68008CEAB5553D442C4443F8044DC1D100F10D
:10FB7800E00306F13C0500F120071A6955F8044F27
:10FB8800D9695E6961184FEAB21484EAF22484EAFA
:10FB9800726409199C69D3F85CC024EA02043240F3
:10FBA80062409E6B5C6A66444FEA744C8A188CEA21
:10FBB800F44C996D8CEA942434194FEAF11686EACC
:10FBC800B14686EAD10161185218D961D9688918F5
:10FBD800D96093E8520084EA060C0CEA010C26402E
:10FBE8008CEA06044FEAB10686EA713686EAB15114
:10FBF8006118891843F8041DBB42BED103684268E6
:10FC08005918436A0160D31843608268836AD3181D
:10FC18008360C268C36AD318C3600269036BD318D0
:10FC280003614269436BD31843618269836BD318BC
:10FC38008361C269C36BD318C361BDE8F08100BF9B
:10FC4800C0540100F0B5034696100F46002510E099
:10FC580057F8044B01354FEA146C83F800C04FEA9B
:10FC6800144C83F801C04FEA142C83F802C0DC70EE
:10FC78000433B542ECDB26EAE67312F0030200EB2C
:10FC880083000AD051F823401821002334FA01F5E3
:10FC9800C554013308399342F8DBF0BD004870477A
:10FCA80064540100D0F8B43170B5D31893420446B7
:10FCB8000E461546C0F8B43104D2D0F8B03101333D
:10FCC800C0F8B031D4F8AC21AB183F2B0AD8A21831
:10FCD80002F5B67031462A4602F09EDED4F8AC3101
:10FCE8005D1925E0E2B1A0183146C2F1400200F5E5
:10FCF800B67002F091DED4F8B831201D04F5B67163
:10FD08009847D4F8AC31C3F14002403BB6185D19AE
:10FD180006E03146D4F8B831201D98474036403DBA
:10FD28003F2DF6DC04F5B67031462A4602F074DE43
:10FD3800C4F8AC5170BD0000012910B5044640F864
:10FD4800041B05D10A4B0B49C4F8B831142204E04E
:10FD5800094B0A49C4F8B831202202F05DDE0020C0
:10FD6800C4F8AC01C4F8B001C4F8B40110BD00BFB8
:10FD78000D430000C055010045400000A05401009B
:10FD8800F8B5044600F5AA760D4600F58A772146AF
:10FD98003046142202F040DE306966497268411824
:10FDA8003068331F01EBF061F06820EA020CB0689C
:10FDB80010408CEA0000091846F8041C687895F889
:10FDC80000C0000440EA0C6095F803C04FEAB20294
:10FDD80040EA0C0095F802C0043540EA0C204118AE
:10FDE8009F42306146F8041C72601E46D4D304F565
:10FDF800827530694F497268411853F80409F768E9
:10FE080001EBF061B06827EA020710407840091852
:10FE1800376BF0694FEAB2027840B76C726078408D
:10FE2800376D78404FEAF0703061081846F8040CD6
:10FE3800043EAB42DDD804F1B4061A4615693E49C2
:10FE48005068691853F80459D76801EBF56195684B
:10FE580045407D404919176BD5694FEAB0007D4090
:10FE6800976C50607D40176D7D404FEAF5751561C0
:10FE78004D1942F8045C043AB342DFD804F1640C2B
:10FE88001A4615692D49101D691853F80459C1C837
:10FE980001EBF56186EA07050540374085EA070664
:10FEA8008919D569166B4FEAB0007540966C506099
:10FEB8007540166D75404FEAF57515614D1942F894
:10FEC800045C043A6345DCD804F114061D691C4936
:10FED800586869181D68DF6801EBF5619D681A4666
:10FEE80045407D4049191F6BDD694FEAB0007D40F0
:10FEF8009F6C58607D401F6D7D404FEAF57549192C
:10FF08001D6143F8041C043B9E42DFD32368591843
:10FF1800216013686168CB1863605368A168CB18C7
:10FF2800A360E1689368CB18E3602169D368CB18B4
:10FF38002361F8BD9979825AA1EBD96EDCBC1B8F7D
:10FF4800D6C162CA30B5034685B00C461546684628
:10FF5800194607F0B3DE20466946102DB4BF2A467D
:10FF6800102202F059DD05B030BD07F0039F08B537
:10FF780007F0ECDE002008BD38B504460D46FFF753
:10FF88008DFE0346E4B10022226062600122AA408D
:10FF980001680A420AD100F114014069024204D101
:10FFA80003F128019B6A1A420DD00B4604F1100098
:10FFB80063602560A0609B6829469847002038BD8B
:10FFC8006FF0010038BD6FF0160038BD08B5436802
:10FFD80013B1DB688068984708BD08B5436813B15A
:10FFE8001B698068984708BD013806289ABF024BEC
:08FFF80018560020704700BFFD
:020000041002E8
:10000000D4550100F8B5044600680E461546FFF7C2
:10001000EFFF00284AD0D4F8AC218021A31883F840
:100020006C11531CA842B8BF0546382BC4F8AC313C
:1000300011D9A01800F5B6700021C2F13F020130BD
:1000400002F072DDD4F8B831201D04F5B67198477E
:100050000023C4F8AC31D4F8AC210021A01800F57D
:10006000B670C2F1380202F05FDDD4F8B021D4F8E6
:10007000B431D20042EA5372DB00C4F8B021C4F8B4
:10008000B431082204F5D27004F5D871271DFFF7AA
:10009000DDFD384604F5B671D4F8B83198473046DE
:1000A00039462A46BDE8F840FFF7D0BDF8BD07281D
:1000B0000AD84FF0C243834004D44FF0F05383403A
:1000C00004D401E040207047002070478020704732
:1000D0002DE9F0470C46B0B090469A4607460028F6
:1000E00046D00846FFF784FF81462046FFF7DFFF32
:1000F0005045064607F1800513DA21462846FFF7EA
:100100003FFF414652462846FFF764FF284620A994
:100110004A46FFF766FF4E45B4BFB246CA460DF1E8
:100120008008002309E018F8032082F0360182F0ED
:100130005C020DF80310FA5401335345F3DB2AEA4D
:10014000EA7A07E036230DF80A305C2307F80A3014
:100150000AF1010AB245F5DB21462846FFF710FFF8
:10016000044638B9284669463246FFF733FF01E0B6
:100170006FF00104204630B0BDE8F08710B1803048
:10018000FFF728BF70472DE9F843DDF820800446CB
:100190001546994661B10E46002707E032881AB12C
:1001A00020467168FFF7EAFF01370836AF42F5DBFA
:1001B000B9F1000F09D0B8F1000F06D0204649462A
:1001C0004246BDE8F843FFF7D9BFBDE8F8832DE903
:1001D000F0478A4690B09046064600282BD0D0F8CB
:1001E000807000F180043846FFF761FF8146384691
:1001F000FFF7FEFE05462A4620466946FFF7F1FE58
:1002000039462046FFF7BCFE204631464A46FFF7F6
:10021000E1FE204669462A46FFF7DCFE2046694695
:100220002A46FFF7DEFE504669464545B4BF2A46DA
:10023000424602F0F5DB10B0BDE8F087F0B5144699
:10024000ADF5337D07460E461D4602A823463946C6
:100250003246FFF73DFF044660B9BA9B02A80093FF
:100260002946B89AB99BFFF78EFF02A8BB99BC9AA2
:10027000FFF7ADFF20460DF5337DF0BD2DE9F04FC2
:1002800093B01E9F81468B4692461C461F9D002FB1
:1002900068D0002D68D02BB1184602F0F1DC00F1D7
:1002A000010800E098464846FFF7A2FE06460028EF
:1002B0005CD0431EEB1893FBF0F3FF2B079355DC48
:1002C0004FF6FF73984551DC1D9A9A424EDC2B4B3A
:1002D000ADF83420002C08BF1C461C9B01220E9355
:1002E00012AB03F8012D1093032300930023ADF804
:1002F0002400ADF83C2001930293A842D4BF04909F
:1003000004955946484652460BAB0C940A97ADF8F3
:100310002C800397FFF792FF044600282AD14FF064
:10032000020819E0AD1B002D0A9723DD042300937A
:10033000002301930293BF1948465946524609AB20
:100340008DF847800397B542D4BF04950496FFF714
:1003500075FF08F1010860B9079A08F1FF3393426D
:10036000E0DD07E03C4605E02C4603E06FF01604B4
:1003700000E00446204613B0BDE8F08F05EA89008E
:100380000B4B10B51A681C46904204D15A68914232
:1003900001D1184610BD6369054A984206D190699B
:1003A000143281420CBF1046002010BD002010BD49
:1003B0006C5D010073B504460CF0F6DE1423742264
:1003C000204640F60C410CF04FDE2046012104226D
:1003D0000DF030D82046022104220DF02BD8012543
:1003E0000021204640F61C624FF0FF3300950CF0D0
:1003F000A7DE112300930021204640F618624FF03B
:10040000FF330CF09DDE41F20213009300212046E1
:1004100040F644424FF0FF330CF092DEF3232046C7
:100420004FF45E614FF0FF320CF01EDE00232046D9
:1004300040F6F8514FF0FF320CF016DE0023204654
:1004400040F6E4514FF0FF320CF00EDE0823204658
:1004500040F6EC514FF0FF320CF006DE0023204650
:1004600040F6E8514FF0FF320CF0FEDDDB23204672
:100470004FF45D614FF0FF320CF0F6DD0C220023EB
:10048000204640F654410CF0EFDD284B002100934C
:10049000204640F6BC524FF0FF330CF051DE244BA7
:1004A00029460093204640F6BC524FF0FF330CF033
:1004B00047DE204B02210093204640F6BC524FF00D
:1004C000FF330CF03DDE2A462B46204640F62461E1
:1004D0000CF0CADD40F6FF7300930021164E204653
:1004E00040F6B4524FF0FF330CF02ADE00212046D4
:1004F00040F6B8524FF0FF3300960CF021DE4BF679
:10050000982300932946204640F6B8524FF0FF3317
:100510000CF016DE20464FF45C614FF0FF3233469C
:1005200002B0BDE870400CF09F9D00BF1011121387
:100530001415161718191A1B1032547613B50C46D9
:1005400002B949B1084913B10B681C4003E00B68BC
:100550001C4324EA03042240009200217022234617
:100560000CF0BADB1CBD00BFA404000013B5144698
:1005700042690A2A0FDD29B1012905D002290AD1D1
:10058000842202E0782200E07C22009300212346AE
:100590000CF0A2DB01E04FF0FF301CBD2DE9F04173
:1005A00004460CF07BDF00210A460B460746204636
:1005B000FFF7C4FF00210A460B4606462046FFF718
:1005C000D5FF00220546022120461346FFF7CEFF45
:1005D000D4F8788015E0D8F8083083B198F8042072
:1005E000002AD8F80C200CBF2846384600EA020042
:1005F00012D03240904202D0D8F800109847D8F874
:100600001080B8F1000FE6D1204641462A462B461D
:10061000BDE8F041FFF7AABF0028EDD1EFE74FF4A6
:100620008030704738B500251D70D1F8CC304FF4BC
:10063000006113602A4604460DF0ECD8054638B137
:10064000D0F8E031DA0103D4204601210DF0BCDC02
:10065000284638BD73B504460DF02AD818B920468F
:100660000DF0D2D860B3204621466A460DF107034B
:10067000FFF7D8FF0646C0B140F22D1502E00A2070
:1006800006F056DFD6F8D431180706D4013DF6D16E
:1006900003E00A2006F04CDF01E040F22D15D6F809
:1006A000D431590701D5013DF3D1204600210DF089
:1006B0008BDC9DF807301BB9204600990DF0B8D8A7
:1006C0007CBD10B5044607F0CDD82046FFF7C2FF29
:1006D000012010BDF0B585B004460D4617460DF05B
:1006E00093D8002800F09480A66E6EB1D4F8CC3078
:1006F00004EB8303D3F8D420236E9A4203D1606EB7
:10070000B047064600E000262046214602AA0DF129
:100710000F03FFF787FF002863D0082F61D8DFE8B9
:1007200007F005141C2735404A550D00009520465A
:1007300000214FF49C724FF0FF334EE000210091F6
:1007400020464FF49C720B4647E04FF0FF33009376
:10075000204600214FF49A723FE0002120464FF4DA
:10076000EC720B4600910CF0B7DA00F0010539E0AD
:1007700025B1202300932046002103E002230093AB
:10078000204629464FF4E872222326E00021204625
:100790004FF49A720B4600910CF09EDAC0F3C0251C
:1007A00020E0002120464FF4E0720B4600910CF04F
:1007B00093DAC5B216E0002120464FF49A720B4638
:1007C00000910CF089DAC0F340250BE0EDB2009502
:1007D000204600214FF4E072FF230CF07DDA05463D
:1007E00000E001259DF80F301BB9204602990DF05D
:1007F0001FD8E36E6BB1D4F8CC2004EB8202D2F8A0
:10080000D410226E914204D1606E3146984700E0C8
:100810000546284605B0F0BD00487047C05D0100A0
:100820000020704710B50C4641B18B6823B9C06FEA
:1008300009680EF029DBA060A06810BDC06F10BD74
:100840001FB5084A03460092074A08460192074A24
:100850000749126802921A68064B02F0D5DB05B010
:1008600000BD00BF14560100403901009060010036
:10087000E55501000856010008B1D0F8880070471E
:10088000642910DC632921DA4A291FD005DC0729F5
:100890001FDB08291ADD3C2912E0502916D018DB8D
:1008A0005C39032911E0C32904DCC2290EDAA83916
:1008B00002290AE0B1F5847F08D003DCB1F5807F1E
:1008C00007D103E0A1F58971012902D86FF0160064
:1008D00070470020704700207047C88810F008005B
:1008E00018BF6FF0160070474A6810B593424C88E5
:1008F00029DBE30603D503681B7E002B26D12107E5
:1009000003D503681B7E002B23D0A20602D5437EAD
:10091000002B21D0630722D414F0030322D00299C4
:100920004CF05EDE00281FD0E10702D58379002B52
:100930001DD114F002041DD08379002B0CBF6FF081
:100940000500002010BD6FF0010010BD6FF0040025
:1009500010BD6FF0030010BD6FF00A0010BD6FF006
:10096000160010BD184610BD6FF01D0010BD6FF0D1
:10097000060010BD204610BD37B50546900723D5AB
:100980008C6A0CB3A168226963680905C3F300434C
:10099000117A44BF43F00203DBB211B1D2F808016F
:1009A00001E0D2F804017F228DE80C0000223830EB
:1009B00004F13C01134675F081DB2846214603B063
:1009C000BDE830407CF0E69F03B030BD2DE9F04F2C
:1009D00087B000230F4610AC159904930593804609
:1009E000934694E87002DDF850A04CF0F9DDB7F9B9
:1009F0000630002B1ADA1BF0010FB9883A890CD0A7
:100A00004900CDF800900196CDF80890CDF80CA0E3
:100A1000D8F810000131334605E08DE86006D8F8BB
:100A200010004900234607F0B3FD0FE0032D0BD95A
:100A3000042204A8214601F0F3DF072D04D905A8FC
:100A4000211D042201F0ECDF6FF0160007B0BDE8B5
:100A5000F08F000038B50C4605460846484902F0BC
:100A6000D3DA4849204602F0CFDA4749204602F05F
:100A7000CBDA4649204602F0C7DA4549204602F063
:100A8000C3DA4449204602F0BFDA2046424902F068
:100A9000BBDAD5F8340137F043DA20B9D5F838019C
:100AA00039F0DEDA18B120463C4902F0ADDAD5F86B
:100AB000340137F035DA18B12046394902F0A4DAAA
:100AC000D5F8380139F0CCDA18B12046354902F0B2
:100AD0009BDAD5F830013AF001DC18B120463249F2
:100AE00002F092DAD5F8300105F0ACF918B12046E1
:100AF0002E4902F089DA20462D4902F085DAD5F830
:100B00004C0165F04FDF18B120462A4902F07CDA2B
:100B10002B6893F83B301BB12046274902F074DA6A
:100B20002649204602F070DA2549204602F06CDAA8
:100B30002B6A186909F020FC820707D52149204655
:100B400002F062DA2046204902F05EDA20461F49B0
:100B500002F05ADA20461E4902F056DA20461D49B4
:100B600002F052DA20461C4902F04EDA20461B49B8
:100B700002F04ADA1A492046BDE8384002F0449AA9
:100B80001D56010021560100265601002B5601007A
:100B9000345601003D560100415601004656010001
:100BA0004D56010057560100615601006A5601007A
:100BB0007356010082560100875601008E560100CF
:100BC00095560100A1560100AA560100B756010032
:100BD000BC560100C6560100CB560100D05601009C
:100BE000D856010030B585B0054668460C4602F07F
:100BF000F5D928466946FFF72DFF204605B030BDE0
:100C00002DE9F04F03F00103A9B004461493D4F882
:100C10007C3410691B680E46C358D0F858131B78F3
:100C200091460F93D4F88034B2681B681991C35869
:100C300008901B7809921593138860680B9303F052
:100C40000C039B08022B08BF0B9913930B9A0CBF44
:100C5000C1F3C0130023DBB21A9302F44073A3F56F
:100C600040756B4243EB050331461C93379F03F0FD
:100C70008DDA369B04300E9083B11B7A0B2B07D193
:100C8000236893F8AD304BB136988379072B05D89C
:100C900036990E9A91F90F30D2180E92D4F8B031DD
:100CA000002B2DDA369B03B31B7A022B1FD194F84D
:100CB000B022F2B90898036D13F008031CD13699DD
:100CC0008A792168D1F8B8108A4217D2032A15D937
:100CD0000B2A13D8B269900010D4339A012A0FD18D
:100CE0000E9B012008330E9304E0369A04E00023A3
:100CF00004E000200C9005E00C9203E00C9301E06E
:100D000000210C91B568B389AA1F7633A5F176004E
:100D10001D92B38100217022B060189001F004DFB1
:100D2000B38BD90402D4B269520502D51B051B0D41
:100D300020E0D9F80420A04B1340BBB10B9901F07F
:100D4000FC03882B12D1099A1379D8070ED4339853
:100D5000F289411E02F007023298583209EB420232
:100D60008842D38806D1591CD18003E01399012908
:100D700006D111E0139801280ED00021079102E05E
:100D800010220792002332981B019BB200F00F0241
:100D900009991343CB8201E000220792099BA068C6
:100DA000DA8AB38B23F47E6323F01F0343EA121322
:100DB000B38314F003DA010703D5B38B43F4005374
:100DC000B3833498042808D12046089935F82A2C92
:100DD00014F080DEADF8980019E03299339801F0F4
:100DE0000F02B4F85A33411E329842EA0312884285
:100DF00092B202D10133A4F85A333499520147F622
:100E0000E073134001F007021343ADF8983099F8EE
:100E1000D7303BB90B9A02F0FC03802B02D0089824
:100E200083791BB9079941F020010791634B3B403F
:100E3000002B40F0828007F04072B2F1807F00F01A
:100E40008180139A012A30D9B369DA062DD4002B98
:100E50002BDB96F91F30002B27DB226A574BD2F889
:100E6000488008EA030323B908F04073B3F1807F98
:100E700003D109980379DF0766D4D2F844804F4B39
:100E800008EA030323B908F04073B3F1807F04D16B
:100E900009990B7913F0010359D0099A1379D807EE
:100EA00003D4D9F80830190705D599F8407007F030
:100EB0007F07B84649E002238DF8863027AB0093C0
:100EC000D4F85C011FAB494626AA7CF053DD0B9891
:100ED000DDF87C8000F0FC03482B209F01D0C82B5C
:100EE0000BD14146089800222AF0F4DE99F84070B0
:100EF000804607F07F07002308E0B369329943F08A
:100F00000063B361D1F1010338BF0023BDF89C2019
:100F1000D20703D5B26942F40052B261226892F856
:100F2000E120BAB1D4F8F8064946BDF898200593F7
:100F30007CF0D4DA059B12900DE00022B8461292A4
:100F4000134608E0B84603E04746002300E0474662
:100F5000129300E012922268D4F8840492F84F2091
:100F600090F80CB012F0030200F09C818278012A04
:100F700009D9216A91F94D10A1F1010EDEF10001AC
:100F800041EB0E0100E00021012A5FFA81FA17D936
:100F9000226A92F94D20013212D1D9F8042012F0C0
:100FA00080420ED00E300221059302F0E7DC021CD5
:100FB00018BF0122059B04E040000100FF0000C0B3
:100FC000002218F0407FD0B25FFA88F207D01F2AC3
:100FD00002D9202A07D0553A072A04D91CE0A04993
:100FE0008A56002A18DAB8F1000F15DB28F48018A9
:100FF00028F4407818F0407209D0BAF1000F03D1FC
:10100000B2F1807F03D110B148F4801804E0BBF145
:10101000010F08BF48F4807817F0407FFAB207D07C
:101020001F2A02D9202A07D0553A072A04D91BE0E3
:101030008B498A56002A17DA002F15DB27F4801710
:1010400027F4407717F0407209D0BAF1000F03D1AE
:10105000B2F1807F03D110B147F4801704E0BBF1F7
:10106000010F08BF47F48077B4F8582402F46052A7
:10107000B2F5C05F2CD118F4E0221FD118F0407FE8
:1010800017D0D9F80420120313D5226892F83B2018
:1010900092B1089882797AB1D0F80821528E02F480
:1010A0006052B2F5C05F0CBF4FF400324FF4803293
:1010B00004E04FF4803201E04FF4003218F0407F3A
:1010C00013D05FFA88F1202908BF4FF400320CE0FA
:1010D0005FFA88F2F9B2202A08BF4FF08078202901
:1010E00008BF4FF080774FF4803227F4E02A17F0E2
:1010F000407F28F4E02848EA020818BF4AEA020ABA
:10110000226A08BF4AF4803A516C564A0A40002AC3
:1011100053D101F04071B1F1807F4ED018F0407F83
:1011200094F81C2204D0012A02D148F4000802E0FD
:101130000AB928F400081AF0407F94F81C2205D060
:10114000012A03D14AF4000A00F009BE002A40F047
:1011500006862AF4000A00F002BED9F80410C8037B
:101160002BD5D9F80810090627D5013225D118F05A
:10117000407F0FD05FFA88F2A2F15701012909D907
:10118000632A07D0642A05D0652A03D0662A18BFCF
:1011900048F480081AF0407F0FD05FFA8AF2A2F17B
:1011A0005701012909D9632A07D0642A05D0652A85
:1011B00003D0662A18BF4AF4800A204649460593A0
:1011C0001AF060DC18F04072059B45D01599022991
:1011D00008D108F4E02BABF50032D2F1000B4BEB59
:1011E000020B01E04FF0000B5FFA88F21F2A04D8CF
:1011F000072A94BF002101210AE0202A06D0A2F18B
:101200005501072994BF0021012100E00021C9B246
:1012100039B199F8FE1021B199F8FF10003118BFCB
:10122000012118F4000F11911ED01F2A04D8072A9B
:101230008CBF0022012209E0202A05D0553A072A56
:101240008CBF0022012200E00122D2B2002A0CBF92
:10125000024604220D9208E00D929346119204E09A
:1012600058168900FF0000C00D901AF0407226D079
:101270001AF4000F25D05FFA8AF21F2A04D8072A31
:101280008CBF0022012209E0202A05D0553A072A06
:101290008CBF0022012200E00122D2B2002A18BF36
:1012A00004200EE028F4E02827F4E02A48F48038EF
:1012B0004AF4803A10920D929346119202E01092F5
:1012C00000E0109093B1089A3398D2F8301102EBF5
:1012D000C103C2B2C3F838210131089A01F03F01BD
:1012E000C3F83481C2F83011C9F820A218F0407751
:1012F00003D15FFA88F31B9303E0404674F058DE95
:101300001B901398022800D088B9B4F868340E995D
:10131000994202DCB3695B010CD5099A11981379E3
:1013200003F00103002B08BF0120179004E011997E
:10133000179101E0119A1792236A597D41B10F9BD1
:1013400033B12FB9884A5FFA88F3D356002B07DBF5
:10135000236893F84F30980727D037B3159820B3F8
:10136000339A012A0ED90F9B002B0CBF4FF0300A85
:101370004FF0160AB3694AF4803A23F00063B36170
:10138000D04612E089B10F9878B167B908F07F03B1
:10139000022B0AD0042B08D00B2B06D0162B18BF1B
:1013A0004FF0010B01E04FF0010B18F040710F916D
:1013B0001AD108F07F03162B16D86C4A9A4013D521
:1013C000149A62B15FFA88F3022B0BD0D9F810306F
:1013D00093F92C3113F1FF3318BF012300E0149B64
:1013E0000D9301E00F980D901AF0407116911BD1EA
:1013F0000AF07F03162B17D85C4A9A4014D5149A2A
:101400006AB15FFA8AF3022B0CD0D9F8103093F945
:101410002C2112F1FF3218BF0122109204E0169B1A
:10142000109301E0169810901399D9F8043002290E
:1014300008BFC9F8588113F480334AD094F80D32AC
:10144000002B46D094F81132002B42D0159A032A73
:1014500030D00F9B4BB908F07F03022B2CD0042B0C
:101460002CD00B2B2DD0162B2ED00998037913F0EE
:1014700001032BD10B9901F0FC02882A29D1349A5F
:10148000032A26D8B3691C9843F48053B361079BA1
:10149000099900280CBF18221E2243F4A043079389
:1014A0008B5A23F060031B041B0C43F020038B5268
:1014B000012207E000230CE00F9808E00F990A9141
:1014C00008E00F9A0A9205E00F9B02E000200A90C4
:1014D00000E00A931D99204600910E9A41460B9B0D
:1014E00020F08CD922AF204651460E9A0B9B0097D4
:1014F00020F084D90622A5F14000394601F090DAA7
:10150000169A62B90AF07F03162B08D8174A9A4038
:1015100005D50E9B05F83C3C1B0A05F83B3CB3691E
:101520000F995A0512D591B1369A22B1127A042A2E
:1015300001D00B2A1CD143F40063B361179894F8CF
:10154000DA32002B18BF0120179011E081B9064A4A
:101550005FFA88F3D356002B0ADA15F8063C03F03D
:101560000F03149307E000BF5816890000021028EB
:1015700015F8062C14920B9BA42B14D00998037910
:10158000DB0710D40A9981B9B36920465F0541464B
:1015900002D517F021DD03E00D9A359B20F008D924
:1015A000099A508014E00A9B53B1414620460D9A97
:1015B00040F62A131FF0DCDE099980B20230488021
:1015C0000B9AA42A04D10998438825F83A3C19E0DB
:1015D00009990B79D90701D40A9A2AB1002305F891
:1015E0003A3C05F8393C0DE0B36920465A055146AE
:1015F00002D517F0F1DC03E0109A359B20F0D8D823
:1016000025F83A0CB269930509D5B38C25F8343C1A
:10161000F38C25F8323C079B43F400530793329830
:1016200018B9079941F00801079109980379DF0774
:1016300012D4D00410D494F810320BB151060BD44C
:10164000520505D41A9919B1199A92F828301BB984
:10165000079B43F001030793924B34981399185C4E
:10166000022915901CD1349A032A19D894F80D3206
:10167000B3B11B9B042B13D9D4F8340136F062DAD2
:1016800070B91998159900EB41039B8B13B1B3699D
:101690005B0505D5119A1AB9079B43F4805307934C
:1016A000236A186966F018DC00F46050B0F5C05F7A
:1016B00003D1079840F4807007900C9919B1079AEC
:1016C00042F400420792079B25F8763C369810B307
:1016D00094F8B03213BB08990A6D12F0080221D1B8
:1016E000037A0B2B06D1236893F8AD30D3B18379FD
:1016F000072B14D8369A93792268D2F8B8209342EF
:101700000FD2B26997000FD43698027B02F007021D
:1017100042EA031203E03699079107E0002207929C
:1017200004E00023079301E00020079010994B1E6E
:10173000DBB2012B04D8079A42F400539BB2079303
:10174000A5F172000999022201F06AD9002305F877
:10175000703C05F86F3C05F84A3C05F8493C369B5F
:10176000002B2FD094F8B032002B2BD10898036DAA
:10177000180727D436990B7A0B2B06D1236893F8D8
:10178000AD30FBB18B79072B1CD8369B9A79236837
:10179000D3F8B8309A4215D2B369990012D41C9884
:1017A00018B9099901F1180202E0099B03F11E0220
:1017B0001A9800B102320023009320461899369BF4
:1017C0002EF078DC099906220431A5F1500013911E
:1017D00001F026D9BDF8983025F82A3CD4F8440108
:1017E000089960F0E7DC35F8303C80B243EA00232A
:1017F00025F8303C002305F8283C05F8273C05F87F
:10180000263C05F8253C05F8243C05F8233C05F862
:10181000223C05F8213C05F8203C05F81F3C179AAE
:101820001AB9BBF1000F01D1E1E09B46002241460D
:1018300008982AF04FDA00220690514608982AF0BC
:1018400049DA069B089013F04073189306D1069965
:10185000154BC8B21B56002B03DA14E0069874F03F
:10186000A7DB023818BF012070B1D9F8103093F906
:101870002C31012B0AD0079A42F480439BB2079384
:1018800001230C9304E018980C9001E000210C91C6
:10189000089B13F0407209D1D8B2034B1B56002BA2
:1018A00007DA1DE06CE1880058168900089874F08A
:1018B0007FDB023818BF012078B1D9F8103093F9D6
:1018C0002C31012B0BD0079801216FEA40436FEABE
:1018D00053439BB20793119103E0119001E0002262
:1018E000119235F8763CBBF1000F02D043F400634F
:1018F00001E043F0060325F8763CBBF1000F0CBF76
:101900004FF0140C4FF00E0CA5F11E03624600932D
:10191000204606990B9BCDF814C01FF06FDFDDF851
:1019200014C024AF62460B9B2046089900971FF015
:1019300065DF39460622A5F1480001F071D80C9800
:101940000D990E9AA5F118030B9300900191029244
:1019500000275946069A4346204603971FF06CDF3E
:1019600025F8160C119B10980E9900930190029186
:1019700020465946089A534603971FF05DDF25F825
:10198000420CA5F11400BBF1000F09D06FF03B032E
:1019900005F8183C05F8177C099A02F10A010EE0D7
:1019A0006FF04B0305F8183C05F817BC1399062295
:1019B00001F036D8099BA5F10E0003F10A010622B9
:1019C00001F02ED81498189A81B252B906989F4AFD
:1019D000C3B2D356002B04DA15F81E3C03F00F03F4
:1019E00001E015F81E3C1B02194314911FE05946F3
:1019F0000622A5F11E0001F097D859461022A5F144
:101A0000180001F091D8A5F148005946062201F0CE
:101A10008BD805F842BC05F841BCCDF820B0CDF814
:101A200018B0CDF82CB0CDF844B0CDF830B0B369D3
:101A30005A050FD50F9969B128AB002223F8022D62
:101A40000093D4F83401494642460E9B36F096D8AE
:101A500005F8430C079B25F8743C149825F8640C92
:101A60001699B1F1807F0BD031B90AF07F03162BA4
:101A700002D8774A9A4001D4012002E0169800E08B
:101A80000220069A80B202F04073B3F1807F0BD03F
:101A900033B902F07F02162A02D86D49914000D472
:101AA00001239B009BB200E008230899184301F032
:101AB0004073B3F1807F0BD033B901F07F02162A57
:101AC00002D86349914000D401231B019FB200E07A
:101AD0002027236A0743186966F0FED9C0B247EA97
:101AE000002725F8627C0F9AB2F1807F0CD032B9C2
:101AF00008F07F03162B02D8554A9A4001D40123DF
:101B000000E00F9B9BB200E002230D98ADF89A30E5
:101B1000421ED2B2012A09D843F01003ADF89A3020
:101B20002368D3F888309A6901329A614146204689
:101B3000BDF89A707EF080DCB3690743B9B21B012F
:101B4000ADF89A100ED5236893F8E13053B1236AAB
:101B5000186967F099DB236A0DF19A011869129AE6
:101B600067F0ACDBBDF89A30414625F86E3CB4F81E
:101B70005824204627F09AD925F86C0C5146204667
:101B8000B4F8582427F092D925F86A0C179911B99E
:101B9000BBF1000F0FD00699B4F85824204627F067
:101BA00085D925F8680C08992046B4F8582427F000
:101BB0007DD925F8660C0F9A4AB10D9B042B06D1EE
:101BC000204641460E9A1FF077DC25F8380C16980F
:101BD00048B11099042906D1204651460E9A1FF0AB
:101BE0006BDC25F8360CD9F80430580640F1AE808D
:101BF0001A9A002A00F0AA801998159900EB41035F
:101C00009B8B002B7BD0B369590500F19F80329AE2
:101C1000002A40F09B800E9B204641460D9A1FF003
:101C2000A7DB0B9B0990ABB106990C9A204617F0E5
:101C300041D808990746119A204617F03BD80B99CE
:101C4000B1F802B0BB4435F8427C1BE0581689005D
:101C5000000210280A9ABAB941460D9A0A9B2046FA
:101C60001FF0A6DD099B514600EB030B109A0E9B5B
:101C700020461FF07DDB51460746109A20460A9BFE
:101C80001FF096DDC71902E0DDF824B00B9F1FFAA4
:101C90008BF225F8702C25F84A7C1998159900EBE1
:101CA00041039B8B0998C3189B1A9BB21A0419D441
:101CB000204641460D9A16F0FFDFFF2805D9B4F8FB
:101CC0005A24904238BF024601E04FF480723499A2
:101CD00092B204EB4103B3F85C34934202D0204645
:101CE00018F076D8236893F84430002B2ED0349A1D
:101CF000032A2BD8D4F8600115995A4623E02368AB
:101D000093F8443013B3349B032B1FD81A480B9914
:101D1000C75C204639B10C9A069916F0CBDF0B9BB5
:101D20005A8882180CE041460D9A0E9B1FF020DB6A
:101D30000D9A0546414620460B9B1FF039DD42199E
:101D4000D4F8600139464B4650F0F0D8B369BDF87D
:101D5000980043F08403B36129B0BDE8F08FD4F854
:101D6000842428F4800892F913202AF4800A012A96
:101D70007FF4F3A9FFF7FBB96CE1880070B50B693C
:101D800012B15478032C01D8002212E04D6845F4BA
:101D900080744C605679012E8DBF24F4806445F424
:101DA000A0654D604C605478052C2FD9062C03D1CA
:101DB000012283F8A42370BD147A14F0040F4C6838
:101DC00014BF44F0806424F080644C60147A04F002
:101DD0000804D4F1010438BF002483F8A4438B68BD
:101DE00023F004038B605478062C0FD9127AD206A4
:101DF0000CD5026843F004038B6092F80C21D007E5
:101E000004D592075CBF23F004038B6070BD000013
:101E10002DE9F04FB5B09A463F9B05460B2B8946FE
:101E200016463E9F409C40F2E6800C3B04931AF01D
:101E30007DDE0021C8220590204600F075DE314687
:101E40000622204600F0ECDDFA7ABB7A494643EAE6
:101E5000022303F00302012AA4F86230E38808BFDA
:101E600084F83420BAF1000F14BF4FF480720022BE
:101E70001343E38028465BF09BDF60857A7A3B7AE8
:101E800007F10C0B43EA022307AFE3850021282268
:101E90000DF14408384600F047DE2DAE002128221F
:101EA000404600F041DE4FF0FF3300210C22304667
:101EB000ADF8CE3000F038DE0DF1CE032F93049B49
:101EC000BAF1000F0CBF4FF0600A4FF0700A8DE8B6
:101ED00048002846002152465B462D97CDF8B88031
:101EE0001CF0D6DA002840F08680059B4246DEB220
:101EF000284604F1380339461FF0D0DBBDF8CE3058
:101F00004FF6FF72934217D05A1E92B2DE2A75D84E
:101F100043F480520E2B8CBF4FF440430023D5F87E
:101F2000580143EA020152F043D858B9D5F8643158
:101F30009B889B0506D461E0731E9BB2DE2BADF837
:101F4000CE605BD8BDF8CE309E4203D1E28842F02D
:101F50000202E280EB1893F83C20494684F86120A5
:101F6000284652B25BF0C8DEBDF8CE30A08543F4FF
:101F700080520E2B8CBF4FF44043002313436386E3
:101F800000210C2230A800F0CFDD1F4B0DF16C08B2
:101F900030931E4B002128224046319325AF3295C5
:101FA00000F0C2DDBDF8CE300021202238468DF889
:101FB00072301B9400F0B8DD049BD5F894060293B0
:101FC0000021524630ABCDF8B080CDF894908DF81A
:101FD000A4608DE8800857F011D988B9608E431E3F
:101FE000DBB2DE2B0AD802F059DA00280CBF002041
:101FF0006FF0130004E04FF0FF3001E06FF01300CA
:1020000035B0BDE8F08F00BF112A8200812B82001D
:102010002DE9F04FA5B00446D2F808A18B4615462D
:102020000021282205A8984600F07EDD0FA8002197
:10203000282200F079DDD4F86C3313B104F55B701D
:1020400008E0236893F82F3073B9236A5B7D052B72
:1020500004D1694805A973F0EFDF05E0042B03D133
:10206000204605A91FF066DD05AF3B460FAE2046B2
:1020700029460AF138020DF16409009628F090DA39
:1020800000212422484600F04FDD0021082222A82A
:102090001A971B9600F048DD94F84135CDF88C90E6
:1020A000DA0702D52A6DD70708D49E0708D52B6D0D
:1020B00003F00603023B18BF012302E0002300E007
:1020C0000123226892F84F2012F003020BD0D5F8BA
:1020D000EC2012F4805205D19DF8BC10002908BFF5
:1020E0001A4600E0002224AB03F8082D1FFA8BF6F5
:1020F000009332460023D4F89406294657F056D868
:102100002E9A00F10C0913680746994571D840468C
:1021100000210C2200F008DDBAF82E30A8F80830B3
:10212000AB7923B1012388F80A30002306E0D5F803
:10213000EC2012F4803204D088F80A3088F80B3092
:1021400004E0022388F80A3088F80B202A6D40F258
:102150003713134043B195F858302BB1B8F80A3013
:1021600043F01003A8F80A30236893F830306BB9B5
:10217000236A1B68022B09D1BAF86230980605D58C
:10218000B8F80A3043F02003A8F80A30236A5B7DD0
:1021900043B194F872342BB1B8F80A3043F4806339
:1021A000A8F80A30236893F8A9305BB1D5F8EC3071
:1021B000590407D4AB792BB1B8F80A3043F48073D3
:1021C000A8F80A3022AB009308F10C030193D4F86D
:1021D0009406002329463246029756F055DFBBF19C
:1021E000800F03D1D5F890301C9A5A612E9BC3F80A
:1021F000009025B0BDE8F08FD40D89002DE9F04F97
:102200004E688FB01746C6F3C0420C46D1F808A0FE
:1022100002920546002104A82822994600F084DC99
:102220002369C6F3004B26F08646039326F4EA168C
:102230002AF083036660A360002F00F0BF803B7824
:1022400097F8018043EA0828A4F80081BB7884F855
:10225000023146F4803363602B6893F84120B2B1B9
:1022600093F842309BB146F4A026D4F8243166603E
:1022700093F85D307BB91AF4007F03D094F82430D2
:10228000D90608D52846214636F04EDC03E028461C
:10229000214636F03BDC0622284621462DF05EDF43
:1022A000A26812F0006222D108F00C039B10012BEF
:1022B00094F8FE0094F8FF1006D0032B09D043B920
:1022C000012284F8FE2001E084F8FE3084F8FF301B
:1022D00003E084F8FE2084F8FF2094F8FE30834267
:1022E00007D194F8FF60761A18BF012602E0002695
:1022F00000E0012618F4407F03D0636843F0804378
:10230000636018F0010F03D0A36843F08003A3605B
:1023100018F0200F03D0A36843F00103A36018F066
:10232000400F03D0A36843F00203A360A3680AF040
:10233000030A03F003039A4518BF012618F0100F93
:1023400003D1636843F48013636018F4804F03D0B3
:10235000636843F000736360C8F34008B9F1000F8D
:1023600038D005F53E7003304946162200F058DBA0
:10237000B8F1000F03D099F80180C8F3800899F8EC
:1023800001301A0703D5636843F08073636099F8DE
:10239000023013F008030ED0039A41F61001D2F870
:1023A000083140F608425B8E03F44043B3F5404FDA
:1023B00014BF0B461346A5F8DC320BE02846214635
:1023C00006222DF0CBDE2846214636F09FDB3E4626
:1023D000B84619E01022F91C0DF1250000F020DBB1
:1023E000D5F8843404A8997873F0E4DED5F868123F
:1023F000284624F095DEFF230190002204A80093D4
:102400000146134673F05ADEBBF1000F11D063682A
:1024100013F4803310D009AA0023E11812F8010F39
:1024200091F85110884206D10133102BF5D10023C9
:1024300002E05B4600E00123626802F48031C2F3EF
:102440000042934500D163B104F1510029B10DF16F
:102450002501102200F0E4DA02E0102200F064DB33
:102460000126B8F1000F03D0636843F400236360D2
:10247000029B434500D146B1D5F8843493F87B30B4
:102480001BB9284621467BF085DA0FB0BDE8F08FF6
:1024900000F506612DE9F041093104464AF0D6DF26
:1024A00094F872380546002B74D0002872D06A2147
:1024B000206948F0CFDC460006F114084146206947
:1024C00048F0C8DC002207464146206949F004DB99
:1024D000380406D4304831493A46BDE8F04100F0AE
:1024E000499BD4F88484012388F86D3198F8283109
:1024F0003BB1A068D8F8301111F044DE002388F811
:102500002831204629460CF0C2F998F81D3153B104
:10251000012388F82831A068D8F83011D8F8242190
:10252000002311F009DE206906F1160148F092DC63
:10253000B4F8703883422DD10022134679B2284670
:10254000D5F810615BF094DC28465BF0D7DBAB7903
:102550008BB9D5F81421D5F80831128A5A852B7C0D
:102560004BB1D5F8EC30990405D473791BB92846E2
:10257000012144F0E5DA0023B37194F80C22D6F877
:10258000F0309A4206D0284684F80C32BDE8F0417B
:1025900024F04A9ABDE8F0811B5A8900F14D890068
:1025A0002DE9FF4104460D4616461F460A994BF099
:1025B00017D82046294632463B46FEF761F9B0F16E
:1025C0000008C0F2A18023685B7E4BB9206956F0F9
:1025D0002BDC28B1A06811F0DBDD4FF0FF3893E071
:1025E0003EB1032F05D903A83146042200F018DAC2
:1025F00001E000230393342D18D008DC022D11DBF9
:10260000032D13DDA5F11B03012B0BD80EE0D62DF6
:102610000CD001DCA32D04E0FB2D07D040F20B13FE
:102620009D4203D0002E65D0002F63DD3E2D02D0E9
:10263000402D62D135E023681B7E002B60D0D4F89A
:102640008424039992F81C318BB1CBB282F84631C5
:10265000D4F884241172D4F88424206992F8AC1040
:10266000012200920192002249F0C0DB3FE02046A7
:1026700049B27DF095DEB0F1000845DBD4F8843432
:10268000039A20461A722CF095DF20467DF028DF51
:102690002046D4F8B0141EF051DA204624F038DA7F
:1026A00032E0039B5A1C042A2CD8013301D10323A6
:1026B0000393D4F88434039993F81C2172B1C9B2FE
:1026C00083F8AD10D4F88434002293F845312069A2
:1026D00000920122019249F089DB04E0236AC9B229
:1026E000186965F07BDAD4F88434039ADA714FF014
:1026F000000809E06FF0010806E06FF0160803E03B
:10270000984601E06FF01C08404604B0BDE8F08137
:102710002DE9F341089C07460E461546984600945D
:10272000FFF73EFF10F12F0F0CD010F1170F0BD158
:10273000384631462A464346089402B0BDE8F04187
:1027400018F0B09B6FF0160002B0BDE8F08113B531
:1027500004462CF011D820461CF0B8DBD4F88434A1
:10276000012293F8AD10206993F84631009201924E
:1027700049F03CDB206902B0BDE8104056F0669B92
:1027800037B5036804465B7E002B40F01A81006970
:1027900056F04ADB002840F01481236893F820307B
:1027A00033B9206947F072DE2368012283F82020C4
:1027B000206905F012FE236893F8693113B12046B1
:1027C0004BF042DCD4F88434032293F85130009269
:1027D0008022002B14BF134600232046042126F03C
:1027E0004FDA2368DB6EE3B9206948F0CFDF0930A8
:1027F00017D12268D36E13F0020512D143F0020301
:10280000D366D4F86432595941B18B7933B94B79D5
:1028100023B10B7C13B120464AF05EDC0435202D39
:10282000EFD12368DB6E1BB1204619F087D9C6E0D3
:10283000206948F0F7DC206990F934114D1C03D170
:10284000012148F0EDDC01E048F042DC0123637631
:10285000204627F0ABDD23682046596B0323009305
:1028600021B14FF480720021134602E04FF48072D0
:102870000B4626F005DAA06811F006DD2368012278
:102880001A7694F8CF3173B120462CF093DED4F849
:1028900054332046598E2BF0BFD9002384F8CF3112
:1028A000204624F035D9D4F844260321204624F0CC
:1028B00033D9204616F0E8DBB4F83415204629F069
:1028C00095D9206948F04EDF03232022009320464B
:1028D0001346012126F0D4D9236893F82F301BB179
:1028E000D4F818053BF0AADF20461DF08BD820460F
:1028F0007AF0D0DD01254FF47A72D4F8E811012383
:10290000A06811F019DCD4F89C0184F82A5280F0F8
:1029100001DE20467DF0E4DDD4F88434204693F9CE
:10292000121017F0F1DD20462DF034DD20462DF099
:102930001DDD204629462DF0BFDDE36884F8605692
:10294000D3F82421294642F04002C3F82421236A07
:102950000022186965F048D9236884F88C5693F8EA
:10296000693113B120464BF0AFDB6A21206948F092
:1029700071DA003018BF012084F873087E212069C5
:1029800048F068DA421E92B24FF6FD739A4206D8BA
:10299000430001304000A4F85038A4F85208B4F8BD
:1029A000501821B12046B4F870272DF065DFB4F837
:1029B000521849B12046B4F854282DF05DDF0020AC
:1029C00003E06FF0080000E008463EBD2DE9F04F3F
:1029D000B5B0DDF8FC800D93B8F80A700D46ADF87F
:1029E00058701146BFB29146129704461AF09ED80D
:1029F000B9F81670C0B21A97B9F8047010900D9912
:102A000048461B9773F056DC419F4FF0000A87F849
:102A100000A008F10C071597409F0F900C3F1897E6
:102A2000109FDDF860B00C97159ECDF844A0CDF84E
:102A300024A0CDF864A0CDF828A0CDF838A0CDF81A
:102A40002CA0CDF850A0CDF84CA0CDF820A0CDF80A
:102A50001CA02F464FE03378951C2D2B21D007D892
:102A6000012B13D043D3032B12D02A2B40D114E0D7
:102A70003D2B1DD005D80899322B08BF314608914F
:102A800036E04A2B1BD0DD2B32D11FE007962FE01A
:102A9000B2784FF0010A0C922AE0B31C13931492FF
:102AA00026E0204631462A4658F03ADA0A901FE0DE
:102AB000204631462A4658F009DA0E9018E02046A2
:102AC00031462A4657F09CD9199011E0032A0FD9B4
:102AD000B01C04229149FFF38FF7119B002808BF17
:102AE0002B461193099B08BF3346099300E00B96D0
:102AF0007619C5EB0B0BBBF1010F03DD7278531C8C
:102B00005B45A8DB3D46099F3FB10A9F2FB9204690
:102B10000999119A58F0B8D90A90002D7AD1129FCC
:102B2000BE0740F1DA830B9B002B00F0D6832046D2
:102B3000991C5A784AF00EDD3190002800F0CD83C0
:102B4000037C002B40F0C983037A002B00F0C5837F
:102B5000D0F80831588E01F06FDC0C9F874240F0AE
:102B6000BC83319F2046394617F054DD002847D0FA
:102B7000384649460D9A43461DF09ADF00283FD05B
:102B800040993E9BD7F8046103F110020191204661
:102B900049460123CDF800800296FFF739F9002855
:102BA00030D1B6F830B0BBF1000F2ED1216AD4F885
:102BB000843450315A469B7806F1380073F052D96C
:102BC0004099384600910D9A4946434643F034D91E
:102BD000CDF800B0CDF804B03B7C2046D3F1010322
:102BE00038BF002302937D22394607F1DC03CDF87C
:102BF0000CB0CDF810B01EF08DD901220B9206E07A
:102C00000B9504E000230B9301E000210B914FB3DF
:102C10003D4601E000270B971A9F3E9917F4404F5D
:102C20000CBF4FF0000B4FF0010B01F10A072046DB
:102C300029463A465B467AF04DDB064600BB2B7CC4
:102C4000002B40F04D83204629463A465B467AF0F9
:102C500043DC0646002800F04383204631467AF0E4
:102C6000ABDA0DE094F88E32002B00F039833E9FF2
:102C7000204607F10A0131AA7AF0D6DA064610B1E9
:102C80007368D80720D4089F27B17878B91C27F03B
:102C90007BDD58B9079F67B1B91C787827F074DDE0
:102CA00010F1000B18BF4FF0010B04E04FF0010BC7
:102CB00001E0DDF81CB066B1BBF1000F07D173680D
:102CC00043F00103736004E04FF0000B01E04FF0AC
:102CD000010BCDB1AB79DBB92B7A0BB3D5F8083149
:102CE0005B8E079303F46053A3F5C052534243EB4A
:102CF00002030798089301F09FDB0C9FC11B484219
:102D000040EB010009900EE00895079509950AE04F
:102D1000002708970797099705E000BFFE370100D5
:102D2000089307930993B4F88E32002B7FD0236A5F
:102D30005B7DC3B10C9FD4F87C040E2F8CBF4FF485
:102D40004042002247F48051129F114307F02003B4
:102D5000D3F1010338BF00230193139A149BCDF8DC
:102D600000B071F0CDDE236893F84F309B0712D08E
:102D70000C9FD4F880040E2F8CBF4FF440430023E7
:102D800047F48051089F19430E9A0A9BCDF800B072
:102D9000019772F0D9DB94F88E32002B47D00021D6
:102DA0000C222EA8FFF3C0F6944B1CAF2E93944B2D
:102DB0003846002128222F933094FFF3B5F6BDF852
:102DC00058100DF1980CDDF830E0ADF87610604643
:102DD00000212022CDF818C01C968DF874E08DF8E3
:102DE00078B0FFF3A1F62D970D9F236827973E9F9C
:102DF00093F84F302897109F03F003038DF8A870C5
:102E00000F9FDDF818C02B97159F8DF8B0300197F4
:102E1000189FD4F89406002190222EABCDF89890FC
:102E2000CDF8A480CDF800C0029756F0E7D994F809
:102E30008C32002B00F05682099F002F00F0528246
:102E4000236893F84F20970700F08A800E9F002F89
:102E500000F086800A9F002F00F0828093F8A9304E
:102E600033B1D4F87801294653F0F2DC002877D149
:102E70000E9F20467A78397824F0ACDC079F034611
:102E800017F4404F0CBF002201220A3254F82220CE
:102E90001192D5F8082162B1D28812F0200208D030
:102EA0000A9F3A7812F0020203D00E9F7A78C2F39A
:102EB00080020992BAF1000F0BD1109FDAB2BA4228
:102EC00007D01846069301F0B7DAB842069B40F0E7
:102ED0000982D5F80821002A2DD01846069301F062
:102EE000ABDA0746079801F0A7DA8742069B22D1A2
:102EF000D5F80821528E9A4232D0002E30D02A7A4C
:102F0000002A2DD0204611992A4625F055DEFF28AB
:102F1000074600F0E781DDF824E0204629463A46DE
:102F20005FFA8EF315F088DED0B1204629463A4686
:102F30002DF0C6D914E0BAF1000F11D0184606934F
:102F400001F07ADA0C9F069BB84200F0CB8103F4C3
:102F50006053B3F5805F03D0B3F5C05F40F0C2812A
:102F6000419F01233B702368D5F818A193F84F3097
:102F7000980716D0AEB10A9F37B1199F2046009727
:102F800031460A9A0E9B0AE02B7C53B97368D90329
:102F900007D50A9F2046009731463A463B4617F030
:102FA00075D92B7C002B00F0BF803E9F0D9B2046E7
:102FB00029464A468DE8800115F02ADF236893F8F8
:102FC0003B3043B10D9F2046294632464B468DE8A3
:102FD00080015EF013DA9AF809301BB1284600210F
:102FE0002BF028D99AF80D30DBB1D4F830371A68B5
:102FF0000AB11F7A37B12846002110E0F1CF8100D5
:10300000F5CF810004F020D9D4F830371A69821A3C
:10301000B2F57A7F05D901221A72284639462BF07B
:1030200001DCD4F830371B68002B48D01B9F0123EC
:10303000C7F3C0120F9920461EF08EDB98F80230BD
:1030400098F801101B0443EA012398F80010B8F81F
:1030500008700B4398F80310024643EA0163329369
:1030600098F8063098F805101B0443EA012398F8F5
:10307000041034A80B4398F80710002F08BF6427EA
:1030800043EA016340F8043D32A900F0E7D938462D
:10309000329A339980F05ADAD4F83037BF021A687E
:1030A000BA1A90420BD95A68BA1A904207D23F1AFC
:1030B0005F60D4F84401294601225FF0CFDC236A27
:1030C0005B7D2BB1129F2046C7F380212CF076DA6E
:1030D000D4F85801079950F0B7DD80B1D4F8580101
:1030E000079950F0A7D9236A186964F0F5DE079FA5
:1030F000B84204D1002120460A4625F079DE4A462E
:103100000D9BD4F844012946CDF800805FF06ED8BD
:10311000D5F8EC309A0458D5D4F84C0129464246EB
:10312000409B63F0F7DF50E0BBF1000F03D1129F2B
:10313000C7F3401300E00123DBB23EB1726813B164
:1031400042F0040201E022F004027260226A527D21
:103150004AB10193D4F87C042946139A149BCDF804
:1031600000B071F025DD236893F84F309B070AD03B
:10317000089FD4F8800429460E9A0A9BCDF800B027
:10318000019772F039DA0B9FFFB9D4F868329D428B
:103190000CD0284649460D9A43461DF089DC28B1DB
:1031A000284649460D9A43462CF0BEDA94F88E32F2
:1031B0005BB9D4F868329D4207D1284615F090DEFD
:1031C00018B1204641461BF02BD800210C222EA816
:1031D000FFF3AAF4454B1CAF2E93454B0021282248
:1031E00038462F933094FFF39FF4BDF85810DDF864
:1031F00030E01C9626AE2022ADF876103046002135
:103200008DF874E08DF878B0FFF38EF42D970D9F54
:10321000236827973E9F93F84F302897109F03F01D
:1032200003038DF8A8700F9F8DF8B0302B97159F72
:1032300080220197189F2EABD4F894062946CDF82A
:103240009890CDF8A4800096029755F0D7DF9AF8B1
:103250000230013BDBB2012B13D8AB798BB92A7C4E
:103260007AB1D5F8182192F86C20022A09D14FF0D2
:10327000FF3201922046294605F1DC02009329F035
:103280007DDD0F9F17F0407F01D1384602E00F9897
:1032900072F08EDE00F07F0002280AD0042808D0E9
:1032A0000B2806D0A0F1160CDCF1000040EB0C005E
:1032B00000E001200190B9F80400B9F80610800B75
:1032C000029001200022039099F91C302046090A3F
:1032D000009204950BF00DFB04E000270B97C1E46E
:1032E0000026D0E435B0BDE8F08F00BFF1CF8100FB
:1032F000F5CF81002DE9F04F91F91530A1B00025EF
:1033000004468A461E951F9573B11BF0D7DD58B150
:103310002368BAF81C20D3F88830D3F8C8118A186B
:10332000C3F8C82100F0A3BCBAF80230606803F00B
:103330000703052B0B900A9300F2A48463690A9992
:1033400053F82100002800F09D849AF81820022AE2
:10335000089200F08984714B0221DB6B984781460B
:1033600038B920460A9914F0BDDE8146002800F0E5
:1033700089842046494611AA23F0FEDF236893F88A
:103380009C30012B06D0BAF80220BDF848309A4292
:1033900040F07384B9F80E30614E03F007030993CF
:1033A000604DF35C4946EB5C11AA0C93189B0D939E
:1033B00018881EAB0E90009320461FAB18F094D9CE
:1033C000236893F84F309B0717D011A81BF0A4DC9B
:1033D00038B12368D3F88830D3F8A4220132C3F877
:1033E000A42211A81BF0AADC38B12368D3F88830D6
:1033F000D3F8AC220132C3F8AC22D9F818305D05FD
:103400006CD511AD204629462CF040DE08BB534652
:10341000D4F834011E994A46009534F05DDB2368E8
:1034200093F8E130002B59D01E99002956D0BDF8F1
:103430005000BAF802200090BDF84E30D4F8F806DB
:103440007AF086D8D4F85C011E990C9A7AF0D2DB17
:1034500044E01F99A1B1089A072A11D1D1F8EC30A4
:1034600098030DD4D4F84C0163F0C0DC28B9D4F82B
:103470004C011F9963F01CDD10B11F984AF0F2DA7D
:1034800011AB0093D4F8340153461E994A4634F0E8
:1034900085DA2368054693F8E13093B11E9981B12E
:1034A000BDF85000BAF802200090BDF84E30D4F8B4
:1034B000F8067AF04DD8D4F85C011E990C9A7AF08F
:1034C00099DB1F98002800F0D2838379002B40F00D
:1034D000CE830AF108016FF0B9DBC8E3204611A9D9
:1034E000D9F834701BF040DCBAF81C60FF0E07F00E
:1034F00001070F90BAF81A80E6B12368D3F8883034
:10350000DA68013A9219DA601E9B9BB167B1D3F871
:103510002C22013A9219C3F82C220BE010A7880044
:10352000BAD588006CE18800D3F83822013A9219A4
:10353000C3F83822B8F1000F06D02368D3F88830DA
:10354000DA68013A4244DA600E98494600F4806332
:10355000D3F1010338BF00230B98079300F016DE68
:10356000D9F818509AF91930C5F3C06B002B00F048
:10357000868023681E98D3F88830D3F8A8210132BA
:10358000C3F8A821D3F8C821013A9219C3F8C82179
:1035900028B103691BB1DB68DA6B0132DA63012EF3
:1035A00005DDD4F88C54013DAD19C4F88C5407994D
:1035B00000294DD02368D3F88830D3F8D8210132C0
:1035C000C3F8D82128B103691BB1DB685A6B0132FB
:1035D0005A6301230999002208F065F8D4F88C3465
:1035E0007BB12368D3F88830D3F8B4210132C3F813
:1035F000B4211E9B2BB11B691BB1DB68DA6A013257
:10360000DA62D4F88C34012B14D923681E98D3F8CD
:103610008830D3F8B8210132C3F8B82128B1036942
:103620001BB1DB681A6B01321A6309990C22012362
:1036300008F039F81E9B5BB12FB1D3F82822013274
:10364000C3F8282204E0D3F834220132C3F834222C
:103650001E9B13B12268926A9A621F9B002B00F096
:1036600015829A79002A40F01482197C002900F012
:103670001482D3F8103101259A7190460FE215F4A7
:10368000825543D023681E98D3F88830D3F8A821F8
:103690000132C3F8A82128B103691BB1DB68DA6BDA
:1036A0000132DA63079A0AB32368D3F88830D3F873
:1036B000D8210132C3F8D82128B103691BB1DB68D6
:1036C0005A6B01325A6301230999002207F0EBFF7C
:1036D0001E9B5BB12FB1D3F828220132C3F82822F8
:1036E00004E0D3F834220132C3F834221E9A002AAF
:1036F00000F0D8811F9B002B00F0DA819D79002D0E
:1037000040F0DC8123689B6A9362D8E1089B032B1D
:1037100009D0042B0CD12368D3F88830D3F81022B9
:103720000132C3F81022A8462F460126AB46DDE140
:103730000898052829D123685A6BD3F88C103AB120
:10374000B9F80E20954802F00702825C9448825C2A
:10375000143201EBC2014A68D3F8883001324A6062
:10376000D3F8A0221E980132C3F8A022099904229E
:10377000012307F098FFB4F83455002D00F0A38121
:10378000204623F0DFDA00259DE10899012916D1B2
:103790001F9B93B19B7983B11E9B73B11A7DD20796
:1037A00004D493F824309B0740F1658220464946B3
:1037B0005246079B3CF09ADC4BE0089E4DE0089A8D
:1037C000062AB0D0072A51D11F99002900F0538250
:1037D000D1F8EC309F0040F14E829E030DD4D4F816
:1037E0004C0163F003DB28B9D4F84C011F9963F056
:1037F0005FDB10B11F984AF035D91E99002900F0FF
:103800003A821F9B9B795BB191F824309D0707D5C5
:103810008B68580604D50122204613463CF0B4DBE1
:10382000D9F81830590544BF43F48073C9F81830EB
:10383000D9F8183023F40043C9F818301F9BD3F887
:10384000EC309A0340F1178220461E994A4625F033
:10385000BBDB0646002800F03A81002520460AF12D
:1038600014011BF021DBA8462F465FE7BAF80630AB
:1038700033B12368D3F888309A6B01329A6352E7E8
:103880001B9B1B78DB0741D57EB12368D3F88830BA
:10389000D3F8A8210132C3F8A8211E9B2BB11B69C4
:1038A0001BB1DB68DA6B0132DA63079B002B00F097
:1038B000138123681E98D3F88830D3F8D8210132B9
:1038C000C3F8D82128B103691BB1DB685A6B0132F8
:1038D0005A6309990022012307F0E5FE002E00F04B
:1038E000FD8023681E9DD3F88830D3F8AC210132C7
:1038F000C3F8AC21002D00F0CD812D69002D00F022
:10390000C981EB689A6B01329A63C2E11F9B002B5D
:1039100048D09A79002A45D11B7C002B42D00D98C3
:10392000037CDD073ED53EB12368D3F88830D3F859
:10393000A8210132C3F8A8210799002900F0CC8002
:1039400023681E98D3F88830D3F8D8210132C3F801
:10395000D82128B103691BB1DB685A6B01325A6365
:1039600009990022012307F09EFE002E00F0B68088
:1039700023681E9DD3F88830D3F8AC210132C3F8F8
:10398000AC21002D00F086812B69002B00F07C819A
:10399000DB689A6B01329A6376E100BFBAD5880082
:1039A0006CE188000F9AB4F86A341AB1984503DACA
:1039B000B4F86C349E4261DB22680798D2F88830F4
:1039C000D3F8C851AD19C3F8C851002800F0898058
:1039D000D3F8B0110131C3F8B011D4F8843493F89E
:1039E0001D1109B3D4F868128979E9B992F86421F4
:1039F00022B193F86D210AB183F86D11D4F88414C3
:103A0000204601F582710BF048F9D4F88434012284
:103A100083F82821D4F88434A068D3F83011D3F87F
:103A20002421002310F088DB1E9860B12FB1D0F85C
:103A300030320133C0F8303230E1D0F83C3201335B
:103A4000C0F83C322AE101230999082207F02BFE35
:103A50001E9B2BB11B691BB1DB689A6A01329A620B
:103A6000002502238DE8280020461F9914221B9B65
:103A70000295039504951DF04DDA33E02368002587
:103A8000D3F88830DA690132DA614CE601259846CC
:103A900005E001254FF0000801E0012588462F468A
:103AA0002E4623E00127154690463E4693461DE0EC
:103AB00001271D4698463E469B4617E000250127F4
:103AC000A8463E4632E6A8462F4601260EE00546A9
:103AD00080460746834609E0079DDBE03546B04651
:103AE000D9E0079D4FF001082F464646B4F834351B
:103AF00043B1D4F838352BB10899052902D02046B6
:103B000023F00ED9BBF1000F4ED01E9B002B4BD0E3
:103B100011A81BF001D99DF84E30834603F0030332
:103B2000023BDBB2012B04D8204611A92CF0B6DAF7
:103B300000E0FF200A9A032A0AD85B498B5C04EB59
:103B40004303B3F83622130903F00F03120B03E00B
:103B5000B4F86E34B4F87024009200220392BDF8D9
:103B60004C200190C2F300320492D4F85C011E99FB
:103B70005246CDF808B07AF0BFD8236893F8E13008
:103B800093B11E9981B1BDF85000BAF8022000909F
:103B9000BDF84E30D4F8F80679F0DADCD4F85C01E0
:103BA0001E990C9A7AF026D820460A9901222CF008
:103BB000E7D81E9860B15EB1E368D3F88021D9F8E8
:103BC00030309A4204D91DB10999D21A07F079FD13
:103BD0001F9DB5B10AF1140120462CF03DDB0146D2
:103BE00028462CF0EFDB0E9A02F0FC03082B01D0E4
:103BF000882B06D1079B23B11F980AF108016FF0AB
:103C000025D81E99C9B10B7DD80716D41F9BA3B127
:103C10009A7992B91A7C82B11A7A72B1D3F8EC20EF
:103C200092040AD4D3F810315B7933B92046524656
:103C30003B46CDF8008043F075D97EB10AF11401FE
:103C400020462CF009DB49460246D4F8880463F08C
:103C50001DDE0B984946012203F0B2DF079828B118
:103C60000025C4F88C5402E0002500E0079D28469A
:103C700021B0BDE8F08F0126EFE50B9849460122FF
:103C800003F09EDF0125F2E7D5F868310133C5F86E
:103C900068310025A84601273E4627E7D0F84C3179
:103CA0000133C0F84C31CEE66CE188002DE9F04FCD
:103CB000002BB5B007930CBF04230A230993079B7D
:103CC00015690DF12C0918BF2023044615AF88464D
:103CD00093460021282248460693D5F80C610DF141
:103CE000B80AFEF321F7002128223846FEF31CF71C
:103CF00000210C225046FEF317F7336B20468DE867
:103D000008042946069AF36ACDF8B8902F9714F064
:103D1000F3DD002840F0F880B8F80630D80715D554
:103D2000216A4B7D93B10A6D0CA854310B92FEF3BE
:103D300077F6D5F8EC30990405D5D4F84C0129462E
:103D40004A4663F08BD90023159308E015AB009326
:103D50002046294608F138020BAB26F021DCF36A35
:103D600083B128A800211822FEF3DEF6F36A2D9411
:103D70002893336B2993674B2B93674B2A93674B9D
:103D80002C9328AB1FAF0021242238460893FEF362
:103D9000CBF60BAB00210822219331A815AB22935F
:103DA000CDF87CB0CDF88080FEF3BEF623682946BE
:103DB00093F84F2034AB12F0030218BFDBF8042055
:103DC000D4F8940618BFC2F3004203F80C2D0093F8
:103DD000069A089B329755F0E9D9099B069900EBA2
:103DE000030A33AB02932046424605F1E2038DE815
:103DF000000523F03FD8074630B920463946B5F8CC
:103E00002E2140F015DB80E0204629464246DDF8B1
:103E1000CC901CF05BDBA9F80000738CA9F8023091
:103E2000339B04333393079B13B9AAF1040A13E0BD
:103E300006F124094846FFF3E3F410B933984946E4
:103E400002E0339805F1F8010622FEF3E9F5339B11
:103E5000AAF10A0A0633339331AB0093339BD4F8AB
:103E6000940601932946069A089BCDF808A055F0C0
:103E70000BD9814628B160683946012203F0A0DEE3
:103E800042E0339B00900190029003932046294624
:103E900057224B46CDF810A01DF03CD8706B18B1DE
:103EA00003F06ADEC6F83490079B23B1339B0AF116
:103EB000060A063B3393339B0AF1040A043B33930F
:103EC000079B504686F83C3003F044DE706308B927
:103ED000B06305E033995246FEF3A2F5C6F838A068
:103EE000B8F862300095C3F34013019300230293A6
:103EF000039339462046D4F8BC255B4626F09AD970
:103F0000002808BF002700E00027384635B0BDE88C
:103F1000F08F00BFCDCE8100DDCE8100FDCE8100CF
:103F20002DE9F04F95B0064606910792209C219D01
:103F3000D0F800909B46002B00F0B380ECB91E9A9D
:103F4000012A1CD11F9A931E012B18D8032A16D1BF
:103F5000002D40F0AB80C36E5A1C05D01C3350F8C6
:103F60002350002D40F0A28048460021B6F82E21B3
:103F700040F0D6DD4FF0000894E0002500E0254633
:103F80004FF0B00806270DF1200A002124225046E8
:103F9000FEF3CAF51E9B1F9A0893229B099211A853
:103FA00000210822CDF828B00B930594ADF83040DD
:103FB000FEF3BAF5CDF848A044B1089B032B0FD10E
:103FC0004C2C0DDB4D2C01DD7E2C09D111AB009367
:103FD000D9F894063146B022002355F0E7D83F18AF
:103FE000079B41468DE8880013AB02934846069A2A
:103FF00006F1E20322F03EDF8046002852D075B180
:104000000023009301932A46139B4846314658F0FB
:104010000DDC95F90E30139AFF1AD21813921E9BDD
:10402000DDF84CA09AB2AAF800201F9BAAF8023033
:10403000059BAAF804300AF1060313933CB1032A46
:1040400017D14C2C15DB4D2C01DD7E2C11D111AA82
:104050008DE80C00063F0297D9F894063146B0224D
:10406000002355F011D824B9BDF830300BB1AAF8AF
:104070000430B37913B1F368DA6801E0D9F8BC25EC
:104080009DF88C30414601930023039348465B46DC
:104090000096029526F0CED8002808BF4FF0000801
:1040A00000E09846404615B0BDE8F08F95F90E70D7
:1040B00044F2B008063766E72DE9F0470446A4B09D
:1040C00090469A460D4600296DD0D1F86433002BF6
:1040D00069D004AF0EAE33463A460DF1600923F0C5
:1040E0001BD9002124224846FEF31EF5236A002135
:1040F0006533082221A81893CDF864808DF868A054
:104100001B971C96FEF310F52368CDF8889093F862
:104110004F3013F0030307D0D5F8EC3003F480538D
:10412000D3F1010338BF002324AF07F80C3D294623
:1041300040220023D4F89406009755F037D82D9BE1
:104140000190009323AB02938046402120462C9A95
:1041500005F1E20322F08EDE064620B3239BD4F85D
:10416000940601932946402200230097CDF8088049
:1041700054F08ADF28B160683146012203F020DD67
:1041800011E0D5F8EC3013F4005306D0D4F84C010C
:104190002946324663F0D8D905E020463146D4F8A6
:1041A000BC2528F0DDDD24B0BDE8F0872DE9F04323
:1041B00090F8A03787B004462BB1002380F8A037D1
:1041C0004FF0010800E0984623681A7E32B9B8F132
:1041D000000F00F03B822046022135E2206954F0B6
:1041E00023DE18B1A0680FF0D3DF27E220461BF0D2
:1041F0005DDB236A20461F69D4F86832D3F81421A6
:104200009D79167C1CF0FCD9031C18BF012338468D
:1042100071B22A4663F094DC94F88C36ABB1236912
:10422000D3F88830D3F8245115F040050DD120463D
:104230002BF0C0D9236A84F88C56186929462A467F
:1042400063F0D2DC204622F063DC236820469A6AC1
:1042500001329A621CF0D4D918B9D4F8843483F8A6
:10426000290120460AF0B7FD236A186965F05AD87B
:104270000146204659F028DD236A186965F00CD9FB
:104280000146204659F0D8DC236893F93D307BB1D4
:10429000D4F8240103A9002278F098DB01E0002380
:1042A000C361D4F8240103A978F0A6DB0028F6D175
:1042B00094F8D4314BB1204616F03EDB28B194F887
:1042C000E43113B1013B84F8E431204626F082D872
:1042D000204617F01DDC204626F0D6D894F8D431BD
:1042E00013B1204624F068DA2368DA6E002A40F021
:1042F000A58193F8693113B120464BF023D92046AC
:1043000047F030DB236893F82F20CAB193F83030A0
:10431000B3B120461CF09CD890B1D4F864120023AD
:10432000CA582AB1907918B1507908B112791AB1E6
:104330000433202BF4D103E0D4F818053AF07EDAE8
:10434000D4F828351B68A3B120462AF0CFDCD4F876
:1043500028355A681B68B2FBF3F103FB112313B92C
:10436000204615F089D8D4F828355A6801325A60A9
:104370000AE023689A6A1E23B2FBF3F103FB1123C0
:1043800013B920462AF0B2DC94F88C3243B194F889
:10439000F034013BDBB2022B02D8204615F048DE98
:1043A0000025D4F864325F591FB3BB790BBB3B7A4D
:1043B000FBB1D7F818319B7ADBB1384625F090DE97
:1043C000B8B13B7CABB1D7F818319B7A8BB13B7A53
:1043D0007BB107F1DC063046FFF312F2034640B929
:1043E0004FF0FF320090019220463946324628F0C5
:1043F000C5DC0435202DD4D1204616F003DB236A1A
:104400005B7DB3B123689A6A3C23B2FBF3F503FBEF
:10441000152575B9D4F86432585938B183792BB958
:10442000037A1BB1037C0BB917F028DC0435202D6F
:10443000F0D120462AF038DC20B9D4F8180539F03C
:10444000A9DF38B1236A20211869002264F03ADD1F
:10445000002604E0236A202118690122F6E7D4F837
:1044600064329D59FDB1D5F8A83013B1013BC5F8B0
:10447000A830D5F8AC701FB1013FC5F8AC7012E0A0
:10448000AB7983B12B6D99070DD595F8A43053B155
:1044900002F0DADED5F8B01040F052DE18B1C5F8FF
:1044A000A87085F8A4700436202ED8D1B4F85037FF
:1044B0001BB1013BA4F8503702E0204622F076DD24
:1044C000002635460BE0D4F8C4329B195B6A23B151
:1044D000D4F8C82252F825009847013538362368A9
:1044E00093F8B4209542EEDB93F83B5045B193F836
:1044F0003C502DB194F8FC5515B1E368D3F88051C8
:104500000026D4F8643253F80690B9F1000F40D079
:1045100099F80630002B3CD199F80830002B38D0A0
:1045200099F85633DA0704D52046494699F85423BA
:1045300005E0980705D599F855232046494624F00B
:10454000A7DB94F8FC3523B399F804300BB3D9F802
:1045500018314A461978204629F02CDE236893F852
:104560003B20B2B193F83C309BB194F88E3283B9C2
:10457000D9F80831D4F85001DF8D93F86030BF02CC
:1045800001335F4399F844102B463A465CF066DFEE
:10459000ED190436202EB4D1236893F83B206AB17C
:1045A00093F83C3053B194F88E223AB994F8FC3524
:1045B00023B1D4F8500101215CF07ADF002384F8A4
:1045C000FC352268D4F88434926AB3F89E30B2FB8A
:1045D000F3F103FB112313B9204609F095FAD4F83F
:1045E000683223B1D3F818210AB112781AB1D4F87D
:1045F0006402002202E01B7ACBB9F8E7835893B13A
:104600009D79D3F8EC1015B1890405D40BE011F4B1
:10461000005F08D0C90306D4197A21B1D3F8183144
:104620000BB11B781BB10432202AE7D103E0A0684C
:1046300002210FF027DE204619F0ECDFB8F1000F61
:1046400004D02046022100222BF050DF07B0BDE845
:10465000F08300002DE9F04F92F82A301446B2F8AA
:104660001CB08DB006460D46D0F804A00F69526903
:104670002BB1936894F8228003F11A0903E0926841
:10468000984602F11809A368072B0DD93046494610
:1046900013F0E8DC40B1B9F806304FEA132949EAD3
:1046A00003291FFA89F901E0B4F8089095F824303D
:1046B00003F01203022B0DD148F68E03994509D160
:1046C0002068D7F8081110300622FEF395F1002873
:1046D00040F0C88394F82C30EBB9A38B1B051AD596
:1046E0003368D3F88830D3F84C230132C3F84C2315
:1046F000D5F824220132C5F8242205EB4802B2F88D
:10470000A410B4F87E20914205D1D3F8BC21013227
:10471000C3F8BC21A6E3BB79CBF3802B002B32D1AD
:10472000D7F818311A7B92B194F82C207AB9BBF1E2
:10473000000F0CD195F8CA10626A51FA02F2D00744
:1047400005D43846A18B029317F05CDB029B3268DC
:10475000526BC2B11B7FB3B194F82A309BB194F86D
:10476000283083B10021384629F008DAD7F8EC3038
:10477000990408D5A28B12F4005204D1D6F84C014A
:10478000394662F003D9238C5A0700F16B83A38B5F
:1047900003F4804363633BB93A6D40F2371313402F
:1047A000EBB197F85830D3B10023A36330462346CA
:1047B00051462A46CDF800807AF042DB636B40B95F
:1047C000002B00F04F83D5F864310133C5F8643114
:1047D00048E323B1D5F860310133C5F8603194F86E
:1047E0002C3043B908F15003B4F87E0005EB4303C5
:1047F0009A88988000E0002294F82C3043B36369D3
:1048000094F82A209B680AB11A3300E01833B9F5EE
:10481000006F40F06E81A268072A40F26A811A7A1E
:104820001209042A40F065819A6912BA002A00F040
:1048300060815B7C012B40F05C8102F07043B3F13E
:10484000604F00F05681D2B2FF2A40F00B8350E156
:10485000B4F87E0008F1180910F00F0340F0A380AF
:1048600005EB8909D9F8041079B11A46504602932C
:1048700003F0A6D9029B05EB8802C2F8843008F148
:104880004A02C9F8043045F82230BBF1000F00F0AD
:104890003081E3686269039305EB88035A66A16B74
:1048A00031B105F51C70053014311022FEF3B8F05B
:1048B00063699A685868510DC0F3140E9889DB88B3
:1048C00049058E44C3F34A133168013302EB000CEF
:1048D0007344C969CCEB0303CEEB020E896803EB8A
:1048E0000E021018884234DA5046FBF791F808F1AE
:1048F000180905EB8909C9F80400002800F0B28204
:10490000626980689168536821F07F4E2EF4600ED2
:104910009289C3F31403C3EB0E03C91A9A18FEF36A
:104920007FF061698B684A6823F07F4323F460035A
:10493000C2F314029A1AD9F8043098688018986063
:104940009889821A9A81888900229881504603F0BA
:1049500037D9D6F8E015039B05EB880259186FF09C
:1049600005035B1A3168A148C96989685B18C2F8F8
:10497000843061680822FEF33FF06B6810B943F0A1
:10498000080301E023F008036B609948616808227E
:10499000FEF332F0AB6810B943F0200301E023F0DE
:1049A0002003AB60A5E005EB8901496800293ED0F2
:1049B000504020F00F0020B902F00F020132934264
:1049C0000FD00022504603F0FBD808F1180205EB87
:1049D00082020023536008F1200205EB820253603B
:1049E00021E0A16B49B105F51C700530143110228E
:1049F000FEF302F0002840F0358208F1200905EBB3
:104A00008909A368D9F8042008F1180C93421DD92C
:104A100005EB8C0750467968002203F0D1D80023BB
:104A20007B60C9F8043008F14A0845F8283033683B
:104A3000D3F888301A6E01321A662B69002B00F009
:104A40001182DB685A6D01325A650BE28DE8080469
:104A500005EB8C0CDCF80410304609F104026368A5
:104A6000CDF808C013F036DF50466169002203F02C
:104A7000A7D8DDF808C0BBF1000F3AD1DCF804205C
:104A800008F14A036261CCF804B045F823B093689A
:104A9000928903F11801C9F804B06160A2F118010C
:104AA000A16094F829102360E26021B103F11E0196
:104AB0001E3A6160A26094F82A203AB1626884F8D4
:104AC000228002326260A268023AA2601A785B78A1
:104AD00042EA0323A383636B5BB1A36B4BB193F9EE
:104AE0000E2061688A18626093F90E30A268D31AAA
:104AF000A360A36B63B11B7A042B04D1304621461B
:104B00007AF02ADA04E00B2B02D120461AF0ACDB53
:104B1000BBF1000F40F0C481626993695B0613D555
:104B2000BB792BB9D4F88010384618316EF08ED886
:104B300063699B69180640F19581D6F830012946D2
:104B4000224601F0B5F9ABE123689888D988ADF821
:104B50001000ADF8121018895989ADF81400ADF89D
:104B600018109889D989ADF81A00ADF81C10188A68
:104B7000598AADF82000ADF82210988A94F82910CF
:104B8000ADF8240041B1198B588B9B8BADF82810E0
:104B9000ADF82A00ADF82C30A38B13F4807F03F41A
:104BA000007304D104A9616723B108AB05E008A92B
:104BB00061670BB906AB00E00AAB616823679368D5
:104BC0003046C3EB010813F04DDA6369998988B167
:104BD000072940F247819A68A8F106084244C8EBC9
:104BE00001089A60A3F80C80E26615E02C1D89008C
:104BF000033801000D2940F235819A68A8F10E08AA
:104C00004244C8EB01089A60A3F80C802389E2664D
:104C1000190A41EA03239381A36B6BB11B7A012B21
:104C20000AD0032B08D0304651462A46234679F055
:104C3000C7DE002800F01681A36B33B11B7A022B6C
:104C400003D1304621467AF087D997F85C339BB17F
:104C5000E36E9B891A0A42EA0323934A1BB29342EA
:104C60000AD1304661690622002315F0BBDD18B178
:104C70003046394649F006D9626FE36E11881980D3
:104C80005088588091889980216F0888D8804888FA
:104C9000188189885981616994F822E0C8890EF0E9
:104CA000070E20F007004EEA0000C8811178C907FE
:104CB0000BD53168D1F88810D1F8D0010130C1F896
:104CC000D001F968886D0130886597F8591061B195
:104CD00095F82410C80608D49989080A40EA0121E9
:104CE000714809B2814240F0BD80D6F89811795CD4
:104CF00079B195F82410C9060BD49B89190A41EAA9
:104D000003236A491BB28B4203D026398B4240F001
:104D1000A980BB79EBB992F8008018F0010818D18E
:104D2000D7F81831384693F87420013283F874208C
:104D3000D4F8801018316DF089DF61695046FFF3B7
:104D400025F20121034642463846CDF800806DF039
:104D5000FDDFD6F8D0361B68FB58002B35D01B681A
:104D6000002B32D0D4F86C80B8F80C301A0A42EA22
:104D700003234D4A1BB2934227D197F8A73313B1AF
:104D800097F8F6330BB350466169424612232BF075
:104D9000C1DB00283BD0B8F8103050461A0A42EA6E
:104DA0000323616908F112029BB22BF0B3DB0028E8
:104DB0002DD0636BD6F8D006003318BF01233946D7
:104DC00042467DF077D900284CD17B69002B2FD04B
:104DD000D4F86C80B8F80C301A0A42EA0323324A3D
:104DE0001BB2934224D150466169424612232BF0F4
:104DF00091DB60B1B8F8103050461A0A42EA03233A
:104E0000616908F112029BB22BF084DB30B9336880
:104E1000D3F888305A6E01325A6623E0626B7869A3
:104E2000003218BF012241462B4643F0B3DAC8B91D
:104E3000D5F89431DB070BD594F8293043B9E36EEC
:104E40009B891A0A42EA0323174A1BB2934209D1EB
:104E5000636994F82920009330462946636F26F051
:104E600045DC1DE033685A6BAAB161691048CA89F4
:104E7000D3F88C3002F00702825C0E48855C504605
:104E80000C3503EBC5056B68AE6801336B60FFF34F
:104E90007DF18019A86050466169002202F090DE21
:104EA0000DB0BDE8F08F00BF8E88FFFFB488FFFF14
:104EB000BAD588006CE188002DE9F04F4FF0000A68
:104EC000AFB0CDF8B0A0CDF8B4A0D68A9846109374
:104ED0009B890446212B0F461546CDF864A08DF81A
:104EE0004EA0CDF850A08DF857A08DF854A08DF8A5
:104EF0008CA08DF858A011922B92CDF888A001D8E3
:104F000003684AE0D8F808901046494671F0D2D9B3
:104F100009F106030890C8F82C000B93B9F8063085
:104F20001946ADF8483001F00C02184601F0F003C4
:104F300001F44071A1F5407E92081B09DEF10001E9
:104F400041EB0E01022A08BF4FEAD30AADF84A200E
:104F50005FFA8AF2ADF84C308DF855108DF8562076
:104F6000B5F804E00EF0030EBEF1020F04D100B25A
:104F7000002801DADB0800E00023D8B28DF85700E2
:104F8000002914BF2823222302B1023300B10433C5
:104F900010988089984206D22368D3F888305A6ED8
:104FA00001325A667EE399F80A3003F001038DF866
:104FB000583009F11E030C9311B109F124030C932D
:104FC00000238DF859304AB10C9B5A781B7843EA7C
:104FD0000222DB0907928DF8593000E00792414622
:104FE0003846FFF3D3F0109909908B6838460633A2
:104FF0008B608B89063B8B819DF859301BB1FEF38A
:1050000065F501463846042202F084DD16F4404F6F
:105010009DF855200CBF4FF0000B4FF0010B002303
:105020002D9302BBBDF848300B9913F4407F09D192
:1050300001F1100620460A315A462DAB78F00CDA01
:105040002C9005E0D80501D50E1D01E001F10A06FE
:105050002D9B23B92046314648F0F8D92D902D9B41
:10506000003318BF01238DF85C302D9B13F1000A2B
:105070009DF8583018BF4FF0010A43B90B992046EC
:10508000043148F009DA061C18BF012600E00026AA
:10509000D4F804321BB9236893F82C306BB323681F
:1050A00093F83E20002A08BF4FF0000A7EBBBDF8EF
:1050B0004820D20506D49DF858201AB1BAF1000F45
:1050C00040F0F6829DF8552012B19DF858203ABB69
:1050D00093F82C30002B00F0C982BAF1000F04D1F4
:1050E0002046294658F064DEC0E22D9B9B79002BB8
:1050F00040F0BC824FF0010A14E09DF858301BB913
:10510000002E00F0B38202E0002E00F0D1829DF864
:1051100055302BB9BAF1000F00F0A8829A4601E091
:105120004FF0000A9DF856300BB39DF859304BB143
:1051300094F80E32002B00F09982109B9A6942F08D
:1051400040029A6107999E4A01F00703D25C9D498B
:105150008DF84E308A5C0799149201F010021211FA
:105160008DF854200C9A8DF88C3002320C92109BE2
:10517000D989988911F4005218BFB3F850200C99BE
:105180009B688218CB1A0E924146D21A38460D926D
:105190000693FEF3FBF7069B0B9AC31A0F93937DBE
:1051A000D17D43EA0123ADF8AA30BAF1000F2FD127
:1051B0002CAB00930E9B204601932DA92B4618F093
:1051C000ABDE002840F0528274E22D99002900F0F5
:1051D0004D820B9A20460A325B4678F07BD82C90A1
:1051E000002840F06D820B9A2D9920460A325B46CA
:1051F00078F072D901462C9030B92368D3F8883002
:10520000DA6E0132DA6631E2204677F0D5DF57E216
:10521000BDF8483013F4407F04D12D9B1B7C002B3C
:105220003AD106E09DF855301BB92D9B1B7C002B15
:1052300032D020462D990A325B4678F04DD92C9019
:1052400018B913E22C9B1B692D931EB123689A6A2F
:105250002C9B9A622D9BD3F810210792BAF1000F74
:1052600021D19DF85520F2B99DF858201AB1BDF80A
:105270004820D00510D49979BDF8482011B1D10546
:105280000AD510E01B7C02F44072002B14BF4FF4CF
:10529000007300239A4206D02368D3F888309A6DB1
:1052A00001329A65E2E12046294658F081DD00236B
:1052B00088F8230083462D9888F822308379ABB98B
:1052C000BBF1000F12D0594695F91D20334658F016
:1052D000CFDD2946D4F8C426204658F00DDD3246ED
:1052E000014688F822002D9858F010DE2C9B93F888
:1052F000922112B9D3F8F42052B3BBF1000F27D09A
:10530000D3F8F010D3F8EC2042F821B0D4F884247C
:10531000517911F00100D3F8F01018BF95F91F0072
:1053200003EB8101C1F89C015279521012F0010186
:10533000D3F8F02018BF95F9201003EB8202C2F8D1
:10534000BC11D3F8F020013202F00702C3F8F020BC
:105350009DF855202D9B0AB1DB6D3CE09A792C9984
:10536000002A31D04B6B25934B685A061BD59DF80C
:105370005620C2B1BDF8AA20100714D191F8D72049
:105380008AB10A7DD2070ED4BDF84820D0040AD5D0
:105390009A0308D5149A91F8C9301341DB0702D556
:1053A00020463AF00FD9BDF8483013F4805F2C9BAB
:1053B0005A6814BF42F4003222F400325A600BE003
:1053C000BAD588006CE188004A6B25921A7C1AB91C
:1053D000DB6DD80700D525932D988379A3B9037C7D
:1053E00093B19DF858307BB9BAF1000F0CD1079BEF
:1053F00083F806A094F80C22D3F8F0309A4203D038
:1054000084F80C3221F010DB9DF85830FBB12D9957
:105410008B79002B40F02A810B7C43B10B98E23151
:1054200010300622FDF3E8F2002800F01F810B98EF
:105430000430FEF3D9F150B92D9890F8453033B9C6
:105440000B99043148F076D9002840F00F81BDF85F
:10545000AA30089AA8F81C300B9BC8F82C201B7C9B
:105460002C9913F0010F099E4FF0000707D0D1F8D7
:1054700054310133C1F85431F1E9622306E0D1F827
:1054800050310133C1F85031F1E96023921943EBF7
:105490000703C1E900239DF858309BB999F8003003
:1054A00099F801201A4399F8023013430AD0D8F82A
:1054B0002C10D4F85C016A8A78F0C6DB2C9B089922
:1054C000C3F85C1199F90330002B07DA2368D3F88D
:1054D0008830D3F8A8220132C3F8A82299F8033003
:1054E00013F0300F07D02368D3F88830D3F8B022F8
:1054F0000132C3F8B0229DF85830002B71D1D8F892
:105500002C00236810F0407FD3F8886001D1C0B22E
:1055100001E070F04DDD16283AD00CD80B2825D0CC
:1055200004D8022816D004285BD119E00C2823D017
:10553000122856D126E030283CD004D818282DD087
:1055400024284ED130E0602840D06C2844D0482830
:1055500047D135E0D6F838320133C6F8383240E06A
:10556000D6F83C320133C6F83C323AE0D6F8403245
:105570000133C6F8403234E0D6F844320133C6F87D
:1055800044322EE0D6F848320133C6F8483228E0DB
:10559000D6F84C320133C6F84C3222E0D6F85032FD
:1055A0000133C6F850321CE0D6F854320133C6F845
:1055B000543216E0D6F858320133C6F8583210E0AB
:1055C000D6F85C320133C6F85C320AE0D6F86032B5
:1055D0000133C6F8603204E0D6F864320133C6F80D
:1055E00064329DF858301BB12D980BA91AF01ED9C2
:1055F0009DF858302BBBD8F82C0010F0407F01D01C
:1056000070F0D6DC00F07F00022809D0042807D013
:105610000B2805D0A0F11601484240EB010000E044
:1056200001200022E98895F91C3000920190A88899
:10563000090A800B02902D9803920490204609F0ED
:1056400058F92C994B685A030BD59DF8583043B93B
:10565000BAF1000F05D1D4F838010BAA33F038DEC7
:1056600033E020460BAAFEF7F5FF2EE023685A6BC5
:10567000C2B19DF85820AAB910991548CA89D3F823
:105680008C3002F00702825C1248845C38460C348D
:1056900003EBC4046368A56801336360FEF376F529
:1056A0004019A06038461099002202F089DA0CE017
:1056B000B24637E5BDF8483013F4407F3FF485AD7E
:1056C0002D9B002B7FF4C1ADBCE52FB0BDE8F08F62
:1056D000BAD588006CE188000B68C968DB691A6874
:1056E00089B14B78012B0ED1B2F8BE3023F04003C4
:1056F0001B041B0CA2F8BE308978890644BF43F016
:105700004003A2F8BE3000207047F8B591E8880049
:10571000DC6903680D461A6892F8626126B1D3F815
:10572000600806F073FF0646F86DF9F725F958B1E1
:1057300056B1E86858B14378012B04D00C23A380FC
:105740004FF0FF30F8BDA0610023A3800020F8BD1A
:1057500038B503684C681A6892F8625125B1D3F8DD
:10576000600806F053FF0546E06DF9F705F950B102
:1057700045B9D4F8A00300F02000002814BF03208E
:10578000002038BD032038BD2DE9F84391E8080218
:105790000568DC692B680E4693F86271D4F80080C6
:1057A00027B1D5F8600806F031FF0746D9F85C004C
:1057B000F9F7E2F888B187B1F06888B14278012A38
:1057C00005D00C2323844FF0FF30BDE8F8836062DE
:1057D000D5F86008414607F0D9FC00232384002057
:1057E000BDE8F8832DE9F04F1C4692F801909B68C4
:1057F000D1F85CC089B0002723F4C063B9F1010F70
:1058000080460E461546CDF810C005970697A36052
:1058100040F23C81D278AB7843EA0223012B40F07E
:105820003581A9F10203DBB2032B0ED81CF0400F27
:1058300000F02C8104222DF0F5DC002800F02681F8
:10584000402363630423A36329E12F1D384696494F
:105850000322FDF3D1F08246002840F01781404634
:105860003146EA792DF0DEDC002800F00F8104F1EA
:10587000380B38465946FFF31DF0A9F10603DBB299
:10588000012B11D8049B5F0640F100814046314650
:1058900004222DF0C7DC002800F0F8804023636369
:1058A0000423A3635746FAE06A7A2B7A43EA022379
:1058B000012B40F0EB8005F10A0738467A490322B4
:1058C000FDF39AF0002840F0E180404631466A7BC3
:1058D0002DF0A8DC002800F0D98038465946FEF3A8
:1058E000E9F7A9F10C03DBB2012B06D8049B58069B
:1058F00040F1CC8040236363CEE0EA7BAB7B43EA9C
:105900000223012B40F0C08005F1100066490322FC
:10591000FDF372F0002840F0B780EB7C012B01D042
:10592000052B02D1049A510617D4062B02D1049AF2
:10593000120612D4D8F8002092F862212AB1082B5E
:1059400003D1049A12F4802F05E0022B40F09C80D2
:10595000049A12F0800F00F097805A1FD2B2012AE9
:1059600001D9082B0BD1336D5B0504D4049B13F4D0
:10597000922F00F08F80A36843F48063A360336D9F
:105980005F0503D5A368580540F1848005F1100038
:1059900004A90022FEF31AF7002877D0049BA9F18E
:1059A0001202D2B2012A63638CBF2A7D0022B3F5B2
:1059B000802F01D151066BD5D8F87C06316D0DF1E1
:1059C0001F0304F05FFA002864D09DF81F301BB15C
:1059D000A36843F40073A360A9F11407FFB2002F7A
:1059E0004AD095F801A0A9F11609C7EB0A0A05EB00
:1059F0000A0393F803C003F1020B9B785FFA89F95D
:105A000043EA0C2C4FEA1919002723E00BEB07138C
:105A1000023305931023ADF81C3004F114030093F6
:105A2000636B3046019306A905AA07ABCDF80CC0FD
:105A300057F09ED901372028DDF80CC00AD1059A0D
:105A400062B1069B53B1012100914046214638F0D6
:105A500033D903E0674501D04F45D7D15544EA78A3
:105A6000AB7853EA022317D0059BBBB1069F002FEA
:105A70000CBF3527002712E0404621463A463B46F8
:105A8000009738F019D90AE02B2708E00C2706E028
:105A90002D2704E01F2702E0002700E035273846C5
:105AA00009B0BDE8F08F00BF22380100F8B591E8D9
:105AB000280007685B681E683B6893F862415CB128
:105AC000D7F8600806F0A2FD31460446D7F8600812
:105AD00006F0A0FD064600E02646E86DF8F74CFF0C
:105AE00030B124B1002E14BF03200020F8BD2046A1
:105AF000F8BD2DE9F34191E8480007685B680C4662
:105B0000D3F800803B6893F862315BB1D7F8600846
:105B100006F07CFD41460546D7F8600806F07AFDA0
:105B2000074601E01F461D46F06DF8F725FFA0B1BE
:105B30009DB197B10122002101A8FCF3F5F701A85E
:105B40000521FEF3C9F30122A369F42001A9FDF3A5
:105B50000FF52368A2695B681A620020BDE8FC812A
:105B600073B503680C461A684D6892F8626126B1F5
:105B7000D3F8600806F04AFD0646E86DF8F7FCFE2B
:105B8000B8B11EB9D5F8A033980612D5012200216C
:105B900001A8FCF3C9F701A80521FEF39DF301223A
:105BA000A369F42001A9FDF3E3F42368A2695B680B
:105BB0005A6100207CBD73B503680C461A684D68B5
:105BC00092F8626126B1D3F8600806F01FFD064620
:105BD000E86DF8F7D1FE98B11EB9D5F8A0339B0651
:105BE0000ED50122002101A8FCF39EF701A8052192
:105BF000FEF372F3F42001A90122A369FDF3B8F4C6
:105C000000207CBD2DE9F3471746027A04460E4674
:105C1000D0F80090D1F800800AB1002B6AD0E319C7
:105C20009D7A002D67D098F8023194F8272003F070
:105C30001C039B08934238BF13463371304630F043
:105C400093DD98F802314FF4005203F0030312FA87
:105C500003F3F36098F80231204603F003030D3399
:105C600086F83D31414607F1360A2FF00BD856F839
:105C70002A5045B94FF4417001F06CDF0546002809
:105C800039D046F82A00284600214FF44172FCF32F
:105C90004BF702232B700023AF7085F8ED30D9F855
:105CA0000030C5F8F48093F869318BB1484649F06B
:105CB00041DC38B1E37C984228BF184684F80434AC
:105CC000E07405E094F8043413B1E37484F8040438
:105CD000A27CE37C009294F82F2048460192D5F8EC
:105CE000F4103A4632F036DFD4F850321A6D0132F1
:105CF0001A6500E01D462846BDE8FC872DE9F04105
:105D0000D0F8E822002507460E46A8462B46D2F8D2
:105D1000B0100432002918BF98460133182B0D44E7
:105D2000F5D128F007083046184908F10708FDF3B7
:105D30006BF105BB22E0D7F8E83204F12C0253F8EE
:105D40002220642353433046B3FBF5F31049FDF39F
:105D50005BF1104B2340002B03DA013B63F0070398
:105D60000133072B05D1444503D030460A49FDF3E2
:105D70004BF1013400E000244445DCDD30460749A6
:105D8000FDF342F10020BDE8F08100BF2257010081
:105D90002C57010007000080375701001A2D890099
:105DA00037B500230193079B0546032B144604D9FE
:105DB00001A806990422FCF333F60E2C2B6806D1B9
:105DC0001B68002093F8D120089B1A6001E06FF057
:105DD00016003EBDF8B5C269002307460D461E46B3
:105DE000D1580433602B0E44FAD128461149FDF3F3
:105DF0000BF1C6B10024FB69284653F82420642324
:105E000053430D49B3FBF6F3FDF3FEF004F0070333
:105E1000072B05D1172C03D028460849FDF3F4F0D1
:105E20000134182CE7D128460549FDF3EDF0002098
:105E3000F8BD00BF5C5701002C5701003757010027
:105E40001A2D89000020704710B51C4603699B7904
:105E50004BB9880501D5101D03E0C90510D502F125
:105E60000A00214608E0CB0502D502F10A0002E053
:105E7000880505D5101DA11D0622FCF3BDF580B9CE
:105E8000204602990622FCF3B7F568B12046039933
:105E90000622FCF3B1F500280CBF4FF0FF300020C4
:105EA00010BD4FF0FF3010BD4FF0FF3010BD0000AF
:105EB0002DE9F04F5D4B07461868EFB06A90154624
:105EC0009A886C69ADF8AC2153F8060FA2686C9003
:105ED0009B880491ADF8B4317B68A98BD3F814B0DA
:105EE0006B6805919B1A9BB2D218A260A289D5F863
:105EF0001090D31AA3810026B84664E0642E64D0C3
:105F0000A368E28903F10E0712F4005218BFB4F837
:105F10005020BF07A089998905D04746FB6E1A6CAF
:105F200001321A645BE01218DFF808A10F0A92B27E
:105F300047EA01270392A18ADAF800200E3752F8C7
:105F40002120BFB21AB13A4AF91C0A4000E03A4691
:105F50000399914205D04746FB6EDA6B0132DA6352
:105F60003DE06AAA00926CAA0192049805992A68F9
:105F7000FFF76AFF002832D1E3899B0407D5B4F804
:105F8000503023B1A389FF1AA4F8507000E0A78114
:105F90002246D8F80000594619F0BCDEE38995F88E
:105FA000222023F0070302F007021343E38106AB2C
:105FB00043F82640A28ADAF80030013653F822402E
:105FC000039BC3EB0909002C98D14746B9F1000F98
:105FD00001D105AB0FE0FB6E5A6C01325A64584692
:105FE0006969002201F0ECDD1DE053F8042F002167
:105FF000918209F10109B145F7D124B158462146F2
:10600000002201F0DDDD00240BE006AB53F8243064
:1060100095F829200093386804999B6825F066DB81
:106020000134B442F1D16FB0BDE8F08F2B380100DC
:10603000FCFF0100E80300002DE9F04FB1B0DDF8EE
:10604000F480079300230F922F9308F138023A9BB4
:106050000B92D1F808215B880C92079A0E93138853
:10606000814603F0FC03A3F120077B4243EB0703C7
:106070000C463C9E856908932BB13A9B4FF0300B40
:1060800004330A9303E0089A4FF0100B0A920021A0
:10609000282210A8FCF348F51AA800212822FCF3B6
:1060A00043F5D5F86C332BB110A805F55B712822A8
:1060B000FCF3B6F40C9B0DF1400A03F138070DF127
:1060C000680C3A46534628462146CDF800C0CDF824
:1060D00018C024F065DAD5F8843439469B7824AFAB
:1060E00000220B986FF0BEDE384600212422FCF31C
:1060F0001BF508F14D03DDF818C02593CDF898A0E5
:10610000B8F868300DF1B40A504600210822CDF8E5
:106110009CC028932496FCF307F57368CDF800A083
:10612000C3F300438DF8B43021465A460023D5F816
:1061300094062E9753F03AD804F1DC0300F1060AD6
:10614000079A0D938DE808042FAB0A320293074695
:106150005946284604F1E203099220F08BDE84467A
:1061600018B91122A8F86820E9E02F9B002201212C
:1061700019705A702A6A1268022A04D194F92C21E3
:106180000AB921221A70216D40F237120A4032B149
:1061900094F858201AB11A8842F010021A8095F823
:1061A000722432B12A6A527D1AB11A8842F480628E
:1061B0001A80B8F8682021465A80B8F820209A80C2
:1061C0002F9B2DAA06338DE88C002F93D5F89406CB
:1061D0005A460023CDF818C052F056DFDDF818C03B
:1061E000002840F09980009498F81820E368029005
:1061F00003900192DA6828463346614624F01AD8A3
:10620000B8F8683023B13046022176F0A5DB83E090
:106210002F9B063B2F93B36898050CD596F8243036
:1062200003F00303032B06D1D5F87C062146324642
:106230005DF0C6DA83E0B8F820303146A6F8CC30FD
:10624000284676F0B9DF0C9A022192F860300E9A57
:106250003046934238BF1346A6F8FA3076F004DE93
:10626000D4F8EC30190309D5284621461AF038DD58
:10627000012803D12846214646F0F2DE2B689B6AAE
:10628000F362089B53B10D980A990622FCF3B4F30C
:1062900020B148460999E26836F0A6DF0999E2681C
:1062A000484636F0C5DC2A68D4F8EC1092F84F2046
:1062B00011F4005318BF022312F0030205D0CA04E0
:1062C0005ABF7268C2F3004200227F218DE80600A7
:1062D0000B9806F13C0100226FF0F0DE28463146B3
:1062E00077F058DB606920B106F11401012201F05A
:1062F000D9FFD4F8EC309B0404D5D5F84C012146E5
:1063000060F064DB2B6893F8693133B1284621468D
:10631000012202F0BDFF00E0BA463B9B3A9A01938E
:106320002F9B00920293484621460F9A079BCDF877
:106330000CA00496CDF8148036F054D905E04846F8
:106340002146079A434635F029D931B0BDE8F08F90
:106350002DE9F04F8569E3B0924698469DF8B42147
:10636000D5F864310C4607921BB19B79002B40F0A5
:106370006A812B6893F82F30ABB1236D990712D542
:1063800094F8A4307BB100F05FDFD4F8B0103EF099
:10639000D7DE002800F06C810023C4F8A830C4F8D0
:1063A000AC3084F8A430A3791BB12379002B00F022
:1063B0004A81BAF800B01BF4804B65D00AF10A0399
:1063C000284621461A46069376F080DF07460028C5
:1063D00000F03981D0F8D030002B00F0348198F8EB
:1063E00003909DF8B8314FEA99190BB3D5F89C3258
:1063F00053F82960E6B13369D3B1337AC3B141466A
:1064000003225BA8FCF30CF35BA806F114013269CC
:106410000330FCF305F331695BA8033108AA02F0ED
:10642000AFDA6C9A08F10400111F08AA02F0CADA68
:1064300009F11C0954F8293093B11A696C98414646
:10644000143308F0F5DCC0B90123009001930290E9
:1064500003900490214628461722069B1AF05ADD25
:10646000D7F8D00001F088DB0023C7F8D030032331
:106470000F2606934FF00109D2E06C9A08F1040848
:10648000083A6C920F2601E05E465F46B8F802308B
:10649000B8F8009006932B6893F8623173B1B9F1A4
:1064A000030F0BD16C9A079B00920193D5F86008FB
:1064B00021465246434674F057D8C4E0069A032A50
:1064C00000F2C180BBF1000F67D1012A40F0CC80FF
:1064D000B5F8AA0122F014D90AF10A0B031C2146CF
:1064E00018BF012328465A4676F0F4DE014610B163
:1064F000284676F0F1DE284621465A4676F0E8DF57
:106500000746002800F0B2804368DA0408D52A68FC
:1065100092F83020002A40F0A98023F48053436091
:106520002846394625F0B2DDB9F1000F03D0B9F1A4
:10653000010F2BD112E0B4F9543094F944203846BD
:1065400001211BB916B976F0B9DC01E076F01EDA4C
:1065500097F8243013F001031DD118E0B4F954303A
:10656000012B18D03846494694F9442076F00EDACB
:1065700000238DE8080202930393049328462146E2
:1065800017225B461AF0C6DC0D2649E000230122E3
:1065900000930192EFE7002E42D100210C225FA868
:1065A000FCF3C2F2344B0DF5927B5F93334B002129
:1065B0002822584660936195FCF3B6F2069BADF82D
:1065C000346153AE3046002120224A93CDF8249105
:1065D0004B97FCF3A9F26C9A08F106030193931F01
:1065E00000960293D5F894062146B0225FABCDF811
:1065F00068B152F003DEBDF834618EB987B197F807
:106600002430D8070CD52846214604220AF10A0373
:1066100000960196CDF80890039604961AF07ADC5D
:10662000069A2046531C0193002303930493079B6F
:106630000AF10A01059304F1DC023B46CDF8009013
:106640000296FDF76DFC284621460AF10A0276F013
:106650003DDE68B1A3795BB190F82430D90707D546
:106660002B689B6A836203E00E26D9E70126D7E7F1
:1066700063B0BDE8F08F00BF1114840015148400CE
:106680002DE9F04F9A46836EADF5077D8146866908
:10669000CB58D1F80C01919C0D460D92DDF840824B
:1066A00012930C90002C00F0AA82002131A86C22D9
:1066B000FCF33AF29DF848320D998DF8DC30B4F8CD
:1066C000CC303391CDF8D0A0CDF8C4903295CDF830
:1066D000D480369423B9206947F04AD8A4F8CC0076
:1066E000B4F8CC20D5F808310021ADF8E4204CA84E
:1066F00028221093FCF318F20D98BAF800200388B2
:10670000ADF82C2003F0FC03A3F12000434243EB3F
:106710000003D9B28DF8473093B20A934B010E9320
:1067200094F824300F9103F00303032B03D1A368E3
:10673000990500F13F82D6F864311BB19B79002B9B
:1067400040F05782336893F82F30ABB12B6D9A0726
:1067500012D595F8A4307BB100F076DDD5F8B010F5
:106760003EF0EEDC002800F04A820023C5F8A83095
:10677000C5F8AC3085F8A4300F9820B1B8F1090FF6
:1067800040F2378209E0B8F1030F40F23282A8F1FB
:1067900004010AF1040B099104E0A8F10A020AF1CC
:1067A0000A0B099200276763A763304621463A46E1
:1067B00076F0B4D9099BCDF8F4B0012B3E93CDF817
:1067C000ECB040F316829BF80130099802339842EE
:1067D000C0F20F8239460C2283A8FCF3A5F1704B5E
:1067E000394683936F4B282284936AAB18460893EB
:1067F0008596FCF399F156AA0DF5E87C6B9260AA98
:106800006C92604639462022CDF81CC06A94ADF8DF
:10681000C871FCF389F1089B09997B933368DDF813
:106820001CC093F84F30029103F00303CDF800C071
:10683000CDF804B08DF8E8310E9AD6F894062946C2
:1068400083AB52F0DBDCBDF8C8210E9208B11746CD
:10685000BFE1BDF82C30D4F8E000A4F8F83038B12E
:1068600041780231FDF322F7D0F1010038BF00205A
:106870000B900B98EB6D8DF8E60023B12A6D40F27A
:106880003713134013B92B6D5B060BD5D4F8E030EA
:1068900043B9AB79002B00F08F81D5F8EC30980428
:1068A00040F18A81304656A960AA4CAB1AF0F6DE58
:1068B000002840F0858196F81C259DF844319A42C5
:1068C00040F07E8194F8243099070BD594F8D730A6
:1068D00023B130462146012239F0C0D92046FE219D
:1068E00076F03AD895F94430002BC0F2718194F8D3
:1068F0002430DA0740F16C81336893F8A9304BB14A
:10690000D6F870012AF04EDD022803D10A99CB0592
:1069100040F154816D2215A80021FCF305F10023FC
:10692000DDF830E11A4612E086A8C11811F8E41C1F
:1069300001F07F016C2909D81B48405C30B115AFCC
:1069400040B2795432EA200228BF01220133734554
:10695000EAD16168336A21F007016160587D12F164
:10696000000C18BF4FF0010C18B112B941F0010131
:1069700061605B7D33B10A99480503D4636843F0D5
:10698000020363600A9A12F02002139203D0636834
:1069900043F004036360109B986B002314E000BF76
:1069A000B1118400CD138400581689001099CA18BB
:1069B00092F83C20110606D502F07F0215A98A5CE8
:1069C000002A00F0FD8001338342EFD1336893F851
:1069D0004F309A072AD06D9941B34A783046023237
:1069E000CDF81CC054F09CDA0022074600923046D5
:1069F00021463A460023FBF701FCDDF81CC0AFB18D
:106A000051A810220130F91CFCF30AF051AA00230E
:106A1000F11891F8011312F8010F0840884240F074
:106A2000CF800133102BF3D14FF0020C129B9C4509
:106A3000C0F0C680EA6D22B1296D40F237130B40D9
:106A400013B92B6D5B060BD5636B23B1A16B40F2C1
:106A500037130B4023B92B6D13F0410F00F0B880B2
:106A60000A98C00618D5296D40F237130B409BB920
:106A7000490601D50B9979B130460D9E00230122BC
:106A8000009301920293039304932946172206F17F
:106A90000A031AF03FDA9BE0E2B12A6D40F23713A5
:106AA0001340BBB1D30715D594F8D630012B11D1C3
:106AB000636B7BB105F1DC03009305F1E203019305
:106AC000022730462946224604F11403029726F095
:106AD00097D87EE0336893F830304BB9336A1B683F
:106AE000022B05D195F92C3113B91398002869D0E0
:106AF000336A1B68022B05D199F8003013B10A994B
:106B0000480561D5304619F07BDDD9F82830984228
:106B10005CD2304629461AF0E3D8D5F88430984242
:106B200054D2D5F8EC30990408D5D6F84C0121465A
:106B30005A46099B60F016DA002849D10E9A4CA9F2
:106B4000ADF82C213FA82822FBF36AF70C99486B7B
:106B500008B101F011D80F9A1AB1AAF1060A08F18A
:106B600006089DF847000C9B83F83C00404600F067
:106B7000F1DF0C99486308B9886306E04246514644
:106B8000FBF34EF70C9AC2F8388001238DF8F031F0
:106B900004F11401002306227DA8ADF8F231FBF3C5
:106BA0003FF731AB0093304629467CAA234635F0A7
:106BB00051DD24E01E270CE00D270AE0162708E02F
:106BC000122706E0132704E0192702E0112700E04E
:106BD0000C2731AB0393484629467CAA0D9BADF8A0
:106BE0002C71CDF800A0CDF804800294FFF724FAB0
:106BF00005E0484629460D9A31AB34F0CFDC0DF55F
:106C0000077DBDE8F08F00BFD1F80C0130B5446BB3
:106C10004CB1816B39B190F83C50002D0CBF04256C
:106C20000A25A94203D200211160196030BD251D3B
:106C30001560196090F83C0018B106390A341960E3
:106C400014601A68043A1A6030BD0000024B00F06C
:106C50000F0053F820007047746501002DE9F04FD4
:106C6000CB88D0F810218BB09B0605460E460468F1
:106C7000D0F80C710892D0F804A11DD5036D9A07C5
:106C800012D558070BD501F16F0004217CF0BADC56
:106C900090B906F1830004217CF0B4DC60B994F86B
:106CA000413513F0020F05E0DA0705D594F84135B8
:106CB00013F0010F40F02B8320462946728E1623D5
:106CC0003CF0D6D8002840F04083738E204613F461
:106CD000404F0CBF002201220A3254F822902A466B
:106CE000494621F069DFFF28804600F02E8394F8A2
:106CF000903243F0040384F89032236893F83B30D9
:106D00003BB12046294642465AF000D9002840F0BF
:106D10001C83236A186961F0DFD840454DD0236A8F
:106D2000186961F0D9D8FDF387F383464046FDF337
:106D300083F3834509D1236A186961F0CDD808F43B
:106D4000605300F46050984237DC7B68022B0AD114
:106D5000BAF8BE30DB0706D5BB68182B03D0089AFB
:106D6000536B042B29D1D4F8580141464CF062DB17
:106D7000204628F01FDC7B68022B08D1B5F954307F
:106D80002BB9D4F8D4062946324651F0B5DA20465C
:106D9000414626F041DF236893F83B304BB1D5F8EC
:106DA0003C335968D4F8C035994202D0204623F0CC
:106DB000ABD820461FF0ACDE0FE0D4F858014146B6
:106DC0004CF042DF48B1D4F8580141464CF032DB78
:106DD000002120460A4622F00BD8236893F83B3066
:106DE00093B1D5F83C335A68D4F8C0359A420BD0E9
:106DF000204628F0DFDBD5F83C332046596823F0E5
:106E000083D820461FF084DE09F15003C822504683
:106E100031460993FBF304F6D9F80030AAF8328022
:106E2000022B07D199F81580D8F1010838BF4FF02F
:106E3000000801E04FF00008F38813F020030DD0A4
:106E4000236893F84F3013F0030307D0D5F8EC30E4
:106E500003F48053D3F1010338BF0023DBB20AF1FE
:106E6000380B0793FF22B8F1000F18BF00238DE8FD
:106E70000C0058465946002243466FF01FD9D4F8FB
:106E800084345846099901229B786EF0EBDF002884
:106E90002ED1B9F80820D9F80090B8F1000F05D12B
:106EA00020464146069220F03BD9069ABAF8323085
:106EB00003F46053B3F5205F08D0B3F5C05F07D08B
:106EC000B3F5805F14BF0A23142302E0A02300E07F
:106ED0002823FF2101910290CDF800800393D4F87C
:106EE000843458461B79099904934B466FF0AAD80D
:106EF000D5F8EC3098040CD52946204620F010D95E
:106F0000FF230093019059465846002202236FF058
:106F1000D5D82046594623F0D9DA96F934202046B0
:106F20000032294618BF012246F0F2DC96F93430CF
:106F3000E3B9D5F80831012283F86020D4F8440180
:106F400029465BF097D9284631463BF023DA28469C
:106F50000E213DF05BD82946204646F051DE204602
:106F600029467A68BB6845F007D8CCE1D5F8EC3003
:106F7000990405D5D4F84C01294652465FF0BADC95
:106F800020462946324676F0A3DA804638B92046B4
:106F900029463A460BB0BDE8F04F3BF09D9F079A5B
:106FA000F2B1DAF86830BAF86C900C33A9F10C0938
:106FB00019464A462046069353F0CCDF069B84468A
:106FC00019464A462046CDF818C053F099DFDDF83F
:106FD00018C00022034600922046414662460AE05D
:106FE0004368DA0309D5F3889B0606D4079B20463D
:106FF000009341461A46FBF701F9D8F80430D5F85A
:10700000EC2043F48053C8F8043012F400524FF0DF
:107010007F0308F13C01009305D0079A584601927E
:107020000223002203E0079B5846019313466FF0AA
:1070300045D82046414676F0ADDC204629463AF058
:10704000C1DD236893F862315BB1EB6D580308D55D
:10705000BAF8BE20D4F860084146C2F3801206F0A8
:1070600095F898F8243013F00C0F40F04681B5F9EC
:1070700054A02368C5F800A193F86231002B7DD09D
:10708000EB6D190605D5D4F86008294673F054DB7A
:1070900010B9EB6D5A033CD500232946C5F80031E1
:1070A000D4F8600873F032DA29468246D4F86008D2
:1070B00073F040DA88B14FF48029204629463246E1
:1070C00008238DE800063DF019D830B10323C5F838
:1070D0000031C5F85C909A461BE0D4F86008294658
:1070E00073F02ADBA0B14FF0800B4FF0000920466F
:1070F000294632460223CDF800B0CDF804903CF08A
:10710000FDDF28B1C5F80091C5F85CB0CA4600E0C3
:107110008246D5F80031032B0BD1D4F8DC06294682
:107120003246EB6D6CF002D818B10023C5F800317F
:107130009A46D5F80031032B20D1D4F8600805F029
:1071400065FA50B1D4F86008414605F063FA20B101
:10715000D4F86008294605F01FF9D4F860082946DC
:107160004246334673F092DA30B1284608210BB01C
:10717000BDE8F04F3CF04A9FC5F800A1D7F8049055
:10718000B9F1020F1DD1BAF1000F1AD1D4F8D4060B
:107190002946324651F0C8D898B1D5F80801FCF319
:1071A0002FF370B9D4F8D00629463246C5F80091BD
:1071B0007BF00EDAD4F8D4062946324651F016DBBD
:1071C000CA460C21404675F04FDE7B68022B23D166
:1071D000089A536B093B012B1ED893464FF00009C8
:1071E000134616E00A2000FB0930D5F8081162307A
:1071F00006220693FBF300F4069B30B94FF4967217
:10720000ABF86820012283F8502009F101090BF145
:107210000A0BDA6C9145E5D37B68022B33D12B7ACC
:10722000002B30D0BAF1020F2DD1B6F8BE30DB07FB
:1072300029D5089A536B042B25D0BB68182B22D074
:10724000284622F04DDF18B12846002127F058D8F3
:10725000284618213CF0DADED8F80C30D4F8D406F1
:10726000D5F808211BB11969002908BF0023009334
:10727000B6F862302946C3F340130193434651F0F8
:1072800013DA064629E0284608213CF0BFDE4FF01D
:1072900001090023CDF800A0CDF8049002930393D8
:1072A0000493B6F862303246C3F340130593284680
:1072B000434608F11401FCF733FE2368064693F8B1
:1072C00069311BB12046494648F0D2D8A0683968D8
:1072D0004FF4967200230CF02FDF46B1D4F88804E7
:1072E0001B49B5F82E21334660F0F8DA0BE0A068B0
:1072F00039684FF49B72334603E00022A068396876
:1073000013460CF019DFBB7F0133BB771DE0F38818
:10731000708E23F46663F380FDF38EF040F48050AA
:107320001FFA80F8708EFDF387F0B6F8BE300E2895
:107330008CBF4FF44040002048EA000823F00A03C5
:10734000A6F83280A6F8BE30B6E40BB0BDE8F08FE8
:10735000A59084002DE9F04F9A461388D0F80C616F
:10736000A3B003F0FC030993B36894460B3BBAF84F
:107370000220012B04468B46DDF8B0900568D0F85A
:107380000471ADF828201FFA82F80BD80CF1100018
:1073900039460622CDF818C0FBF32EF3DDF818C0ED
:1073A000034660B1099A2046B2F1100318BF0123C9
:1073B00000930023019306210CF10A0248E0306C8F
:1073C00020B1069300F0D8DB069B7364484600F0BA
:1073D000C1DB306428B1C6F8449051464A46FBF3FD
:1073E0001FF32B6893F844303BB1D5F86001BAF82D
:1073F00002104AF037DCAAF80200B8F10B0F10D1E6
:107400007368012B13D0B3680C2B10D000230093AA
:10741000214628465A463B463BF0C6D820460C211A
:1074200077E0B8F1000F16D0B8F11E0F13D07368D3
:10743000204613F1FF3318BF0123009397F934302E
:107440003A46D3F1010338BF00230193012143469B
:1074500039F0AEDBC1E02B684FF000089B6AA9F160
:107460000602CBF82C300AF1060307930892039327
:1074700004924346284621465822CDF80080CDF894
:107480000480CDF8088019F045DD41460C221FA884
:10749000FBF34AF3524B41461F93524B2822209351
:1074A0000DAB184606932195FBF33EF3BDF828205B
:1074B0000DF15C094146ADF8382048462022CDF850
:1074C00034B0FBF331F3069B089A1E93079B02929C
:1074D0000193CDF80090D5F894062146099A1FAB88
:1074E00051F08CDE8046002877D1BDF83890B9F194
:1074F0001E0F11D1129B2846F36421463AF062DB3D
:10750000F26CA86831681E3243460CF015DE204646
:1075100019213CF07BDD60E0D4F8EC309B0406D50B
:10752000D5F84C015946079A089B5FF07BDDBAF805
:107530000420A4F8F62095F87338A5F8582383B1F1
:1075400092042869C421920C44F0C6DA05F506605D
:10755000093039460622FBF363F297F83230A5F87A
:1075600070387368204613F1FF3318BF012300936E
:1075700097F934303A46D3F1010338BF0023019321
:1075800000214B4639F014DB204659463AF026DA02
:10759000D5F868329C4220D0E36DF3B9236DD8074B
:1075A0001BD5E36E591C18D01C3354F82320A2B10C
:1075B000117A012901D003290FD15089D3798DE89F
:1075C000030002F114010291002104910591039737
:1075D00028462146126954F0C3DD23B0BDE8F08F80
:1075E000D5548400616184002DE9F04FA5B0924626
:1075F0000C939DF8B820D0F80C310D920993BAF88D
:107600000220D0F8043101F10A07BAF804900446C8
:107610000B9105680892384619460622BAF800B060
:107620001FFA89F80A93FBF3E7F100282ED12846C8
:1076300021463A4675F04ADE0646002826D0099AC9
:107640009368082B01D00A2B20D1726842F4805233
:1076500072602A6892F8622172B1BBF1030F0BD1FC
:107660000C9B0D9A00930192D5F8600821460B9A65
:10767000534672F079DF92E0082B02D1089B022B6F
:1076800003E00A2B07D1089A042A04D000230093B0
:107690002046062180E0B8F1000F06D0CDF800B0FA
:1076A000204601213A46434677E041460C2221A874
:1076B000FBF33AF23B4B414621933B4B282222936A
:1076C0000FAB184607932395FBF32EF2089AADF8FB
:1076D0004C900DF164091092414620224846CDF8A5
:1076E0003CB01196FBF320F2079B0C9A20930AF111
:1076F00006030193931F0293CDF80090D5F89406EA
:107700002146B02221AB51F079DD002847D1BDF8E8
:107710004C30002B3AD1BBF1010F37D1089A022A25
:1077200034D10A2120463CF071DCF368129A06F14C
:1077300014011BB11869002808BF002303930D9B97
:1077400001204FF0030C4FF0000E8DE80150049221
:107750000593204633460A9AFCF7E2FB214606468B
:1077600028463AF02FDA46B1D5F888040F49B4F824
:107770002E21334660F0B2D811E0099AA86811684A
:1077800033464FF49B720CF0D7DC08E0191CCDF89F
:1077900000B0204618BF01213A463DF025D825B05B
:1077A000BDE8F08F6D61840071618400A590840054
:1077B0002DE9F041876806467D68B86851F8058074
:1077C0000C46FAF3D1F2C8F80400002830D063590F
:1077D00000215868E422FBF3A7F1F86854F805800B
:1077E000FAF3C2F2C8F8080010B363590021986890
:1077F000E822FBF399F163592949D3F808803368EB
:107800003246C8F80030986800230CF03FDDC8F815
:10781000680068B163592349D3F808803368224669
:10782000986800230CF032DDC8F8C00000282FD182
:1078300063599B68FBB1996E39B1336898680CF055
:107840000DDD635900229B689A6663599B68D3F8E3
:10785000C01041B1336898680CF000DD6359002214
:107860009B68C3F8C0206359F8689968FAF3A2F2DC
:10787000635900229A606359596861B1B868FAF394
:1078800099F2635900225A606FF01A00BDE8F08146
:107890000020BDE8F0816FF01A00BDE8F08100BF64
:1078A00055BE84009DBC84002DE9F04F9FB0064674
:1078B0008B461446D0F800900493002B00F0DE8233
:1078C0008368049A5B681146D35848465D689B6894
:1078D0001CAA05931BAB36F043D860B15CB9059C7C
:1078E000202204F148001B99FBF39AF02022E28049
:1078F0004FF0870C0DE0062C00F2C382DFE814F095
:107900000700C1026F00C1026C01C102E4014FF027
:10791000710C049C63464846716804F11402CDF86A
:107920000CC07DF03DDBDDF80CC08046002800F087
:10793000AC82BBF1030F06D1D5F8D030B3F5802F60
:1079400008BF4FF0000BD8F80840ACF112039BB20F
:107950001B0204F1120A238200215F225046CDF857
:107960000CC0FBF3E1F04BF088039BB21A0AE274FF
:1079700023752B8B05F11C071A0AA37562754846FF
:10798000394620221FF048DD04F11F00394620222D
:10799000FBF346F0DDF80CC0ACF1710C1FFA8CF370
:1079A000BBB11A02A4F86F20023BDD2284F87120DB
:1079B00084F872308749032204F17300FBF330F03E
:1079C000042384F8763004F177001C991022FBF32D
:1079D00027F00B235F462B604FF0000B5AE2BBF100
:1079E000030F07D1D5F8D070B7F5802F14BF032748
:1079F000002700E05F46D5F8D000802802D0B0F51F
:107A0000802F04D147F49E5747F0080703E004286D
:107A100002D147F4E477BFB2D9F8003093F862415D
:107A200054B1F6F7A9FF40B1D9F8600804F0EEFDB3
:107A300018B1B5F8D40000E02046AC88D5F8D030B5
:107A40000419A4B2802BADF8764002D0B3F5802F94
:107A500025D117F4805323D0B6F8108018F0010810
:107A600008D130463FF03EDD30463FF05FDD01306B
:107A700000F00B8233687168D3F87C065BF062DD3E
:107A8000B6F87C30BDF876202633C31812F0070212
:107A90009BB205D0C2F108029B189BB200E0002304
:107AA00071341B19049C4846716804F114029BB29E
:107AB0007DF076DA8046002800F0E78184680021B6
:107AC0005F2204F1120A227461745046FBF32CF019
:107AD0003B0AE37427752B8B05F11C011A0AA37569
:107AE000627504F11F002022FAF39AF7AA8804F1C4
:107AF0007100A968FAF394F7BDF876301A0A42EAE1
:107B00000323A4F86F30D9F8003093F86231B3B191
:107B1000D5F8D000F6F730FF88B1D9F8600804F046
:107B200075FD60B1AB68002B00F0B381A888D5F873
:107B3000D81050445F30B5F8D420FAF371F7D5F877
:107B4000D030802B02D0B3F5802F33D1F80431D55B
:107B500021460DF1760230463FF074DCBDF87630F8
:107B60001A0A42EA0323A4F86F30049A936899052D
:107B70000FD533682246D3F87C0671680DF1760381
:107B80005BF02CDDBDF876301A0A42EA0323A4F834
:107B90006F30A37B30460093294652465B463FF048
:107BA000ABDA013006D1D9F804004146002200F0DA
:107BB00007D866E194F86F2094F8703043EA022306
:107BC000228AD3189BB21A0A42EA032323820C2387
:107BD00016E100BF3738010096F87A704BF4607BED
:107BE0003F0107F030074BEA0707B6F87CC0BFB289
:107BF0000023BA0754BF0CF1710C0CF1790C049CF2
:107C00001FFA8CFCADF8763048466346716804F183
:107C10001402CDF80CC07DF0C3D9DDF80CC080464D
:107C2000002800F0328184685F234FF0000B04F1DC
:107C3000120AACF112022374594684F811B050466E
:107C4000FAF372F73B0AE3742775B6F87C3006F155
:107C5000BE011A0AA375627504F11F002022FAF30F
:107C6000DFF6102206F18E0104F13F00FAF3D8F698
:107C7000082206F1FE0104F14F00FAF3D1F6B6F83E
:107C80007C2006F15A0104F17100ADF87620FAF378
:107C9000C7F6BDF8763030461A0A42EA0323A4F844
:107CA0006F30A37B29460093524607F003033FF051
:107CB00023DA013040F096804146D9F804005A4654
:107CC000FFF37EF7D846E0E0D5F8D030802B03D024
:107CD000B3F5802F40F0D5803368AC88D3F87C06AC
:107CE0007168ADF876405BF02DDCB6F87C30BDF8FD
:107CF000762026337134C31812F00702A4B29BB267
:107D000003D0C2F108029B189BB2E318049C4846BA
:107D1000716804F114029BB27DF042D980460028BC
:107D200000F0B38084684FF0000C5F224BF49C5746
:107D300004F1120A84F811C06146BFB222745046A1
:107D4000CDF80CC0FAF3F0F63B0AE37427752B8BE1
:107D500005F11C011A0AA375627504F11F002022A7
:107D6000FAF35EF60DF1780BA968AA8804F17100A8
:107D7000FAF356F63BF8023D21461A0A42EA03237B
:107D8000A4F86F305A4630463FF05CDBBDF87630E1
:107D90001A0A42EA0323A4F86F3033687168D3F8F3
:107DA0007C0622465B465BF019DCBDF87630304637
:107DB0001A0A42EA0323A4F86F30A37B29460093F2
:107DC00052463B463FF098D90130DDF80CC009D14E
:107DD00041466246D9F80400FFF3F2F6DDF80CC024
:107DE000E04652E094F86F2094F8703043EA0223A2
:107DF000228AD3189BB21A0A42EA032323820D2354
:107E00002B604FF0010B45E0B3F5802F14BFFE232C
:107E1000022300E00223504605F15C01082200F82D
:107E2000053BFAF3FDF517F0030104D1D5F8D000B6
:107E3000FDF38EF10146BBF1000F0CD0204605F199
:107E40008C0207ABFDF394F1F0B10AF14D0007A9E4
:107E50001022FAF3E5F573684146DA68484624F0E3
:107E600093DF059CD9F80800D4F8C0104FF47A725B
:107E700000230CF061D94FF0010806E0DDF8108016
:107E800003E04FF0000800E0804640461FB0BDE828
:107E9000F08F9B460323E373D5F8D030802BB3D10A
:107EA000B8E700BF2DE9F04F054689B00E46D0F87F
:107EB00000A01F46002B00F0878183685B68FB5899
:107EC0005C68D3F80880D4F8D000F6F765FD002888
:107ED00000F07C81B8F1000F00F07A81BB68580592
:107EE00007D4BB6B03F00203002B14BF0123022352
:107EF00000E00323D4F8D0000793802805D0B0F524
:107F0000802F02D0042840F06581337D96F81390CD
:107F100043EA092919F00303069302D1FDF318F18E
:107F2000069004F15C0B0120082306F117015A4664
:107F3000FCF3F0F5834500F04F8123680C2B00F033
:107F4000B7800D2B00F018810B2B40F0458109F410
:107F5000DC73B3F5847F40F03F8104F13C032022C1
:107F6000184606F11F010493FAF35AF5BA68049B08
:107F700012F4806F09D12A68126892F86221C2B1A6
:107F8000D4F8D020B2F5802F13D108F14802009226
:107F9000B8F806206968019204F18C020292A28A64
:107FA00007F114000392E23104F11C02FCF346F5E0
:107FB00022E0696807F1140C6046E231062204935E
:107FC000CDF814C0FAF318F5049BDDF814C00028AE
:107FD00000F0028108F148020092B8F806206968B2
:107FE000019204F18C020292A28A60460392E2316D
:107FF00004F11C02FCF322F719F4807F10D0338ABD
:108000001A0A42EA03239BB25C2B40F2BF8030463F
:10801000069904F18C02FCF377F7002800F0DC806D
:10802000338A1A0A42EA03239BB25E2B40F2AE80E7
:1080300096F86F1096F8702042EA012202F15F0173
:108040008B42C0F0A380C2B1E188B4F8DC30CB1819
:108050009A4212D106F17100E16806F11209FAF3B1
:10806000CBF488B1E388D4F8E010994409F15F00BB
:10807000B4F8DC20FAF3C0F430B1686807F11401F9
:1080800011227DF025D9A7E0002384F8CD302B689C
:10809000D8F8C01098680CF075D858460821FDF340
:1080A0005DF02846079902223B46FFF7FDFB93E06F
:1080B00009F4D873B3F5807F40F08E8019F4807F87
:1080C00008D03046069904F18C02FCF31DF7002815
:1080D00000F08280002384F8CD302B68D8F8C010DF
:1080E00098680CF04FD8228A07F11406238B50466B
:1080F0008DE84400696804F1AC027DF089D8D4F8B9
:10810000D030802B02D0B3F5802F02D11023236012
:1081100018E0042B16D10D2323602B8AD90707D42E
:1081200028463FF0DFD928463FF000DA013053D02F
:1081300058460821FDF312F02846079904223B46D1
:10814000FFF7B2FBD4F8D030802B04D0B3F5802FEA
:1081500001D0042B08D16B685046DB68792100936D
:1081600032460623FAF7D4FAD4F8D030802B27D041
:10817000B3F5802F30D123E019F4807F15D0338AF6
:108180001A0A42EA03239BB25C2B07D8DAF80030C4
:10819000D3F888305A6E01325A661DE0304606998F
:1081A00004F18C02FCF3B0F6B0B1002384F8CD30BA
:1081B0002B68D8F8C01098680BF0E4DF1023236018
:1081C00028463EF0F3DF07E0184606E0E92004E029
:1081D000404602E0002000E0012009B0BDE8F08F39
:1081E0002DE9FF470D9C064617469A468946002909
:1081F00052D0002C52D0836800685B68E3585D68F9
:10820000D3F80880294606F01DFF09232B60484655
:1082100039463022FBF382F0736848B1626BDB6D44
:10822000B2F5802F0CBF03F4802303F0800302E03B
:10823000DB6D03F00403C5F8D0300C9B306802936B
:1082400021462A464B468DE8800406F018FF30B3DD
:108250007369012B02D1B8F8060000B3002385F83A
:10826000CD303368D8F8C01098680BF08BDF0A2344
:108270002B60A3685B0507D4A16B01F00201002904
:1082800014BF0121022100E00321304600222346D1
:10829000FFF70AFB012002E0084600E0204604B098
:1082A000BDE8F0872DE9F04390E86000D6F808318A
:1082B0008E465B8E174603F440437246A3F5404E4C
:1082C000DEF1000389B004463146284643EB0E0335
:1082D00075F000D8804600287CD047B1E368002BB9
:1082E00078D120464146FFF763FA002872D1A3688F
:1082F0005B6858F803309F68238AD90702D4204668
:108300003FF04CD82B68C4F80C8093F86231ABB1C5
:1083100098F8D630032B0BD1D8F83430B3F5802F32
:108320000CD12846414607F1480270F01BDC0FE0F3
:1083300023B9D8F83430B3F5802F09D0238A9A07AF
:1083400008D507F1480004F11A012022FAF368F376
:108350002023FB80FB88202B35D12B684FF00009B0
:10836000D3F8E800CDF81890CDF81C900590FFF3F5
:10837000F1F3074600282DD005AB8DE8080228460A
:108380005021D8F810203B46F9F742FED5F81805E1
:10839000314606AA07ABFEF737FC07F10C03009342
:1083A000059B20460C3B0193E36801210293069A4A
:1083B000079B40F0D9D92B683846D3F8E8300593AD
:1083C000FFF3DAF306E0706906F11901327E4346E5
:1083D0003FF054DA09B0BDE8F0834FF0FF3070474A
:1083E00070B50446D0F8880000220A21D4F8D830AD
:1083F0000D0A33F81230CEB2CB189BB2013B46EADD
:10840000032605F0030503F440731D436FEA42633E
:108410006FEA5343A0F84035A0F82065A0F82C552A
:10842000A0F84035D4F8D83033F812500132491949
:10843000062A89B2DAD1204698215A8843F04CDBCB
:10844000D4F8D83020469A219A8843F045DBD4F8F6
:10845000D8302046DA881B889C2143EA022292B257
:1084600043F03ADBD4F8D83020465A891B899E2144
:1084700043EA022292B243F02FDB2046BDE870406F
:1084800040F0EE9CF8B503688E210446D3F884547E
:1084900042F0E0DC236840001B6886B293F8643148
:1084A00006F1500106F1940789B2BFB213B100235F
:1084B00085F86D31D5F82031012B1CD002D3022B69
:1084C00030D122E095F8E820012010FA02F295F868
:1084D000583192B2FF2B03D010FA03F31A4392B231
:1084E000204643F0F9DA95F8E83001229A40204618
:1084F000394692B214E02046B5F82A2143F0ECDA6E
:1085000020463946B5F82C210AE095F8E8300122DA
:108510009A40204692B243F0DFDA204639460022E4
:1085200043F0DADA95F81C2142B94C364FF6FE7169
:1085300020463140BDE8F84043F0CE9AF8BD000037
:10854000D0F8941010B50831044641F0F3D803492F
:108550002046BDE8104041F0D59800BF6C4F0100A7
:1085600038B5437C04468B420D4606D039B142F003
:1085700005DB38B94FF0FF3038BD002038BD4FF073
:10858000FF3038BD002084F87600657438BD0000E7
:108590002DE9F0438BB0129F98460023032F044629
:1085A0000D46139EDDF85090089309930CD90422D0
:1085B00008A84146FAF334F2072F05D909A808F1B3
:1085C00004010422FAF32CF25A2D089900F0B3802A
:1085D00032D8212D00F0D08016D80E2D00F0A780C3
:1085E00008D8052D5BD00C2D00F09D80042D40F0A7
:1085F0009B817CE0142DC0F09781172D40F2A08163
:10860000202D40F09181C5E03F2D00F0F88009D881
:10861000272D00F0CE803E2D00F0EC80262D40F07E
:108620008381D4E0522D00F02A81542D00F02A815C
:10863000442D40F07981E7E06A2D00F0618116D881
:10864000642D00F0408109D85D2D00F08680632DF7
:1086500000F01B815C2D40F067817BE0682D00F00D
:10866000398100F23A81662D40F05E812FE1792D4B
:1086700000F0528109D8712D00F04681782D00F06C
:108680004E81702D40F050815AE17C2DC0F04C811C
:108690007D2D40F255818C2D40F0468163E0E06FE6
:1086A00098E8A000C66916F004060ED0002335FA3B
:1086B00003F2D607D9B203D401330F2BF7D11946F1
:1086C0002A463B4604F0DADC2CE1294632460223F6
:1086D00004F0CADE29462A460223E06F04F000DFD8
:1086E000E06F29463A46022304F0E0DE2DE1B9F1BD
:1086F0000B0F40F31C8100210A460223E06F04F0B7
:10870000B3DE00210A4607460223E06F04F0CEDE06
:10871000002105460A46E06F022304F0E1DE3760DF
:108720007560B060FEE0E06F04F0B8DE3FE0D4F8C2
:108730008000884902E0D4F880008749FBF390F07C
:1087400020B100210A46FAF327F630E04FF0FF335C
:108750003360E9E094F81C31E3E0003118BF0121F7
:1087600084F81C11DEE0099A4A4500F3E0802046B7
:10877000334640F069D845E0072F40F2D880002901
:10878000C0F2D88002230093E06F0122099B04F01D
:108790001DDFC7E0032F40F2CA800029C0F2CA8063
:1087A000022300930022E06F134604F00FDF3060D5
:1087B000B8E00B2F40F2BB800029C0F2BB80099BC0
:1087C000002BACBF6FF016066FF00106BDE0072F5F
:1087D00040F2AD800029C0F2AD80099A002AC0F2B3
:1087E000A98000250095E06F2B4604F0FBDE306089
:1087F0002E46AAE0E06F314604F034DE02E0E06F7E
:1088000005F006D80646A0E0236898680BF046DD20
:108810000746E06F04F09ADE10B3E06F04F0B2DEBA
:10882000054618B9E06F012105F004D83368E06F00
:1088300000937368083601930023029603934168FE
:10884000D4F88820A368FAF3A1F0002814BF4FF0F1
:10885000FF3600266DB9E06F294604F0EBDF08E033
:10886000E06F04F067DE002814BF6FF01D066FF0A4
:1088700016062368394698680BF018DD65E0D4F8D1
:1088800060314EE0D4F864314BE03146102204A848
:10889000FAF3C6F0059D0C352846FFF35BF104465C
:1088A00000284AD031462A46FAF3BAF023882046F7
:1088B0001B0B012B04D0FFF35FF14FF0FF3644E0B8
:1088C000FFF35AF13CE0236893F8183629E04FF49F
:1088D000B06326E0B4F81E3123E089B201292FD815
:1088E0000323A4F81E112046009319B1202202216F
:1088F000134602E002212022002342F083D811E037
:10890000204640F08BD952E74B1C022B1BD8204647
:1089100049B242F0DDDB75E7C4F8381102E0D4F863
:1089200038313360002610E06FF01D060DE06FF067
:108930000D060AE06FF0010607E06FF01A0604E08A
:108940006FF0160601E06FF01C0630460BB0BDE874
:10895000F08300BFFA6C8900026D8900F0B587B022
:1089600004460668D0F8885000210C2202A8FAF3C9
:10897000DBF0002320464FF0FF31704A059342F0B0
:1089800031D823681B6893F8693113B1204640F051
:108990008BD8204643F014D84FF40037204640F0DF
:1089A00039DC009704233069242105AA41F0AADAB2
:1089B00000210A46E06F04F081D96149204640F069
:1089C000A1DE2046FFF70CFD02A9204640F05EDB49
:1089D00020468021082243F07FD80A2220465C21CD
:1089E00043F07AD82046D4F8201140F0EDD9554A0A
:1089F0002046554941F0F6DF4FF00043C5F8883175
:108A00004FF00073C5F88C314FF48043C5F828311E
:108A10004FF480336B620121204641F0D9DFE06FD3
:108A200004F0F0D8A4F81201A5F8A80616212046F3
:108A3000B4F8482043F050D82046C021B4F86C2048
:108A400043F04AD82046C221B4F86E2043F044D8FF
:108A50002046182104F1A4020223009741F09EDA77
:108A6000022320461C2104F1A602009741F096DA69
:108A700096F858361BB1002386F8583606E0009762
:108A80003069242105AA042341F088DA20464421D4
:108A9000B4F8A82043F020D820464621B4F8AA20F4
:108AA00043F01AD8B5F888361B051B0DA5F8883693
:108AB0000123A5F89C360025B5636319586910B1E8
:108AC000224B5B6898470435182DF6D11F4D60691D
:108AD000AB6D98476B6F606998472046002142F064
:108AE000BDDC23681B6893F8693113B1204640F060
:108AF0000DD8A36F2046598B4FF48072CC3142F0D1
:108B0000EBDF637C032200921022002B14BF13467C
:108B100000232046042141F075DF2046AE2142F0BB
:108B200099D94FF4D8634000C4F82401C4F828311F
:108B3000304640F091DC07B0F0BD00BF04040004F3
:108B4000943E0100000002400000064010A788008B
:108B500070B5036804461B6893F86931002B00F078
:108B60008180836F598B363142F074D9236D06466C
:108B7000D80777D5636D190674D4E36F9A699200AC
:108B800002D5DA69D00704D5DB69D90701D45A07C1
:108B900068D5E36E9B0065D5D4F888304FF49675A0
:108BA000B3F8B42692B242F00302A3F8B426D4F884
:108BB0008820B2F8B83623F0C0031B041B0CA2F8BF
:108BC000B836236DD80719D5636D190616D4E36F2F
:108BD000DB695A0712D5E36E9B000FD5D4F88830B5
:108BE0000121A3F8F016D4F88830B3F8F22692B237
:108BF000130A03F00F0302F03F0213E0D4F88830A9
:108C00000022A3F8F026D4F888300121B3F8F22628
:108C1000A3F8F016D4F88830C2F30512B3F8F23690
:108C2000C3F30313042A02D10BB1042E02D04FF474
:108C3000FB750AE06420FEF37BF4013DC1D1F6E749
:108C4000013D08D00A20FEF373F4D4F88830B3F85D
:108C5000B626D007F4D4B3F8B82692B242F0C002D8
:108C6000A3F8B82670BD38B58B7905460C463BB1E4
:108C700090F88E22002A21D190F88F22002A20D14C
:108C80000122627193B12B6893F8623173B1E36D85
:108C900058030BD5D5F8600803F0B8FC30B1637900
:108CA00023B1D5F86008214603F076FBA07950B1D6
:108CB00028462146BDE8384044F0A29F4FF0FF30DF
:108CC00038BD4FF0FF3038BD43690BB90223436113
:108CD00083690BB914238361C36913B94FF4167305
:108CE000C361836813B94FF47A73836003690BB966
:108CF000034B0361C3680BB9024BC360704700BFED
:108D000000350C00804F12002DE9FF470368044630
:108D1000D3F80090D9F810309B6FB3F81AA099F8E7
:108D20001930002B5AD040F2A47600253146D9F8EC
:108D3000100042F08FD8B11C0746D9F8100042F05D
:108D400089D86B08023504AAEDB202EB830347EA27
:108D500000400436062D43F80C0CE7D10AF1A40AB2
:108D60005146D9F81000019F039E029D42F072D82F
:108D700051468046D9F8100042F06CD84BF6FF728D
:108D800002405146D9F8100042F0A6DE236A9F4205
:108D900002D2DB43D81900E0F81A636A9E4202D27D
:108DA000DB43991900E0F11AA36A9D4202D2DB432A
:108DB0005A1900E0EA1AA368276298426662A5621F
:108DC00003D3032384F838300AE02369994207D299
:108DD000E3689A4204D2C8F3803002E0F52000E054
:108DE000012004B0BDE8F087F7B5099D0023032DED
:108DF00006461746089C009301930BD90422684647
:108E00002146F9F30DF6072D04D901A8211D0422EE
:108E1000F9F306F61C2F07D1D6F88030002093F81E
:108E200038200A9B1A6001E06FF01600FEBD2DE9A4
:108E3000F041044616461F460D46002900F09D806D
:108E400030F0C4D8D4F8A031804693F8661093F877
:108E50006C20002940F08880002A40F085809988A5
:108E600042F20E72013989B291422DD8206940F246
:108E7000EA3140F0D3DD90B120694FF47B7140F0CE
:108E8000CDDDD4F8A0319A8841F64B539A4204D9EB
:108E9000206940F2ED3140F0C1DDC5B200E0054689
:108EA000206940F2EB3140F0B9DD012330B13B7075
:108EB000D4F8A031002283F86E2033E03870D4F863
:108EC000A02182F86E302DE05A8D910706D52069D9
:108ED00040F2EE3140F0A2DDC5B223E012F0010213
:108EE00014D0B3F87B10002973D0B3F87920002A8E
:108EF0006FD00A20414391FBF2F2062A69DDB3F8F4
:108F00007130012B67D0022B0DD166E032703A70C0
:108F1000D4F8A021012382F86C30D4F8A02182F883
:108F20006E3000E03DB900233370D4F8A031012247
:108F300083F86C201BE0D4F8A03193F86D20022A4E
:108F400007D9012283F86620D4F8A03183F867504E
:108F500002E0002333703B70D4F8A03193F86D2009
:108F6000013283F86D2002E00AB100233370D4F897
:108F7000A031C3F86880BDE8F081D0F8A03193F843
:108F800066202AB9DB6E13F0FF1F13D1BDE8F08114
:108F9000022213462FF03EDC0123204629460222FE
:108FA0002FF038DCD4F8A03183F86650D4F8A03123
:108FB00083F86750D4F8A021002382F86C30D4F8ED
:108FC000A02182F86E30D4F8A02182F86D30BDE87F
:108FD000F0810625AFE70225ADE70825ABE770B5C0
:108FE000036886B00C460546002103A80A221E68C5
:108FF000F9F39AF5BDF80C3043F01003ADF80C30DE
:1090000094F8AC30A3B1D4F88830D3F82031D80725
:109010000ED5204642F0B8D9022200922046BDF873
:109020000C300021102241F0EDDC204641F064D9E3
:10903000012185F83910336A186901F0C4FA06B0C5
:1090400070BDF0B5036887B00C460746002103A841
:109050000A221D68F9F368F5BDF80C3023F01003FF
:10906000ADF80C302B699B6F5E8B94F8AC30002B05
:109070003CD0D4F88830D3F82031DB0736D52046F1
:1090800042F082D90222BDF80C3000922046002125
:10909000102241F0B7DC236DD80724D5636D190683
:1090A00021D4E36F9A69920002D5DA69D00704D51A
:1090B000DB69D90701D45A0715D5E36E9B0012D599
:1090C000D4F88830B3F8B82692B242F04002A3F840
:1090D000B826D4F88820B2F8B83623F080031B04F1
:1090E0001B0CA2F8B836204641F006D9002487F8B8
:1090F000394006F136012869224642F0EDDC06F1DE
:1091000008012869224642F0E7DC06F1F801224610
:109110002869A43642F0E0DC3146286941F09ADE45
:109120004BF6FF7202403146286942F0D5DC2B6ACB
:1091300097F83910186901F046FA6B7E43B1286937
:1091400040F2A47122460C2342F0DAD8204601E016
:109150006FF00A0007B0F0BD7FB551F8383B002230
:109160001868D0F8683200920192029201220391AD
:10917000049219469822DC3317F0CCDE07B000BD0C
:1091800038B50446FFF7A0FD94F83830032B04D01F
:109190002046FFF7B9FD054600E0002594F8383079
:1091A000013B032B73D8DFE803F00213304C01209E
:1091B0002146FFF7D1FF012D08D1E36A626901332F
:1091C0009342E36263D3022384F83830002351E0F2
:1091D00002202146FFF7C0FF012D4FF000030BD105
:1091E000226BA16901328A422263E3624FD30322D8
:1091F00084F83820236338BDE26A616901328A420B
:10920000E262236343D3012232E003202146FFF7C9
:10921000A3FF94F83930012B07D120466168FFF78E
:1092200010FF002323626362A362636BE269013370
:10923000934263632BD300236363042384F83830A1
:1092400038BD04202146FFF787FF94F839301BB959
:1092500020466168FFF7C3FE012D4FF000030BD1DC
:10926000E26A616901328A422363E2620FD3032218
:1092700084F83820E36238BD226BA16901328A424A
:10928000E362226303D3012284F83820236338BDCC
:10929000F7B50368044693F83C20002A40F0AC8000
:1092A00093F86931002B00F0A78044F06BDF0228AF
:1092B00040F3A280204644F003DF002800F09C80A9
:1092C000206940F059DA23680646DA6ED4F86872ED
:1092D000002A40F091801B7E002B00F08D8094F8D6
:1092E000D4312BB120461FF067DA002840F084808B
:1092F000D4F8A0315A6B5278D1070CD4DD795DB126
:10930000D4F86832D3F814311B695B42AB42CCBF4E
:109310000825002500E0002506F00403002B18BFF7
:109320000825BB7916F0100618BF4FF4007623BB52
:10933000D7F8083193F93430FBB13B7AEBB13B7C81
:1093400023B107F1DC00FAF35BF2B0B994F88D3287
:10935000012B12D194F88E3223B1D4F8180535F0D0
:1093600019D850B9FB6DA3B13A6D40F237131340D1
:109370007BB197F86030D3B10BE094F88D325BB1DC
:10938000D4F88C221D4B1340B3F5807F10D13B7C69
:1093900073B13543ADB20BE094F88E323BB1D4F8E3
:1093A000180534F0F7DF002808BF002500E01D464F
:1093B000022120464FF402722B4600911FF060DC20
:1093C000354219D00023D4F86422D15889B18A7962
:1093D0007AB90A7A6AB10A7C5AB1D4F8440158F0D1
:1093E000E9DE0146D4F8440103B0BDE8F04059F08D
:1093F000A9990433202BE6D103B0F0BD00FFFF0094
:109400002DE9F84305680446D5F8A031D0F834803A
:10941000D3F810902B699B6F5E8BFDF315F7A36C4F
:10942000A064C31AB3F5617F01D2BDE8F88320467A
:1094300045F0BAD984F83000204644F033DF84F890
:109440003100204645F088D894F8453084F85A0019
:109450005BB194F8403084F8303094F8413084F8AF
:10946000313094F8423084F85A3098F801305B0774
:1094700021D5E76B284694F9311094F9302094F9FE
:109480005A30B8475FFA89F94845074613D028464D
:10949000394645F0A7D82869026D12F480020AD136
:1094A0004EB1012F06F1A40101D1602301E0602239
:1094B000134642F013DA28460122D5F86812FFF766
:1094C000E7FE98F80130980715D5A66B94F95A3045
:1094D000284694F9311094F93020B04794F832308E
:1094E0000646834207D02846044932461FF0F8D882
:1094F00008B984F83260BDE8F88300BF6FB0890016
:1095000073B504680546204644F0DADDD4F8A0318E
:10951000064693F85E20013283F85E20236893F8B4
:109520006931002B4AD0002848D0236A1B68022BDF
:1095300044D1012803D12046294645F0B5DB6B6BA9
:109540005B78DB0703D52846FFF75AFF36E0204655
:1095500045F05CD8D4F8A031DA7A72B1D4F8681248
:10956000D1F8141109694942914206DD721E012A9F
:109570001ED95E73204601210EE09A7A7AB1D4F8A2
:109580006812D1F8141109694942914207DA042E90
:109590000ED05E732046042145F024D808E0597BA4
:1095A00031B1204645F01ED8D4F8A03100225A73BC
:1095B0002046D4F868120122FFF76AFE236893F868
:1095C0006921002A51D0226A1268022A4DD1012253
:1095D0008DF806208DF807204EB3042E27D093F87F
:1095E000412022B393F842200AB3D4F864210AB18F
:1095F0009279E2B993F83E30CBB1D4F8A03142F27F
:109600000E729988013989B2914203D9598D11F0AE
:10961000030105D0013E012E09D82046012100E0BA
:1096200020460DF107020DF10603FFF700FC9DF83F
:1096300007109DF80630A1F101025142A3F101008B
:1096400041EB0201434243EB000302228DF8063056
:10965000204613468DF807102FF0DCD820469DF8E1
:109660000610022201232FF0D5D8236893F8693120
:1096700023B1236A2846196845F00CDFD5F880002D
:10968000FFF77EFD00207CBD2DE9F04705689A4676
:109690002B68044693F844008EB00F461646002807
:1096A00038D00DF10C094FF0000800212422484663
:1096B000F9F33AF2414608220CA8CDF81080CDF813
:1096C0000C80F9F331F242464346D5F8C0063946DC
:1096D000CDF8349051F0FADCD4F8444180460FE0E4
:1096E0008DE8400101330493D5F8C00639464FF6A2
:1096F000FF720CAB059451F0C9DC50B924684644A4
:10970000049B002CECD1039A01209B18CAF800306E
:1097100000E000200EB0BDE8F08702680146D2F8F4
:109720006C31D2F8D80603F5C67203F5CE7305F096
:1097300077B8000000487047C4580100024B54221B
:1097400002FB0030704700BFBC6501000048704755
:109750006466010038B58B781C1DA24230D30A78AC
:10976000012A30D1142B34BF1A4614224B78022B15
:1097700004D0032B1ED0012B28D101E0002315E0DB
:10978000002307E0CC18257990F8234001332C43BF
:1097900080F8234001309342F4DB0FE0CC182579A8
:1097A00090F8234001332C4080F82340013093424D
:1097B000F4DB03E024300431F9F332F1002038BD4A
:1097C0006FF00D0038BD6FF0240038BD002038BDAB
:1097D00038B5044610468A78151DAB420FD30B7876
:1097E000012B0FD1142A28BF142214238270C370B6
:1097F00004F124010430F9F313F1002038BD6FF0B7
:109800000D0038BD6FF0240038BD982970B50446AE
:109810000D46164611D8243012B1FAF35DF501E079
:10982000F9F3D6F72C2D0BD10121321CA06818BFFB
:1098300001221DF071D9002070BD4FF0FF3070BDC6
:10984000002070BD70B505460C464EF067D8064640
:1098500080B190F861309BB9836923B9E420FEF3AD
:109860007FF1B06130B1F36953B9E820FEF378F1CC
:10987000F06128B928462146BDE870404DF04E9E63
:1098800070BD00002DE9F04F9A469BB00D46D1F80F
:109890000C31D1F80461002800F0318189794468E5
:1098A000002940F02C81297C002900F028819AF8B9
:1098B000011002291FD19B68182B1CD102F10A004C
:1098C000D5F808110622F9F397F0A0B90AF10800BB
:1098D00031460622F9F390F068B920462946D5F8BA
:1098E000082173F0F3DC30B120462946324673F08C
:1098F000EDDC074620B9002300932846062138E016
:10990000BAF80E308BBB00210C2217A8F9F30CF12A
:109910007C4B0DF1140917937B4B002128220DF18C
:109920003C08484618931994F9F3FEF000230021EF
:1099300020224046ADF82430F9F3F6F00AF1100386
:109940000193249BCDF80080103B0293D4F8BC0611
:109950002946D02217ABCDF8589051F0D3DB002820
:1099600040F0CD80BDF824302BB102220092284671
:1099700001213246C1E0D5F8103193F8F430F3B943
:10998000D5F818311B7AD3B994F890322846590784
:1099900044BF23F0040384F89032012124F0B0DCAA
:1099A000D5F81031012283F8F4204FF4FA70FDF35A
:1099B000BFF594F8903243F0040384F89032B6F87F
:1099C0003280236AD3F804B008F44043A3F5404240
:1099D000D2F1000A4AEB020A003318BF01230A330E
:1099E00054F8239008F46053B3F5005F03D1404668
:1099F000FAF3A2F5804608F46053B3F5C05F27D1AF
:109A0000236893F84F309B0714D0D4F85801D9F845
:109A1000041049F00FDB00070CD499F8E5309907E2
:109A200008D5D9F80030022B12D1D5F868339B78CD
:109A30009A070DD54046FAF3FFF440F480539BB2E9
:109A40000E288CBF4FF440484FF0000848EA030846
:109A5000236A18695EF040DA40451CD04146D4F8CC
:109A6000580149F0E7DC204625F0A4DD20464146B8
:109A700024F0D2D8236893F83B304BB1D5F83C336F
:109A80005968D4F8C035994202D0204620F03CDA1B
:109A900020461DF03DD8204606F1380120F016DDA5
:109AA000D34524D0236A204639465A682B4673F0A2
:109AB0003DDA2368206A93F84F30503013F00303E7
:109AC00007F13C0108D03B69D3F8EC3003F4805334
:109AD000D3F1010338BF00237F228DE80C00002260
:109AE00013466CF0EBDA2046394673F053DF02235D
:109AF00000210093284632460B463AF075DE1BB033
:109B0000BDE8F08FA9B885000DBA85000B89F0B5C6
:109B1000C48F03F0F0060419360934F81650428F4A
:109B2000B0F83CE0013634F81670CC6882188644F0
:109B300087B052190EEBC50E2CB14E69C4EB060C62
:109B40008E69664400E026467D1BADB2CDF800E08C
:109B50000195C068029008680494039005964868CF
:109B6000194600234FF084DF07B0F0BDF0B50C4676
:109B70000989C58E01F0F006878E4519360935F83A
:109B80001630C7194FF00C0E0EFB037787B0428ECC
:109B90000136009735F816508218ED1AADB20195CE
:109BA0008068D2180290206800230390A069049076
:109BB000E069059060684FF041DE07B0F0BDF0B598
:109BC0000C460989C58E01F0F006878E45193609C5
:109BD00035F81630C7194FF00C0E0EFB037785B021
:109BE000428E0136009735F816508218ED1AADB244
:109BF00001958068D2180290206800230390606865
:109C00004FF0F6DE05B0F0BD2DE9F341B0F812805B
:109C1000878AC68A84798044C7198619F4B925468B
:109C200005F00F0336F81310013336F813208A427B
:109C30000ED00C4B521A181980884FF00C0E009061
:109C400092B208EB0100E3580EFB01714FF0CEDF3A
:109C5000013508340D2DE3D1002001E06FF016002E
:109C6000BDE8FC81685901000378FF2B01D018463C
:109C70007047437813B18078FF3070474FF6FF701C
:109C8000704791E80C0009895268B02902D1126826
:109C9000032A08D090F8420630B1D3F864335878DC
:109CA00010B10230704700207047062070470368EB
:109CB00073B50446D0F82454D4F81C1498680AF0FC
:109CC00061DA26E0EE690BBBD4F8243405F10E020C
:109CD0009D4208BFC4F824642068214673F0F6DA78
:109CE000024640B1012102238DE80A002068214686
:109CF000002372F053DF23682946586851F088DC4E
:109D000094F82034013B84F8203401E0013BAB613E
:109D100035461DB1AB695A1CD4D116E02368D4F87E
:109D200024249868D4F81C143AB90AF097DAC4F8D5
:109D30001C5484F8205402B070BD42F210722B46BD
:109D400002B0BDE870400AF0F799FEE77FB5D0F8A1
:109D500024040E4615461C4698B104AB43F8040D86
:109D600000200093014632462B4651F09FDC40B95B
:109D70004EF660235C4342F21073B4FBF3F4039B92
:109D80009C6104B070BD00002DE9F0410546D0F89B
:109D90000080D0F81441FDF357F2D8F82030064681
:109DA00018695EF099D8D5F808315B8E834259D195
:109DB00013F4404F09D1D8F8003093F8693123B13A
:109DC000404640F00FD800284CD0A36C002B53D055
:109DD000E16C721A9A424FDB94F850301BB1226941
:109DE0005BB2934248DB94F84430FBB12769EFB192
:109DF000FF1AD8F8C4366FF0C7029742B8BF1746AB
:109E000013B19F42B8BF1F46B4F90E30002B03DADE
:109E10001A483246F8F3AEF6002213462846394671
:109E200054F026D8D5F80831228A5A8594F845305E
:109E300013B3676907B3FF1AB4F93A3027EAE77733
:109E4000002B04DA0E48E16C3246F8F393F628460C
:109E50003946002254F05AD8D5F80831A48A9C8596
:109E6000BDE8F081D5F80831DA8DE36CD318E364EE
:109E70009B1B002BC8BFE664BDE8F081AEC589001E
:109E8000DFC5890010B5002012F04004187002D020
:109E900012F0800F15D011F4007005D012F0800F71
:109EA00002D00120187010BD490501D5130605D553
:109EB00030B9D4F1010038BF002010BD002010BD22
:109EC000012010BD2DE9F04F836B0D46596C0446FF
:109ED00040F2395087B09246002281428DF8172017
:109EE00003D040F28B50814208D1B4F8522002F4E2
:109EF0004042A2F540414A4242EB010218690392F6
:109F000068F072D828B3D4F8E4235AB1D4F8F8032F
:109F1000012169F07FDE28B9A36BD4F8E4139868B7
:109F200069F0A8DC94F8943083B9D4F8F803B4F855
:109F30005210012269F038DEC4F8E40330B1BAF1FE
:109F4000000F03D120465EF04FDD46E10023C4F848
:109F5000E433B4F85210A36B01F46051B1F5005F23
:109F6000986805D0A1F5C052514241EB020100E0D2
:109F7000022169F071DC0646002800F02E8135B11F
:109F800020462946B4F8522033465EF007DDB4F887
:109F900052904846FAF350F209F46057A36BB7F5B4
:109FA000005F986805D0A7F5C053594241EB030103
:109FB00000E0022169F050DCA36B054610B99868F7
:109FC000314617E0B7F5005F986806D0A7F5C0588E
:109FD000D8F1000141EB080100E0022169F03CDC0E
:109FE000804650B9A36B3146986869F043DCA36B97
:109FF0002946986869F03EDCEFE0D4F8E403B8B194
:10A0000069F044DCB7F5005F06D0A7F5C05CDCF171
:10A01000000343EB0C0300E00223984208D0A36B3B
:10A02000D4F8E413986869F025DC0023C4F8E4331D
:10A03000D4F8E433FBB9A36BB7F5005F986806D09A
:10A04000A7F5C05EDEF1000141EB0E0100E0022148
:10A0500069F002DCC4F8E40368B9A36B3146986880
:10A0600069F008DCA36B2946986869F003DCA36BF0
:10A0700041469868BEE7D4F8E40369F02DDB20463A
:10A080005EF04CD8284694F97B1069F017DD002368
:10A090000DF1170200932046434649465FF09CDCD1
:10A0A0004046314669F054DB404694F9651369F047
:10A0B000ADDC4146284669F04BDB94F85810632923
:10A0C00002D8284669F0B6DC284669F0DDDB284670
:10A0D00069F014DC94F8673307469B0098426FF0F0
:10A0E0007F012846B8BFDFB269F01EDCFFB25FFA1D
:10A0F00080F9A36B84F87E7084F87F90834618699A
:10A1000067F072DFB8B1D4F8F803B4F8521069F010
:10A110002DDE01280FD1B4F8521000224B46D4F89E
:10A12000F80369F0D5DDD4F8F803B4F85210002232
:10A130003B4669F0BDDD002384F891B084F8963089
:10A1400084F88030BAF1000F03D02846514669F0F8
:10A1500019DB94F8823028460BB1039B23B194F9A4
:10A160007E1069F0C7DA03E094F97F1069F04EDCE5
:10A17000D4F8E403294669F0D1DAA36B186967F0D3
:10A1800033DF98B1D4F8F803B4F8521069F0EEDD7B
:10A19000012803460AD1D4F8E403A16B0090886833
:10A1A000B4F85220D4F8F81369F054DDA36B3146AB
:10A1B000986869F05FDBA36B2946986869F05ADB01
:10A1C000A36B4146986869F055DBBAF1000F04D1E2
:10A1D000D4F8543A0BB12046984707B0BDE8F08F49
:10A1E00010B590F86330002B3CD0DB07C9B22CD5FA
:10A1F000836E8B4223D190F8253A3BB10023846BC8
:10A20000E4180133082B84F82021F8D1836BD3F8AC
:10A2100028411B1983F82021836BD3F82841072C90
:10A2200001D0013400E00024C3F8284190F8253A19
:10A230002BB190F8263A13B1002380F8253A90F814
:10A24000633023F0010380F8633090F8633013F03B
:10A25000020F07D023F0020380F86330836B186984
:10A2600067F0BADE002010BDF8B590F86330044600
:10A27000002B3AD1012902D0022939D100E08266AF
:10A28000A36B80F863101A6A94F8D900626618BB51
:10A2900094F86C20002A2DD118698E2167F072DEA7
:10A2A000400087B2062502E00A20FDF341F1A36BCE
:10A2B00007F174061869314667F064DE08B1013DA4
:10A2C000F2D1A36B01221869314667F067DE2046A0
:10A2D00001F012F8024600E0A122B4F85210204624
:10A2E00052B2BDE8F840FFF77BBF6FF01800F8BD31
:10A2F0006FF00200F8BD10B504465DF0EDDD0221FF
:10A30000C2B22046BDE81040FFF7AEBF30B5026CC8
:10A31000CB8892F829463CB9846B64690A2C03D92E
:10A320004C8A14F4807F14D0846B6569272D03D187
:10A330000C8A14F4006F0CD18C88DBB214F0030F7C
:10A3400001D09D2B05D0232D07D14D8A15F0200F6C
:10A3500003D001238B7700230AE090F92C031B180C
:10A36000E00444BF92F91E269B180022CB778A771F
:10A370000B7700234B7730BDC369043B082B06D80D
:10A38000DFE803F01805090709050B050D0000209B
:10A39000704717207047042070470720704790F8D7
:10A3A0003E03012808D0032814BF4FF483704FF4F4
:10A3B0008B707047012070474FF48B707047836B30
:10A3C00013B51A6A044601321A6290F86020002A16
:10A3D00000F0AC80B0F8C8222AB1D0F8F013A1F890
:10A3E0003622A1F83A22B4F8CC222AB1D4F8F013DC
:10A3F000A1F82822A1F82422B4F8CA222AB1D4F85C
:10A40000F013A1F82222A1F82622216F40F606229D
:10A410000A402AB993F82C3113B120465DF0F8DDDB
:10A42000A36B1A6A1B6EB2FBF3F103FB1123A3B9F2
:10A4300020465FF085DC236F40F60202A16B1A40D4
:10A440000032086918BF0122B4F85210C3F3800328
:10A4500067F0D2DD20465FF081DC226F40F60E23EC
:10A460001340B3B9A36BD4F88C21196AD2F89020A9
:10A47000D3F818318A1A9A420BD394F85220204606
:10A480000121FFF7F1FEA26BD4F88C31126AC3F8F8
:10A49000902094F8633043B1A36B1A6A636ED31AA9
:10A4A000052B02D9002384F86330D4F8F4202AB1B4
:10A4B000A36B196A1B6E8A1A9A420CD3226F40F65C
:10A4C000020313403BB920465DF016DE18B1A36BC2
:10A4D0001B6AC4F8F430226F40F60F2313402BBBE5
:10A4E00020465EF0B5DA20465EF054DAD4F88C31BE
:10A4F000D3F8882012B1013AC3F88820D4F8B43ACE
:10A500000BB120469847A36B186967F023DD68B14B
:10A51000A36B01A918690DF1070267F01FDD204642
:10A520009DF80710BDF804205DF0D4DD00201CBDAF
:10A5300003460021986B40180131082980F820213A
:10A54000F8D19A6B0021C2F82811D16E032907D1E6
:10A55000D3F8C410C90703D5126A0832C3F8B8206B
:10A560000022991802324FF6A470202AA1F8040A9A
:10A57000F7D10020012283F8240A83F8EC2A7047DF
:10A58000836B10B59A69044692001BD590F8ED2AAA
:10A59000012A17D1B0F8522012F4404F12D1186995
:10A5A00067F004DD636CB3F8B42692B242F00302A4
:10A5B000A3F8B426636CB3F8B82692B242F0C00296
:10A5C000A3F8B82610BD80F8ED1A704730B5056CB9
:10A5D000044687B028464FF4007141F21C1260F027
:10A5E00047DB002800F09D80072303932023059379
:10A5F0008023029300230190049340F8043B01332D
:10A60000802BFAD1204601A965F0E8DE4FF43073C3
:10A61000204601A9049365F0E1DE206C41F22F1180
:10A6200060F04CDB2046012164F086DC20463E4988
:10A6300036225DF0F7D9D5F8C434204640F6F4113F
:10A640004FF480426BB113465DF0B4D9B5F858248D
:10A65000B5F856342046D31840F20C5140F2FF12A0
:10A660009BB25DF0A7D91E22304920465DF0DAD9B1
:10A67000204661F011D8204663F014DA99210122B6
:10A68000002320465DF068D996210222002320464F
:10A690005DF062D9A2210122002320465DF05CD941
:10A6A000A5214022002320465DF056D9A621012293
:10A6B000002320465DF050D9A1210122002320462D
:10A6C0005DF04AD930220023204602215DF044D9B2
:10A6D0006F2120464FF4005200235DF03DD94FF426
:10A6E0008052134620466F215DF036D9042213466E
:10A6F000204640F2D7415DF05DD940F2D7414FF49A
:10A7000070624FF4807320465DF054D9204662F0A9
:10A71000DBDB204640F275514FF4007200235DF000
:10A7200049D907B030BD00BFBE5A01002A5B010005
:10A73000F0B5072387B0066C02932023049301230E
:10A7400004460D460193304605AB4FF4007141F2CB
:10A750007332009360F08CDA002849D0D6F8B865DF
:10A76000074601460023B3422CBF9E46B64605EB82
:10A77000CE0292F803C015F83EE001334EEA4C5E7B
:10A7800092F802C052784EEA4C3E4EEA4212802BBA
:10A79000059241F8042BE6D18DE809006946C023F3
:10A7A0002046039365F01ADE0023B3422CBF1A46FD
:10A7B000324605EBC20210795179400240EA41402D
:10A7C000D179013340EA0102802B059247F8042B2E
:10A7D000EBD14FF4107320466946039365F0FEDD1C
:10A7E000236C41F29F31C3F8BC55206C60F066DAEF
:10A7F00007B0F0BDF0B5076C89B0002304460D46E4
:10A8000038464FF400714FF4965205930693079320
:10A8100060F02EDA0646002834D04DB9204605A94E
:10A8200006AA07AB5EF028DB03953746002510E04B
:10A8300097F83336002BF8D0B4F9283A0693B4F9D8
:10A840002A3A0793B4F92C3A05934FF430730393E3
:10A85000EBE705A928460EC964F0B0DE0135802D6E
:10A8600047F8040BF5D107230293204620236946BD
:10A8700004930096019565F0B1DD206C41F2DF2173
:10A8800060F01CDA09B0F0BD2DE9F047571A7E1CC4
:10A890001FFA86F94FEA89034FF6FC7186B0044629
:10A8A0001940006C41F6DE3260F0E2D9054600281E
:10A8B00071D010234FF0600ADFF8E0808DE80804C3
:10A8C00004AA022320460021CDF808805EF0CCD8EF
:10A8D000BDF81020BDF8123092059B059B0D920D1E
:10A8E00043EA8222C246002308E055F8231001F013
:10A8F0007F61114345F8231001339BB2BB42F4DD65
:10A9000020234FF4A0788DE80801DFF894802A46D0
:10A91000334620460721CDF808805EF0B3D8206C7E
:10A9200041F6F23160F0CAD94FEA49094FF6FE719B
:10A93000206C09EA010141F6F53260F099D905462B
:10A9400048B310234FF0620C8DE808102046012315
:10A9500000210DF11602CDF808A05EF085D8002385
:10A9600005E0BDF8162025F8132001339BB2BB4249
:10A97000F7DD10234FF4E07E8DE8084020460721E4
:10A980002A463346CDF808805EF07CD8206C41F62C
:10A99000024160F093D906B0BDE8F087CD21870071
:10A9A0006149870010B5044660F098D9204601221D
:10A9B00000234FF430615CF0FDDF204604220023C9
:10A9C0004FF430615CF0F6DF2046082200234FF49C
:10A9D00030615CF0EFDFF022204613464FF4306127
:10A9E0005CF0E8DF4FF47062204613464FF43061AC
:10A9F0005CF0E0DF204600234FF430614FF48052DA
:10AA00005CF0D8DF20460622042340F607315CF0D4
:10AA1000D1DF20463822082340F607315CF0CADF38
:10AA20002046002340F607314FF4E0725CF0C2DFAD
:10AA300020463022102340F60B315CF0BBDF402271
:10AA40002046134640F60B315CF0B4DF204640F65A
:10AA50000B314FF4F0624FF480635CF0ABDF2046C3
:10AA600040F60B314FF4F0424FF400535CF0A2DF9C
:10AA700094F8FC392046012B14BF4FF480534FF457
:10AA8000105340F60C314FF6FF725CF093DF204616
:10AA900040F60C314FF6FF724FF480535CF08ADFC2
:10AAA000204640F60D314FF6FF724FF450435CF0F4
:10AAB00081DF204640F60E314FF6FF724FF47843A7
:10AAC0005CF078DF2046102340F60F314FF6FF721E
:10AAD0005CF070DF20464FF431614FF6FF724FF4A7
:10AAE00078435CF067DF204640F611314FF6FF7285
:10AAF0004FF47D435CF05EDF20460F22002340F6DA
:10AB000012315CF057DF2046F022002340F612316C
:10AB10005CF050DF2046002340F612314FF47062A3
:10AB20005CF048DF20460F22002340F613315CF032
:10AB300041DF2046F022002340F613315CF03ADF7B
:10AB40002046002340F613314FF470625CF032DF90
:10AB500020460F22002340F614315CF02BDF204604
:10AB6000F022002340F614315CF024DF204640F64A
:10AB700014314FF4706200235CF01CDF20460F227A
:10AB800040F6153100235CF015DF2046F02200234B
:10AB900040F615315CF00EDF2046002340F61531FB
:10ABA0004FF470625CF006DF20460322012340F67A
:10ABB00016315CF0FFDE20460C22002340F61631F1
:10ABC0005CF0F8DE20463022102340F616315CF0AF
:10ABD000F1DE2046C022402340F616315CF0EADE6A
:10ABE0002046002340F616314FF440725CF0E2DE5E
:10ABF000204640F616314FF440624FF480635CF01B
:10AC0000D9DE20460322002340F617315CF0D2DE65
:10AC100020460C2240F617314FF6FC735CF0CADE7A
:10AC20002046302240F617314FF6F0735CF0C2DE5A
:10AC30002046C022002340F617315CF0BBDE2046E0
:10AC400040F617314FF440724FF47F435CF0B2DEB0
:10AC5000204640F617314FF440624FF47C435CF0DD
:10AC6000A9DE20460122002340F606315CF0A2DE78
:10AC70001F222046134640F605315CF09BDE4FF65E
:10AC8000FF722046134640F604315CF093DE4FF627
:10AC9000FF722046134640F608315CF08BDE2046FA
:10ACA00040F609314FF6FF7247F6FF735CF082DE23
:10ACB0002046082340F60A314FF6FF725CF07ADE38
:10ACC00020463F2340F602314FF6FF725CF072DE01
:10ACD0002046FF2340F603314FF6FF725CF06ADE38
:10ACE0000F222046134640F601315CF063DEF0226D
:10ACF0002046134640F601315CF05CDE012220461E
:10AD000013464FF430615CF055DEA36B2046D96EDC
:10AD1000BDE810405FF0029A2DE9F043044689B087
:10AD20000F469046006C4FF4806141F236629946BE
:10AD30005FF09EDF064600284ED0012213462046D3
:10AD400040F29C41C4F8D0705CF034DE20469DF89F
:10AD500040105FF041DB28222046394661F09CDF3D
:10AD6000B0F5807F054603D9206C41F2526131E095
:10AD7000204640F2D661032200235CF01BDE08224D
:10AD80001346204640F2DA615CF014DE2823424686
:10AD90008DE8280020463346394665F061D91523F1
:10ADA0000396059300262023204603A907930495C4
:10ADB000069665F013DB9DF8443020460193294642
:10ADC0004FF6FF723346CDF8009062F0F1DF206C51
:10ADD00041F266615FF072DF09B0BDE8F083000008
:10ADE0002DE9F04F00218FB0076C90F85250ADF86C
:10ADF0003210ADF834100446002109A80C22F7F3F4
:10AE000093F60023ADF8363097F8153613B197F85E
:10AE1000161601E097F81416D4F8DC002A465FF005
:10AE2000BDDC8046002800F06081204601215FF0F3
:10AE3000D3DAB8F8005045B12DB24FF47A726A43B4
:10AE40002046012163F098DE0125B8F8023063B195
:10AE50000135EDB21BB24FF47A725A4320462946AF
:10AE600063F08ADE012D0AD100E0DDB102230093F8
:10AE7000012100230193029320460A4608E00223A1
:10AE80000121009301930023029320460A460B46BA
:10AE900063F014DF204605214FF486720DF1320372
:10AEA00061F01CDE00252E46A94638F8051029B3AE
:10AEB00004200B238DE8090009B20DAA4FF4FA73A0
:10AEC000204661F07BDBBDF83420BDF832301C3AFF
:10AED000D21AB7F9181613B299420FDC0EA906233D
:10AEE00003FB061338F80510013623F8141C23F869
:10AEF000122C23F8100CB6B24FF001090235042DC4
:10AF0000D3D102230693102308930DF13603049343
:10AF100000250123204604A90593079562F094DEDD
:10AF200010238DE82800724B022102932046012352
:10AF30000DF1360201355DF0A5DD402DF0D1002583
:10AF4000204629462A462B4600950195029563F036
:10AF5000B5DEB9F1000F40F0B180C2E00EAB4FF0AA
:10AF6000060909FB053939F8148C0135EDB20FFAE1
:10AF700088FA4FF47A7202FB0AF22046294663F0FF
:10AF8000FBDDB7F91A2639F9123C9A4201DD00209F
:10AF900006E0B7F91C269A4201DD012000E00220FC
:10AFA0005FF0F4DB29460246204663F039DEBAF151
:10AFB000000FB8BFCAF1000A4FEA8A0A4FF0000931
:10AFC00040F271239A450ADD09F101095FFA89F916
:10AFD000AAF59C6AB9F1200FAAF1020AF0D10FFA82
:10AFE00088F3002BD8BFC9F100095FFA89F94FFA3D
:10AFF00089F34FEA48086FF41C7202FB0388002BA8
:10B00000B8BF5B42022B59DD4FF0000A00215046C9
:10B010005FF058DC0FFA88FB8BEAEB73A3EBEB7362
:10B02000984244D1012150465FF04CDC0221804619
:10B0300050465FF047DCBBF1000F82464FFA89F3C0
:10B040000ADA002BDBBF5FFA89FB0BF1400909F13B
:10B05000FF3B0BF13F0B09E0002BDBBF5FFA89FBE5
:10B060000BF1400909F1010B0BF1410B4FFA89F388
:10B07000204604A9079362F0E7DDBDF8363020468C
:10B08000984404A9ADF8368065F0A8D94FFA8BF33F
:10B09000204604A9079362F0D7DDBDF8363020467C
:10B0A0009A4404A9ADF836A065F098D906E00AF1F3
:10B0B000010A5FFA8AFABAF1060FA7D1B542FFF486
:10B0C0004DAF4FF00003012E0093019302932046F1
:10B0D0004FF0050101D1324601E00122134663F031
:10B0E000EDDD204600215FF077D90FB0BDE8F08F8D
:10B0F000614987002DE9F743904608220F461E4616
:10B1000040F6070113460446056CBDF828905CF034
:10B1100051DC01221346204640F607015CF04ADC70
:10B120004FF400521346204640F646015CF042DCE4
:10B13000204640F639013A465CF06EDC94F86D33F7
:10B14000204640F635010BB1802200E020225CF061
:10B1500063DC20464FF4046100225CF05DDC204695
:10B1600040F634017F2233465CF024DC20464FF465
:10B1700001614FF480434FF440425CF01BDC94F8D3
:10B180006D33204640F6360113B14FF4807200E073
:10B1900040225CF041DC204640F646010F220823A5
:10B1A0005CF008DC94F86D63204640F64601F0221E
:10B1B00056B190235CF0FEDB204640F646014FF48A
:10B1C00070624FF4106308E033465CF0F3DB204616
:10B1D00040F646014FF4706233465CF0EBDB2046EC
:10B1E00040F633017F2243465CF0E4DB4FEA09235B
:10B1F000204640F633014FF4FE4203F47F435CF0F7
:10B20000D9DB012620463B496422002300960196A3
:10B21000FFF782FD4FF480521346204640F6A511F9
:10B220005CF0C8DB3246334640F6881120465CF0BD
:10B23000C1DB4FF49670FCF37BF13246204640F6BA
:10B2400037015CF0E9DB44F6216602E00A20FCF3FA
:10B250006FF1204640F637015CF0CCDB30B1013EA7
:10B26000F4D103E00A20FCF363F101E044F6216627
:10B27000204640F637015CF0BDDB08B1013EF1D15C
:10B2800040F6370120465CF0B5DBC10705D594F8E0
:10B29000153343F0010384F815330023204640F6AC
:10B2A000A5114FF480525CF085DB20465FF09CD9FD
:10B2B0002046002340F2A66141F6FF725CF07ADB83
:10B2C000D4F88C312046B3F98C20B5F9043C40F613
:10B2D00009019A42B4BFB5F8065CB5F848554FF677
:10B2E0008072ED0105EA020303B0BDE8F0435CF0B3
:10B2F000619B00BFA0252600F0B54F4B91B00446DE
:10B3000002AA03F1200618685968154603C50833D8
:10B31000B3422A46F7D118689B882860AB80012386
:10B3200084F8263AA36B8E21186966F02BDE400064
:10B3300086B2972502E00A20FCF3FAF0A36B06F12F
:10B340007401186966F01EDE08B1013DF3D1A36BEC
:10B350004FF44271186966F015DEA36B074640F2A0
:10B360000A31186966F00EDEA36B05464FF443718F
:10B37000186966F007DEA36B064640F20E311869C5
:10B3800066F000DEBE1936042D1876190AD194F83D
:10B39000253A4FF67862ADF83820002B31D084F88A
:10B3A000266A2EE04FF48673ADF83C3006F58076C1
:10B3B0000023760A00930FAB360201930DAA0EAB61
:10B3C00020460CA90C965DF0BDDFBDF938201B4B63
:10B3D0009B1A002BB8BF5B42702B94F8EC2A02D862
:10B3E0005AB1282B09D94FF67863ADF8383094F864
:10B3F000253A13B1002384F8263A12B1002384F8C9
:10B40000EC3A236CBDF9381093F8353689100846AC
:10B410007BB14AB212F1560F0BDA12F1690F08DB59
:10B420006FF056039B1A10AA02EB430313F8380C73
:10B43000401840B211B0F0BD1839010078FEFFFF8E
:10B44000436C2DE9F041D3F82031044603F00103A9
:10B450000D4683F001061BB9836B186966F0B4DDF5
:10B460002046276C5EF0C2DF40F27F41A7F802045D
:10B470002046276C5CF0BEDAC005C00D4010A7F86E
:10B480000404226F41F6062313402BB944F62062D0
:10B49000102D08BFFA2200E0FA22A36BB821186928
:10B4A00066F07CDDA36B41F60627186966F098DD2F
:10B4B0002046FFF765F8236F1F407FB9A36B204636
:10B4C0001B6A0121C4F8D430D4F88C815FF00CD908
:10B4D000D4F88C31A8F88C00C3F88870082D01D0FE
:10B4E000E80606D503210A22204660F0B1D9082DCE
:10B4F00001D0A90604D5204664F0D0DC082D01D087
:10B500006A0604D5204662F071DE082D01D0EB05F5
:10B5100006D5236C93F8173613B12046FFF760FC6D
:10B52000204660F0BBDD2046FFF72AF8082D01D049
:10B5300028060BD5256C95F8643523B1204666F0B6
:10B54000F1DBC5F85405204665F074D820465CF060
:10B5500053DB1EB9A36B186966F036DD2046002167
:10B56000FFF748F9236C93F8333673B12046012175
:10B57000FFF740F9204640F237614FF440424FF464
:10B580000043BDE8F0415CF0159ABDE8F081816BA5
:10B59000D0F8D4300A6A10B59A42044601D3D31ABF
:10B5A00001E0DB439B18D4F82823934200D302BB6D
:10B5B0008A6E93421FD3D4F88C31D3F88830D3B934
:10B5C000012120465FF090D8D4F88C21B2F88C305D
:10B5D00019B28842CCBFC3EB0000C0EB030094F863
:10B5E000661300B2884208DAA36B9B6EC2F88830FB
:10B5F00001E0012010BD002010BD012010BD012080
:10B600007047000001290BD1012B09D8013B0649E5
:10B6100002EB830251F822305A1C03D0C018704745
:10B620000020704700207047745B0100142303FB67
:10B63000010070478369DA688A4218BFD960704791
:10B6400038B504462569006835B105F5077115F070
:10B6500031DC2846FCF390F2E06C0025256108B14E
:10B66000FCF38AF2E56438BDF8B5846905460668DE
:10B67000E06A08B1FCF380F2E969B068002708F0DD
:10B6800081DD00212846FFF7D5FF284684F83D706C
:10B69000FFF7D6FF304623F0F9D827826762A7620A
:10B6A000E7622783F8BD10B550B1D0F8400238B139
:10B6B000072905D83C2404FB01018858C3188B5086
:10B6C00010BD2DE9F0410C4616460546002831D044
:10B6D000D0F84032002B2DD03C2202FB013318223F
:10B6E0001F6A3346FFF7DFFF284621461C2201234D
:10B6F000FFF7D9FFBE422846214601D2242214E09A
:10B70000B6EB470F01D228220FE0B6EB870F01D22C
:10B710002C220AE0B6EBC70F01D2302205E0B6EBCF
:10B72000071F01D2342200E038220123BDE8F04196
:10B73000FFF7B9BFBDE8F08173B504680325204663
:10B7400001214FF48062002300951DF099DA002159
:10B7500020460A46012300954DF084DB0026D4F8EC
:10B7600064329D599DB1AB798BB9D5F818315A6CBB
:10B7700022F001025A641A78012A01D15B7F33B1A9
:10B780002846002122F0BCDD284667F0B1DA0436F5
:10B79000202EE4D1204602B0BDE8704023F0769818
:10B7A000F8B5D0F8B0550446AE69F368002B30D038
:10B7B000012B30D028460121FFF73CFFA068E96942
:10B7C00008F0E0DC28B128460021FFF733FF01270D
:10B7D00000E00746338A83B1236A18695CF07CDB9A
:10B7E000338A834209D0204623F0E4DE2046318AA2
:10B7F00022F012DA20461BF08BD9D4F8B005FFF7FF
:10B800009BFF204624F0CED92846FFF72DFF38466F
:10B81000F8BD0120F8BD0020F8BDFFF7C1BF002032
:10B8200070472DE9F843DDF820800446D8F8007011
:10B830000E46154699460FB91FE01F463B68A3B157
:10B84000BCB12046F9683246F7F3D6F028B928464D
:10B8500079684A46F7F3D0F018B17B69002BECD138
:10B860000BE0C8F80070BDE8F8836FF00100BDE898
:10B87000F8836FF00100BDE8F883C8F800706FF03E
:10B880001D00BDE8F8831FB50C46416B81B104A8CB
:10B8900040F8041D009019461046BDF81C30069A69
:10B8A000FFF7BFFF30B92CB1039B1B68236001E099
:10B8B0004FF0FF3080B204B010BD10B50C4699B106
:10B8C0000B6863B10846F5F3CFF7E068FCF354F179
:10B8D0006068FCF351F100232360E360636020465D
:10B8E000BDE81040FCF348B110BD2DE9F84F476B9F
:10B8F00004460D4616469B46DDF828A0BDF82C9060
:10B90000002F33D0B1B9AAB930E07DB976B1BAF120
:10B91000000F0BD03046F9685A46F7F36DF028B99E
:10B92000504679684A46F7F367F050B17B691BB916
:10B93000BDE8F88FB84601E0B8461F46AF42E4D1F3
:10B94000A7B1636B39469F427B6908BF6363C8F840
:10B95000143023685868FFF7B0FF94F83030013B8B
:10B9600084F83030636B0BB984F83030BDE8F88F61
:10B9700010B5044605E04B69636323685868FFF718
:10B980009CFF616B0029F6D184F8301010BD2DE9C1
:10B99000FF471E460023039390F830300446102BD7
:10B9A00088461746DDF83090BDF8345009D9416B10
:10B9B00039B14A680B7C00920A890192CA68FFF784
:10B9C00094FF636B0393B8F1000F65D0002F63D031
:10B9D000B9F1000F60D003AB0093384631464A46B8
:10B9E0002B46FFF71EFF824628B9039B4146186885
:10B9F000F5F31EF755E01E3053D11820FCF3B0F0DC
:10BA0000824600284BD02069F5F3C0F6CAF8000042
:10BA1000B0B13046FCF3A4F0CAF80C0018B9504697
:10BA2000F5F322F70CE02846FCF39AF0CAF804007C
:10BA300050B95046F5F318F7DAF80C00FCF39CF017
:10BA40005046FCF399F02AE0636B2BB9012384F88C
:10BA50003030C4F834A007E094F83030013384F873
:10BA60003030039BC3F814A0DAF80C003946324694
:10BA7000CDF80CA0F6F3D4F7039B49461E74586822
:10BA80002A46F6F3CDF7039B41461D811868F5F36E
:10BA9000C1F64FF0000A04E06FF0010A01E06FF018
:10BAA0001A0A504604B0BDE8F087F8B51E461446A1
:10BAB0000D460CE0FEF7D8F8B04215D07A78931C0A
:10BAC0009C420ED9ED186FF001039B1AE41854B193
:10BAD00028462146FF22F7F321F407460028E9D142
:10BAE00002E0002700E027463846F8BD08B51146B9
:10BAF0001A464FF4AE73FFF7D8FF58B14378A3F15D
:10BB00002102D2B2202A04D8029A013B13700330DA
:10BB100008BD002008BD2DE9F0470468A0B0D0F8AA
:10BB20000480064602200F688946F4F761FA002572
:10BB300001212A4620238246606A1F95F1F3A2F56F
:10BB400001212A4620231D90606AF1F39BF5012113
:10BB50002A4620231E90606AF1F394F501212A46BB
:10BB600020231A90606AF1F38DF5202301212A46E3
:10BB70001B90606AF1F386F5143729461C905246F3
:10BB80000FA808F1E205F6F3CFF70622384629465A
:10BB9000F6F332F7002817A807DD39460622F6F338
:10BBA0003FF70DF16200294606E029460622F6F32A
:10BBB00037F70DF1620039460622F6F331F717AA7E
:10BBC00001920C22002307AD0FA9029220275246B2
:10BBD0000220009303950497F4F730FB1B98F2F3CF
:10BBE000ABF22A4601213B461A98F2F379F2A36997
:10BBF0001C9861691B9AF1F7C8FF1A981C9A0146B4
:10BC0000F1F7F6FF1A981B9A0146A3690836F1F777
:10BC10007AFF304698F81850F7F332F080B201906E
:10BC20001FA9204608F119022B460096FFF72BFEAC
:10BC300008B91F9BA3B11A99D9F8D4201F98F5F31E
:10BC400049F71DA91EAAD9F8D400F5F32BF61AA8B6
:10BC5000F1F356F61BA8F1F353F61CA8F1F350F6D6
:10BC600020B0BDE8F08770B5456892B00446002664
:10BC7000286801A9202211961BF0CEDB2023012188
:10BC800001AAD4F8C000F2F32BF2286809A92022F7
:10BC90001BF0C2DB686A012132462023F1F3F2F483
:10BCA000119000B3012109AA2023F2F319F26B6964
:10BCB000D4F8B800D4F8C010119AF1F724FFD4F8E2
:10BCC000DC201199D4F8D400F5F304F7D4F8DC00A3
:10BCD0000146F5F3B9F6D4F8DC0004F1C40104F12F
:10BCE000C802F5F3DFF511A8F1F30AF600212022CE
:10BCF00009A8F6F319F701A800212022F6F314F79A
:10BD000012B070BDF0B5C1B007AD0C461746114674
:10BD100028460222F6F384F601210DF11E022023AB
:10BD2000D4F8BC00F1F302F601210DF13E0220230C
:10BD3000D4F8CC00F1F3FAF501210DF15E022023D5
:10BD4000D4F8D000F1F3F2F501210DF17E022023A9
:10BD5000D4F8B800F1F3EAF501210DF19E02202399
:10BD6000D4F8C400F1F3E2F501210DF1BE02202365
:10BD7000D4F8C800F1F3DAF500238DE82800C222D8
:10BD80002025029238AE04F118012A4602200396BB
:10BD90000495F4F753FAB81C31462A46F6F32CF60C
:10BDA000D0F1010038BF002041B0F0BD30B590F8AF
:10BDB0008C318DB004460D68002B3FD0D0F8D400F4
:10BDC00008A909AAF5F36EF5202301216A4609980E
:10BDD000F1F3ACF5D4F87031E31893F893219DF8A2
:10BDE0001F305340D80724D501210022EB69686A2F
:10BDF000F1F348F4EB690A9001210022686AF1F33B
:10BE000041F401210B900A9A2869F5F3A9F6002361
:10BE10000B980A99099AF1F7B8FE08990B9AD4F889
:10BE2000D400F5F3D9F50AA8F1F36AF50BA8F1F3FC
:10BE300067F52046FFF717FF002501E04FF0FF35BB
:10BE4000E43404F1A000F1F35BF504F19C00F1F39C
:10BE500057F504F1A400F1F353F504F1AC00F5F348
:10BE600003F504F1B00000212022F6F35DF6284628
:10BE70000DB030BD2DE9FF410546006832F8066F70
:10BE80000C46D0F80080FFF73DFF002833D06968EA
:10BE9000A4F864608F7904F138068FB9D8F8D00619
:10BEA0003246202376F0ACDC2368696814338DE8D1
:10BEB00088003246D8F8D006202376F0B5DB17E0AC
:10BEC0001023009323684FF480271433019308460E
:10BED0002022314604F10803029750F095DE48B95C
:10BEE0002168686814313A46D5F88C30FDF72EFF8A
:10BEF000012000E0002004B0BDE8F0812DE9FF4101
:10BF0000D688B1F8643005460068B3420C46D0F8D4
:10BF100000803BD84FF6FF739E4237D00632FFF7C2
:10BF2000F1FE002833D06968A4F864608F7904F1C9
:10BF300038068FB9D8F8D0063246202376F060DC78
:10BF40002368696814338DE888003246D8F8D00633
:10BF5000202376F069DB17E01023009323684FF469
:10BF600080271433019308462022314604F1080348
:10BF7000029750F049DE48B92168686814313A46A2
:10BF8000D5F88C30FDF7E2FE012000E0002004B07F
:10BF9000BDE8F08173B5002304460B990068019356
:10BFA0001646089D41F01CDB079B032B04D901A812
:10BFB00006990422F6F334F50C3E032E1CD8DFE874
:10BFC00006F00A0F0204A36A08E0019B5A1E272A02
:10BFD00015D8A3620EE0E36AC3F340032B6009E0C7
:10BFE0000198E36A18B923F00203E36209E043F021
:10BFF0000203E362002004E06FF0160001E06FF03E
:10C0000001007CBDF8B5876805464FF4E0700E4628
:10C01000FBF3A6F50446002878D000214FF4E07227
:10C02000F6F382F5266065600023F451686AA4F88F
:10C03000AC30012100222023F1F324F3C4F8BC002A
:10C04000002866D0686A012100222023F1F31AF348
:10C05000C4F8B80000285CD0686A012100222023BF
:10C06000F1F310F3C4F8CC00002852D0686A012123
:10C0700000222023F1F306F3C4F8D000002848D0B2
:10C08000686A012100222023F1F3FCF2C4F8C00009
:10C0900000283ED02869F5F379F3C4F8D4000028CD
:10C0A00037D02869F5F372F3C4F8D800002830D0EF
:10C0B0002869F5F36BF3C4F8DC0050B31323A4F83C
:10C0C00066302B68174998683246002308F0DED89E
:10C0D0002B68A066144998683246002308F0D6D829
:10C0E0002B68C4F8B000114998683246002308F064
:10C0F000CDD82B68C4F8B4000D49986832460023A7
:10C1000008F0C4D8C4F8E000002408E06FF01A0476
:10C1100001E04FF0FF34284631466DF0D5DC204673
:10C12000F8BD00BF85D1870079D187000DD1870088
:10C130005DDF8700F8B547680646CD590C46DDB18E
:10C14000436B0BB1FFF714FCD5F89C1049B1336871
:10C15000986808F017D83368D5F89C10986808F0EC
:10C160007DD8D4F8243413B120464FF02FDA284676
:10C17000FBF302F50023E351F8BD00002DE9F04187
:10C18000D0F89830D0F89010013344688B4225687D
:10C190008EB00246C0F8983009D1D0F894307BB107
:10C1A000D2F89C104FF47A72A8685A4304E007D280
:10C1B000D2F89C10A868214A002307F0BDDF39E0BF
:10C1C000D5F8D006214675F037DF237A002B31D021
:10C1D000D4F80801F7F314F3074658BB227E04F1A4
:10C1E000DC080EAE04F1190106A846F8242DF6F37A
:10C1F00017F421464246284671F068D804F1E2035C
:10C200000193022302460293214643462846CDF875
:10C21000008020F0F5DC3946204639F0C9D92146A6
:10C22000284640F059DF28461A2132462423009739
:10C23000F6F76EFA0EB0BDE8F08100BF80EE360072
:10C240002DE9F04F0D68ADB004460121A86922AA7E
:10C250002023D5F800B0F1F369F34FF0080AD4F8C1
:10C26000683194F86C11E21804F1E40682F8E310E6
:10C2700006F18C020C210DF16809019206F1900083
:10C280003246CDF80090F9F343F2D4F870114048EB
:10C290000591F6F3F5F422AA03464FF02008009228
:10C2A00006AF05993A4A4846CDF804800297CDF882
:10C2B0000C80F9F307F201213A464346D4F888018D
:10C2C000F1F30EF758466EF017DAD4F88801A96931
:10C2D000F1F39CF2002836DAD4F88431CDF808B0B6
:10C2E00000932C4BD4F8881101932869D4F890213D
:10C2F000D4F88031F5F3E8F228BB94F88C3113BB05
:10C300002869D4F89011F5F3C7F4E0B1012384F85B
:10C310008C314946D4F8702106F1B000F6F380F371
:10C32000D4F890012AA92BAAF5F3BCF22A992B9AEA
:10C33000D4F8D400F5F350F3D4F8682128683146D6
:10C34000013A1BF069D894F86C310133DBB284F800
:10C350006C31AA6A934207D80AF1FF3A5FFA8AFA67
:10C36000BAF1000F7FF47BAF0021502206A8F6F34C
:10C37000DBF3002120221AA8F6F3D6F394F86C011F
:10C38000AB6A984234BF002001202DB0BDE8F08F89
:10C3900062E6890075EA87002DE9F04F4368CFB067
:10C3A000CB58044603F1080948468846F6F368F47A
:10C3B00007460220F3F71CFE00234EA941F8043D76
:10C3C000BBB208F1190207930692079A83460192BD
:10C3D00098F818302046069ACDF80090FFF753FAE7
:10C3E00018B94D9B002B40F00A8101210022202327
:10C3F000606AF1F347F10121002220234290606A34
:10C40000F1F340F10121002220234390606AF1F30F
:10C4100039F10121002220234490606AF1F332F1C6
:10C420000121002220234590606AF1F32BF10121C4
:10C43000002220234690606AF1F324F101210022BA
:10C44000E3694790606AF1F31DF1052102464990C6
:10C450002069F5F385F3E36901210022606AF1F3B5
:10C4600011F10421024648902069F5F379F320691F
:10C47000F5F38CF14A902069F5F388F14B9020692F
:10C48000F5F384F108AD002180224C902846F6F3A4
:10C490004BF33A4628464946F6F3C2F20121002200
:10C4A0003023606AF1F3EEF0012100223023409046
:10C4B000606AF1F3E7F0002633460DF1E00A41909F
:10C4C00098F818200195022028AD06990297009649
:10C4D000CDF80CA0CDF810B0F3F7B0FE3022314605
:10C4E0002846F6F321F34748F6F3CAF3454B3027C5
:10C4F00000930190514602205A4633460295039715
:10C50000F3F7BCFE01213B462A464098F1F3E8F5DB
:10C510004098A2690146F1F76BFB429B4899009352
:10C52000439B499A01934098A369F1F779FF429997
:10C53000439A4B98F5F350F231463A462846F6F3C3
:10C54000F3F23148F6F39CF32F4B019000935146E0
:10C550005A463346022002950397F3F78FFE3B4677
:10C5600001212A464198F1F3BBF54198A2690146A1
:10C57000F1F73EFB449B48990093459B499A0193F0
:10C580004198A369F1F74CFF4499459A4C98F5F30B
:10C5900023F24C994A9A4B98F5F3A2F0079A98F82F
:10C5A000183001924A99069A2046CDF80090FFF77C
:10C5B000EEF946A947AA4A98F5F374F142A8F1F3B7
:10C5C0009FF143A8F1F39CF144A8F1F399F145A838
:10C5D000F1F396F148A8F1F393F149A8F1F390F142
:10C5E00040A8F1F38DF141A8F1F38AF14BA8F5F3DE
:10C5F0003BF14CA8F5F338F14AA8F5F335F14FB00B
:10C60000BDE8F08FB85B0100D25B0100C06A00F0AA
:10C610000100704721B18368CB5893F8BC01704783
:10C62000084670472DE9FF41476804460023D0F8CB
:10C63000008038460E46A2F168050393FFF7E6FF37
:10C6400090B138464146FFF7E5FF68B103AB009370
:10C6500021462B46386806F16002FFF747FA039D32
:10C66000014610B99DB100E03146A5F12003202B11
:10C670000DD8B4F8AC309D4209D104F16C002A46C3
:10C68000F6F3BAF1002814BF0520002000E00520D1
:10C6900004B0BDE8F08100002DE9F0419846B8B043
:10C6A0000023359336937F4B07460C4630AE03F19B
:10C6B000100E18685968354603C5083373452E4671
:10C6C000F7D13D680121202302F10806686A0022A3
:10C6D000F0F3D8F735902869F5F358F0B8F1680F02
:10C6E000369015D97B689B79002B00F0B9802846DD
:10C6F000FFF78CFF20B128462168FFF78BFF48B970
:10C70000A8F168081FFA88F8A4F8AC80464401E054
:10C7100040F0A880D4F8BC00012132462023F1F378
:10C72000DFF4D4F8BC00F1F3F9F2002840F09C806B
:10C73000D4F8BC006969F1F369F0002880F29480B4
:10C74000012106F120022023D4F8CC00F1F3C8F433
:10C750000121D4F8D00006F140022023F1F3C0F407
:10C76000D4F8BC00D4F8B810F1F350F070B9D4F894
:10C77000CC00D4F8C410F1F349F038B9D4F8D000A3
:10C78000D4F8C810F1F342F000286FD0D4F8D800E4
:10C79000D4F8CC10D4F8D020F5F31EF1002867D0DF
:10C7A000D4F8BC10D4F8D400369AF5F393F1369847
:10C7B000D4F8D8100246F4F393F73698D4F8C010A2
:10C7C000024620AEF5F386F1369834A90022F5F33F
:10C7D00069F03246202301213498F1F3A7F00021BB
:10C7E000202228A8F6F3A0F1202137AB324618AF5B
:10C7F000019328A80B460097F8F38AF7D4F8B810ED
:10C80000D4F8BC206B693598F1F77DF920233246C6
:10C8100001213598F1F38AF03146102204F1080025
:10C82000F6F3FEF030A8F6F32BF220254022034663
:10C830000096039204AE294630AA38460195029626
:10C84000F8F340F704F1180031462A46F6F3E8F011
:10C8500004F138000CA92A46F6F3E2F0002408E0BF
:10C86000FF2406E0042404E0032402E0012400E0A5
:10C87000022435A8F1F344F036A8F4F3F5F70021CB
:10C88000202218A8F6F350F10021502204A8F6F354
:10C890004BF120A800212022F6F346F1204638B0C3
:10C8A000BDE8F081FEE589002DE9F04F1D46836863
:10C8B00089B0EF5843688046CB580E460793184618
:10C8C00091463946129A139BFFF7E6FE0328044669
:10C8D00001D1009005E0022801D0042816D10323DD
:10C8E0000093012301930293002303930493D6F84A
:10C8F00008313046B3F8623005F11401C3F3401338
:10C9000005934A462B46F7F70BFB65E0012862D0FA
:10C91000002861D1B7F8623040460133A7F8623091
:10C92000FFF774FE40B140462946FFF773FE00282A
:10C9300014BF7E20002000E0204601234FF0000AB3
:10C940004FF0030B0193D6F80831CDF800B00290F8
:10C95000CDF80CA0CDF810A0B3F8623005F1140C9E
:10C96000C3F34013614605934A462B463046CDF843
:10C9700018C0F7F7D5FACDF800B0D6F808314FF067
:10C98000020BCDF804B0CDF808A0CDF80CA0CDF87E
:10C9900010A0B3F86230DDF818C0C3F3401361464D
:10C9A00005934A462B463046F7F7BAFAD9F80030D5
:10C9B000B96EC7F85930B9F80430A7F85D30D8F827
:10C9C00000309868079BD3F88820534607F0B4DB03
:10C9D00087F858B000E0FF24204609B0BDE8F08F8A
:10C9E0002DE9F04FD0F804A087B09AF8063005463C
:10C9F0000C4693460768D1F8009043B390F8A930ED
:10CA000013B1013B80F8A930D4F8B4313846009313
:10CA1000D4F8B831514601935A464B46FFF744FFCC
:10CA20000646D4F8B40168B10021D4F8B821F6F371
:10CA30007BF0D4F8B401FBF39FF00023C4F8B431C9
:10CA4000C4F8B831002E14BF022000202DE0384673
:10CA5000FFF7DCFD38B138464946FFF7DBFD00281B
:10CA600014BF7E20002003234FF001088DE8080149
:10CA70000026029003960496DAF8083109F11401B1
:10CA8000B3F862305A46C3F34013059350464B4601
:10CA9000F7F746FA3B68A16E9868D5F888203346C8
:10CAA00007F04ADB84F85880304607B0BDE8F08FC5
:10CAB000052B10B503D1BDE81040FFF791BF4368C7
:10CAC0009B792BB190F8A93013B1013B80F8A930C4
:10CAD000022010BD2DE9F0419846436805469B7938
:10CAE0000C461646069F8BB190F8A930013380F8AA
:10CAF000A9303846FBF334F0C4F8B401002834D030
:10CB000041463A46F5F38CF7C4F8B8710023A4F80F
:10CB10006030A4F86230A4F864303368C4F8593047
:10CB2000B388A4F85D302868FFF770FD90B12868DD
:10CB30002168FFF76FFD68B121462846FEF7EBFF3D
:10CB40002046FFF790F8284621463246BDE8F041DE
:10CB5000FFF746BF204629466CF04EDD20B904237E
:10CB600084F85830BDE8F0810220BDE8F0812DE95D
:10CB7000F04387B015460F9A0646012A0C461F4619
:10CB8000DDF83880D0F804C0D1F8009059D19B88E6
:10CB9000072D8CBFFA88FF220BB17E2B59D10021C3
:10CBA0007E2B84F8BC1103D1012384F8BC3104E04E
:10CBB0001BB96368DB6A98074BD5132A16D003218B
:10CBC00001224D238DE80E00002303930493DCF82B
:10CBD00008316046B3F8623009F11401C3F3401321
:10CBE000059342464B46F7F79BF932E096F8A800CA
:10CBF00007F1080196F8A99040B9012386F8A830FA
:10CC0000B9F1000F28D1682D0AD904E0B9F1000F5D
:10CC100012D1682D0AD920462A466DF00FDAD8B90C
:10CC20000E953046214642463B460DE030462146B1
:10CC30006DF042D848460FE0304621466DF03CD8B2
:10CC400009E042B90E95424607B0BDE8F043FFF750
:10CC500041BF022000E0002007B0BDE8F0832DE9CD
:10CC6000FF4105680C46A3F10807D1F80080A4F83D
:10CC7000AC7000212846039102F10806FFF7C6FCBC
:10CC8000A0B128464146FFF7C5FC78B103AB00933D
:10CC900032463B4628682146FEF728FFBDF80C3097
:10CCA0000646A4F8AC3018B913B90FE0A4F8AC707C
:10CCB000B4F8AC20A2F120039BB2202B06D804F1DB
:10CCC0006C003146F5F3ACF6002001E04FF0FF3088
:10CCD00004B0BDE8F0812DE9F04F90E8C00089B0C4
:10CCE0000792139A8046012A0C469A46DDF848B00E
:10CCF0000D6840F0AC803368896E986807F042DABE
:10CD000004F16C030021402218460693F5F30CF75A
:10CD10000021A4F8AC100799BAF8042007298CBFA9
:10CD2000BAF80610FF214C2A069B3CD14FF00009AF
:10CD3000184649464022A4F86090F5F3F5F6A4F8A9
:10CD4000AC90404621465246079BFFF788FF30468D
:10CD5000FFF75CFC78B130462946FFF75BFC50B129
:10CD6000032201234FF07E0C8DE80C10CDF80C90BF
:10CD7000CDF8109008E003234FF0010E8DE8084035
:10CD80000023029303930493D7F808313846B3F88D
:10CD9000623005F11401C3F3401305935A462B4644
:10CDA000F7F7BEF849E04D2A04D1B4F866308B425B
:10CDB00018D042E00AB17E2A3FD113290ED1079A3A
:10CDC0003046019239465A462B46CDF800A06CF009
:10CDD000D5DF002814BF0220002076E0B4F86030D0
:10CDE000052B01D900233BE0032201234FF04D091D
:10CDF0008DE80C024FF00009CDF80C90CDF81090A2
:10CE0000D7F8083105F11401B3F862305A46C3F37C
:10CE10004013059338462B46F7F782F8B4F8603094
:10CE2000A16E0133A4F860303368D8F88820986880
:10CE30004B4607F081D9484647E03368A16E9868B1
:10CE4000D8F88820002307F077D900203DE0931E12
:10CE5000012B4FF0000337D8B1F86010052903D932
:10CE600084F85830022030E0032A09D132680131B9
:10CE7000A4F860109068A16ED8F8882007F05CD9FB
:10CE80003046FFF7C3FB38B130462946FFF7C2FBF7
:10CE9000002814BF7E200020032301248DE8180001
:10CEA0000024029003940494D7F808313846B3F86C
:10CEB000623005F11401C3F3401305935A462B4623
:10CEC000F7F72EF8204600E0184609B0BDE8F08FCD
:10CED0002DE9F3470B6882685B680646D3F808A023
:10CEE000D3F80490B3F810801B680D46032B5AF852
:10CEF0000240DAF810701DD1FFF788FBD0B1304640
:10CF00005146FFF787FBA8B1B4F8AC3093B1B9F143
:10CF1000010F0FD1B8F14C0F01D0BA7952B9AA69FB
:10CF2000FF2000925D2104F16C02DBB2F1F70EFDEF
:10CF3000002001E06FF01600BDE8FC872DE9F84302
:10CF40000B6882685B680446D3F808905F681E8AA5
:10CF50001B6859F80280032BD9F8105013D1FFF742
:10CF600055FBA0B120464946FFF754FB78B1B8F80D
:10CF7000AC0060B1012F06D14C2E01D0AB792BB99A
:10CF80000330BDE8F8830020BDE8F8830020BDE849
:10CF9000F8832DE9F04F0B6882685B68B9B0D3F86D
:10CFA00008805E681F8A1B688146032B58F8024080
:10CFB000D8F810A08D69D1F81CB040F09F80012EE8
:10CFC00048D137B1A7F14C039BB2012B01D97E2F79
:10CFD0000FD1B4F8663038A9284621F8043D022262
:10CFE000F5F31EF502350FB17E2F02D19AF8063007
:10CFF0000BB14C2F13D14846FFF708FB20B1484630
:10D000004146FFF707FB50B9B4F8AC203AB12846C7
:10D0100004F16C01F5F304F5B4F8AC30ED180FB180
:10D020007E2F6ED101212A462023D4F8B800F0F3D8
:10D030007DF4012105F120022023D4F8C400F0F38F
:10D0400075F4D4F8C800012105F140022023F0F363
:10D050006DF456E0022E54D1B4F8623038A921F8AC
:10D06000023D28463246F5F3DBF4BDF8DE3038AF3A
:10D0700027F8C83D01210DF11A022023D4F8B80089
:10D08000F0F354F401210DF13A022023D4F8C40046
:10D09000F0F34CF401210DF15A022023D4F8C8001A
:10D0A000F0F344F401210DF17A022023D4F8BC00FE
:10D0B000F0F33CF401210DF19A022023D4F8CC00C6
:10D0C000F0F334F401210DF1BA022023D4F8D0009A
:10D0D000F0F32CF44FF00008C223029302353046DF
:10D0E00004F1180120224346CDF8008001970395F2
:10D0F000CDF810B0F3F7A2F8404603E06FF0160049
:10D1000000E0002039B0BDE8F08FF8B50B680446A8
:10D110005A68836896685168F558138A12683769A7
:10D12000032A2DD1012926D10BB17E2B12D1BB7937
:10D130006BB92046FFF76AFA20B120463146FFF767
:10D1400069FA20B9B5F8AC0008B1023000E002205D
:10D150006030F8BD4D2B15D04C2B11D1FFF756FA8E
:10D1600020B120463146FFF755FA58B9B5F8AC0062
:10D1700050B10230F8BD02290CBF22200020F8BDBA
:10D180000020F8BD0220F8BD0220F8BD19B1836867
:10D19000CB5883F8BC21704770B50C680D46064625
:10D1A000102208460021F5F3BFF42C602046002130
:10D1B000F268F5F3B9F404F52473C4F8EC3004F51F
:10D1C0002C732560C4F8243170BD2DE9F0470D465D
:10D1D00098462B68BDF82060099C0768896B95F814
:10D1E0002CC073B193F8009093F801A049EA0A2982
:10D1F000A5F81C9093F81690DB7D49EA0323A5F867
:10D200007E303B68B5F81C9093F8D130002B5AD192
:10D2100097F92735B3F1FF3F03D190F8A43313B149
:10D2200051E0012B4FD0C9F38027B5F87E9019F05B
:10D230000F0901D127B987E027B94FF0010904E0B0
:10D24000012702E04FF000094F460123002204F5B8
:10D25000227004F5237176F017DAD4F888329845F5
:10D2600005D1D4F88C32F31A18BF012300E0012352
:10D270003FB933B1C4F88872C4F88C72A4F88672CE
:10D280005CE0B9F1000F08D00020C4F88802C4F8AF
:10D290008C02A4F88602BDE8F087B5F87E50C4F889
:10D2A0008882C4F88C62A4F886524846BDE8F087AC
:10D2B00006D18F88B74294BF0027012700E00127DD
:10D2C000F8B2BDE8F087BCF1000F13D04B6B03EB55
:10D2D000C20153F83230984506D307D18888B0424E
:10D2E00094BF0026012602E0012600E00026F0B2ED
:10D2F000BDE8F087D1F8E03052019A1813699845DB
:10D300001CD302D1938AB3421BD89369984506D3A4
:10D3100007D1908BB04234BF0020012002E00120F1
:10D3200000E0002070B106F07F06F308D05C06F044
:10D330000706304100F00100BDE8F0870120BDE89C
:10D34000F0870120BDE8F0874B6B03EBC20153F877
:10D3500032309845ACD2B2E72DE9F04F1C4693F835
:10D3600060B05F68D368ADF5117D064605919146C2
:10D37000156933B11B7A0B2B03D13B7803F0010302
:10D3800001E0FB789B09E36394F82C304946009355
:10D3900030462A46E36B4FF023DB0146A06320B101
:10D3A0002A6D40F2371313402BB9304621464A46C6
:10D3B00071F002DAE2E090F90E2090F90F30D31804
:10D3C000A2689A42C0F0DA80A269138A13F0080FAB
:10D3D0000DD0007A0B280AD196F8DC0538B188798F
:10D3E000032804D823F008031B041B0C13820B7AB8
:10D3F000042B59D00B2B00F0AE80022B40F0C080E4
:10D40000BB7897F800A097F8068043EA0A2A7B7950
:10D410004FEA084848EA03283B7948EA0308FB79C1
:10D42000A76E48EA036817F0010740F0AC80284671
:10D4300021465A464346CDF800A0CDF80490FFF7A8
:10D44000C4FE002800F09F80AB79002B40F067827B
:10D450003368D3F88830D3F8DC210132C3F8DC21FB
:10D4600094F82C2022B1D3F8B4220132C3F8B422AC
:10D47000D3F8E8210132C3F8E821D5F8183193F840
:10D4800034301BB12846002165F0E0DB94F82C70A5
:10D49000002F00F044823368D3F88830D3F8C022DC
:10D4A0000132C3F8C02269E03B7897F801A097F8F1
:10D4B000068043EA0A2AFB794FEA084848EA0368EB
:10D4C0003B7948EA03087B7948EA03282B7C13B9A7
:10D4D000EB6DDB0757D4A76E17F0010753D1284631
:10D4E00021465A464346CDF800A0CDF80490FFF7F8
:10D4F0006CFE002847D0AB79002B40F010823368D7
:10D50000D3F88830D3F8DC210132C3F8DC2194F859
:10D510002C2022B1D3F8B4220132C3F8B422D3F8BC
:10D52000F0210132C3F8F021D5F8183193F83430E6
:10D530001BB12846002165F089DB94F82C70002F80
:10D5400000F0ED813368D3F88830D3F8C822013277
:10D55000C3F8C82212E00237C83110223846F5F36A
:10D5600083F500280CDA8D4839461022F5F3ECF6E5
:10D57000A16B8B48C8311022F5F3E6F60027CEE107
:10D580004FF00008C24696F8B03293B92B6D1F07D2
:10D590000FD4A06B037A022B02D1F6F331F140B91C
:10D5A00063699B69980004D4A3691B8A190700F179
:10D5B000FB8063699B695A06E0D4A3691A8A42F02A
:10D5C00008021A82A16B0B7A013B0A2B00F2CE8073
:10D5D000DFE813F035000B0035006C00CC00CC0008
:10D5E000CC00CC00CC00CC00AE000846F6F308F12D
:10D5F00008B12B7C4BB1A36BD3F88820904504D89D
:10D600000FD093F88C205A450BD0A16B226804F1FF
:10D610004007384614310A32434601F0C3D9E76562
:10D6200001E06433E365A16B04F14A073846143125
:10D63000E26D534601F080DA3846102110E061684F
:10D64000032284A8F5F3ECF1A36B84A803F1140181
:10D650001A690330F5F3E4F1A36B84A81969033167
:10D6600007AAFBF38DF1A36B606893F90E30A168F4
:10D67000C018C91A07AAFBF3A5F1A36B606893F958
:10D680000E30A168C018C91A4FF0FF32F6F3F4F05B
:10D69000444BA2699842138A04D123F010031B045F
:10D6A0001B0C01E043F0100313827DE06368DF7818
:10D6B00017F020071FD00A6948A81431D200FBF3E5
:10D6C00003F6002321686269484670F0A5DC002754
:10D6D000A36B01900097196948A82368E268EEF3EC
:10D6E000C7F3831C05D1A3691A8A42F010021A827B
:10D6F0005AE0013058D13368D3F88830D3F8DC21B0
:10D700000132C3F8DC21D3F8F4210132C3F8F4214B
:10D7100094F82C20002A00F0FF80D3F8B4220132C4
:10D72000C3F8B422D3F8CC220132C3F8CC22F6E0FD
:10D7300001F11400E2682431236800F0F9DF0028C9
:10D740007FF41CAFA26BD2F8D8300133C2F8D830C6
:10D7500033F07C4328D1F2220192D6F89401294675
:10D7600009F11402009376F05DDE1DE0AF79002F21
:10D770007FF404AF3368D3F88830D3F8DC2101326A
:10D78000C3F8DC2194F82C20002A00F0C580D3F8DF
:10D79000B4220132C3F8B422C1E000BFA2ED890077
:10D7A000A8ED8900E320BBDEA36B616893F90E202E
:10D7B0008A18626093F90E1093F90F208A18A168F5
:10D7C0008A1AA26093F90E1093F90F208A18216922
:10D7D0008A1A2261A269128A02F01802182A64D1F8
:10D7E000AB79002B7FF4CAAE95F9442000930193E6
:10D7F000029330463123D5F8081170F0A7DA336868
:10D80000D3F88830D3F8DC210132C3F8DC21D3F817
:10D81000EC210132C3F8EC21D3F8F4210132C3F832
:10D82000F42194F82C2072B1D3F8B4220132C3F859
:10D83000B422D3F8C4220132C3F8C422D3F8CC22D4
:10D840000132C3F8CC22A26B127A022A05D0032A35
:10D8500012D0012A7FF492AE0EE0D3F808220132F2
:10D86000C3F8082294F82C70002F58D0D3F8E02287
:10D870000132C3F8E02281E6D3F800220132C3F876
:10D880000022D3F8FC210132C3F8FC2194F82C705B
:10D89000002F44D0D3F8D8220132C3F8D822D3F8CD
:10D8A000D4220132C3F8D42268E661698A89E26031
:10D8B00094F82D209AB993F90F20059892B2FAF3B3
:10D8C00029F16369DA89900402D5B3F850308BB935
:10D8D000A36BE26893F90F30D31AE3600AE005986E
:10D8E000F6F3F4F0A36B014693F90F20059892B27A
:10D8F000FAF310F1A36BC4F86480A4F862A01B7A59
:10D90000042B01D0022B09D1A36ED90706D43046CF
:10D91000214670F09DDF01E0174600E00127384600
:10D920000DF5117DBDE8F08F2DE9F341099F00232E
:10D930000D9904469046089E0A9D009301933FF07E
:10D940004FDE032F0BD9042268463146F5F368F009
:10D95000072F04D901A8311D0422F5F361F0A8F1C5
:10D960004C08B8F1050F2AD8DFE808F00A03160FB3
:10D97000231BD4F88434BDF80020A3F8922016E0CD
:10D98000D4F88434B3F8923017E0D4F88434BDF876
:10D990000020A3F896200AE0D4F88434B3F8963037
:10D9A0000BE0D4F88434BDF80020A3F89E200020BA
:10D9B00007E0D4F88434B3F89E302B60F7E76FF0BB
:10D9C0001600BDE8FC81D0F884242DE9F843B2F8B4
:10D9D000928004464145D4BF00200120B2F84A504D
:10D9E000B2F89690B2F89460B2F898C010B1C8EB53
:10D9F000010701E0C1EB0807B2F89030BFB2002B7D
:10DA000075D0BCF1010FADB2334607D1002851D01B
:10DA10002BB203FB08F393FBF1F346E0BCF1020FDA
:10DA20002BD131B2B8B10FFA89F3994203D1042353
:10DA3000A2F8983062E0132F02D9A6F1140339E05E
:10DA4000092F02D9A6F10A0334E0042F01D9731F6C
:10DA500030E0B31E2EE00FFA85F841451DD0132F9C
:10DA600002D906F1140325E0092F02D906F10A03B1
:10DA700020E0052F1CD9731D1CE0BCF1040F39D127
:10DA800033B238B10FFA89F18B4237D0052F38D92C
:10DA9000731F0AE029B28B4204D10123A2F8983007
:10DAA000BDE8F883052F2DD9731D4FF0020C01E05E
:10DAB0004FF0040C1BB229B28B4204DC0FFA89F53B
:10DAC000AB42A8BF1D462368A2F89450A2F898C0A4
:10DAD0002DB22946012220461B7E72F0B1DC23685C
:10DAE0002046294600221B7E72F0AADC06E018467A
:10DAF000BDE8F8834FF0FF30BDE8F8830020BDE8B3
:10DB0000F8830020BDE8F883D0F8843413B5B3F867
:10DB1000902004466AB1036A0DF1060118695BF0B2
:10DB2000BFD980B12046BDF906100122FFF74BFF97
:10DB300009E06421012372F083DC01222046642184
:10DB4000134672F07DDC1CBD08B5036AD3F8D8001B
:10DB500079B143784A789A4208D102300231F4F31D
:10DB60004BF7D0F1010038BF002000E00020C0B228
:10DB700008BD084608BD2DE9FF4799464369D0F81E
:10DB8000208082461B680446174602695AF8180B23
:10DB90000E464146D55801F055FA21692068524693
:10DBA0006FF096DC0123C8F800302B680146023B79
:10DBB000012B03D82369DB6DC8F8D0300C9B20689B
:10DBC0000293424633468DE8800201F058FA48B18C
:10DBD0002B68022B05D1636AD888003018BF01205A
:10DBE00000E0012004B0BDE8F0872DE9F04FC368E4
:10DBF000044600F1180799B01646056A8A4600687F
:10DC000021693A4603936FF063DC013E0290062ED1
:10DC100000F23881DFE816F007003601BC0036015B
:10DC2000DB003601FF00EE68002E00F02C81D5F8F5
:10DC3000D03013F4804B0CD023682169D3F8D4067C
:10DC40000368CB581B781BB14AF04ADB834600E0DF
:10DC50009B46636893F86231A3B1D5F8D000F0F722
:10DC60008BFE88B12368D3F86008FEF7CFFC58B16B
:10DC700023680299D3F86008FEF7CCFC20B1B5F810
:10DC8000DC8002E0984600E08046B5F806C02068D7
:10DC9000DC44C4441FFA8CFC0CF1710321693A4640
:10DCA0009BB2CDF804C077F07BD9DDF804C00646FE
:10DCB000002800F0E8800CF15F0CD0F808901FFA03
:10DCC0008CFC4FEA1C2343EA0C2C09F11207A9F83B
:10DCD00010C000215F223846F4F326F74AF484731B
:10DCE0001A0A89F8132089F814302B8B05F13C01AE
:10DCF0001A0A89F8152089F81630202209F11F0028
:10DD0000F4F38EF6EA8809F171009344D8441FFABF
:10DD100088F84FEA182343EA0828A9F86F80E968D1
:10DD2000F4F37EF6636893F86231F3B1D5F8D0006E
:10DD3000F0F722FEC8B12368D3F86008FEF766FC4E
:10DD400098B123680299D3F86008FEF763FC60B1CC
:10DD5000EB68002B00F09B80E888D5F8E0103818BD
:10DD60005F30B5F8DC20F4F35BF6D5F8D03058041A
:10DD700040F18D8023682169D3F8D4060368CB581D
:10DD80001B78002B00F083803A464AF0FFD97EE0F2
:10DD9000206821693A46712377F002D906460028A7
:10DDA00071D0D0F808905F22002109F1120789F89C
:10DDB000112089F810103846F4F3B6F64AF480734F
:10DDC0001A0A89F8132089F814302B8B1DE020687B
:10DDD00021693A46712377F0E3D80646002852D0ED
:10DDE000D0F808905F22002109F1120789F811206C
:10DDF00089F810103846F4F397F64AF440731A0A7B
:10DE000089F8132089F81430EB8A1A0A89F815204A
:10DE100089F816303BE0206821693A46712377F093
:10DE2000BFD8064678B3D0F8089000215F2209F1E8
:10DE3000120789F8101089F811203846F4F374F6A7
:10DE40004FEA1A2389F8133089F814A01FE0D5F897
:10DE5000D000F7F37DF10146484605F18C0204AB92
:10DE6000F7F386F1044630B9314603982246F9F3B8
:10DE7000A7F6264607E007F14D0004A91022F4F3A7
:10DE8000CFF500E00026304619B0BDE8F08F03233F
:10DE900089F80F30D5F8D000F6F354F505F15C049D
:10DEA00000280CBFFE2302233846082200F8053B59
:10DEB0002146F4F3B5F508212046F7F34FF11AF0A7
:10DEC0000301C9D1C3E72DE9F04F91F813800B7D11
:10DED0008BB043EA082818F0030904460E46069260
:10DEE0004769056ACDF8208005D1D5F8D000F7F351
:10DEF0002FF1844600E0CC4605F15C0A06F1170BD1
:10DF00000120082359465246CDF810C0F6F302F618
:10DF10008245DDF810C000F0F78318F48071079196
:10DF200010D0338A1A0A42EA03239BB25C2B40F2D8
:10DF3000EB833046614605F18C02F6F3E5F70028E5
:10DF400000F0E283338A1A0A42EA03239BB25E2B73
:10DF500040F2DA8396F86F1096F8702042EA0122B8
:10DF60005F329342C0F0D08306F112020992594603
:10DF700008225046F4F354F505F16400594608228E
:10DF8000F4F34EF5D5F8D000F6F3DCF4002868D0B1
:10DF900018F4805F65D096F86F2096F8703043EAE9
:10DFA0000223B3F5807F0BDD38462169012274F02E
:10DFB00065DC206904F11801012277F089D9E7E2D4
:10DFC0004FF48070F9F3C6F5824630B938462169BE
:10DFD000012274F053DCD14698E32020F9F3BAF51E
:10DFE000834630B95046F9F3C7F538462169012216
:10DFF00008E34FF48170F9F3ADF5059068B9504628
:10E00000F9F3BAF55846F9F3B7F538462169012214
:10E0100074F034DCDDF8149078E3B9F1000F04D12A
:10E02000D5F8D000F7F394F08146059B494605F1F9
:10E030009C020293099800238DE8000CF6F394F7F4
:10E0400081465046F9F398F55846F9F395F5059849
:10E05000F9F392F5B9F1000F03D138462169012295
:10E0600020E396F815A0B37DD5F8D00043EA0A2A3C
:10E07000F6F38AF410B918F0080326D0BAF10D0FA0
:10E080000BD003D8BAF1050F15D10DE0BAF1100F7E
:10E0900017D0BAF1200F0ED111E018F0080F13D0ED
:10E0A00038462169022271E218F0080F0FD0384675
:10E0B000216903226AE238462169042266E20221CC
:10E0C00006E00422059204E00323059301E0012108
:10E0D000059118F0080900F026822B8A059A9342D0
:10E0E00003D038462169052250E2079B002B40F0FF
:10E0F000C78003232B60D5F8D0305A0606D4626857
:10E1000092F86221002A37D0580335D513F480499C
:10E1100032D196F86F1096F87030042206F1710033
:10E1200043EA0121F6F3F8F70246002833D043789A
:10E13000132B03D8384621690422B3E2636A2169AC
:10E14000483300934FF020092046063201F1DC03EA
:10E15000CDF8049073F054D88246E0B9636AA3F80E
:10E16000069094F80834B3B1A068D4F8041406F00B
:10E1700009D884F808A40EE019060CD5616AB1F834
:10E18000E42042B101F14800C431F4F349F4636A78
:10E19000B3F8E410D980636ADB882BB92046314696
:10E1A000069A72F0DFDFAFE205F11C0906F11F01EC
:10E1B0002022484605F13C06F4F332F42022206880
:10E1C000314619F029D9D5F8D0305A040AD5226839
:10E1D0002169D2F8D40602688A58127812B149F03F
:10E1E000FFDF3BE021690A6D100508D413F4922F7C
:10E1F00005D1D1F8083193F883309A0612D5636AB5
:10E2000004F1180003F148020092DB88E231019327
:10E2100005F18C030293AB8A4A4603933346F6F327
:10E220000DF41BE004F1180A5046E2310622F4F323
:10E23000E3F3002800F06882636A216903F1480271
:10E240000092DB885046019305F18C030293AB8A60
:10E25000E23103934A463346F6F3F0F540F63B626B
:10E260003846216908EA0202012374F04BDB08B149
:10E27000042356E1384621690D2274F0FFDA43E2A7
:10E28000069A4AB997F81690B9F1000F0CBF4FF4EF
:10E2900000794FF0000901E04FF00009D5F8D000F7
:10E2A000F6F350F341F2C833002808BF4FF4E4738B
:10E2B00003EA080218BF4FF000099A4240F0248296
:10E2C00019EA080F40F020822B68033B042B00F270
:10E2D0001B822946052341F81C3B06F11F00202222
:10E2E000F4F38AF3002840F00F8296F86FA096F8B6
:10E2F0007030D5F8D00043EA0A2AF6F323F3002859
:10E300003FD006F1710B584651463022F5F306F026
:10E310008146C8B1D5F8D03042785B0440F1FA812B
:10E3200023682169D3F8D4361B68CB581B78002B9F
:10E3300000F0F081123A92B2ECE1A86809F1020112
:10E340000230F4F359F318B138462169072215E079
:10E350000AEB0B0199F80120C9EB010189B2901C6D
:10E3600081421CDD6FF001039B1A4844C91830221A
:10E37000F4F3D4F798B121693846062274F07EDAB6
:10E3800009E0AB88534506D1A86806F171015246F1
:10E39000F4F332F318B1206904F1180142E0D5F822
:10E3A000D000F6F3CFF278B106F171005146F6F3E2
:10E3B000A7F648B938462169092274F05FDA206966
:10E3C00004F1180101222EE02068036893F86231FD
:10E3D00063B304F1180921694A466FF079D883467E
:10E3E000D5F8D000F0F7C8FA00B32368D3F8600876
:10E3F000FEF70CF9D0B1BBF1000F17D023685946D6
:10E40000D3F86008FEF706F980B1514606F17100B5
:10E41000F422F4F383F701462046FFF795FB28B971
:10E4200020694946112276F053DF6DE140F20B225C
:10E430003846216908EA0202032374F063DA814650
:10E4400028B1062318F040092B6004D116E03846A5
:10E4500021690D2226E12A8A04F1180B2B8B2068F2
:10E460008DE80408216905F1AC0276F0D1DED5F81B
:10E47000D000F6F367F2002834D003E03846216973
:10E4800008220FE1514606F17100F6F339F64278A1
:10E490008046063A92B2EA82837905F16C0903F06C
:10E4A000030385F8CC3008F108014846F4F3B8F2CC
:10E4B00095F8CC200599EB8A009206F14F02019164
:10E4C000029298F80620216902F004020392206863
:10E4D0004A4676F021DE23682169D3F87C0632466D
:10E4E00054F0ECDED5F8D000F6F32CF2C0B10823DE
:10E4F0002B6038462169002274F0C0D923695A463E
:10E50000DB682068009379210623F4F701F923687A
:10E510002269D3F8D4361B68D35800221A70F3E06E
:10E5200006232B60F0E02B68052B40F2ED80236A78
:10E5300005995A8A8A4208D0D3F8D000F6F324F21B
:10E5400018B1384621690A22ACE008F46073B3F5CB
:10E55000607F40F0D98007232B60D5F8D000F6F318
:10E56000F1F18146002841D018F4805F0BD096F875
:10E570006F1096F8703006F1710043EA0121F6F34E
:10E58000BFF5814638B9216938460B2274F076D937
:10E590004FF00009BAE0427805F16C0A063A92B2EF
:10E5A000EA82837909F1080103F0030385F8CC308E
:10E5B0005046F4F335F295F8CC20EB8A00926A8A43
:10E5C0002169019206F14F02029299F80620206813
:10E5D00002F004020392524676F09EDD2368216920
:10E5E000D3F87C06324654F069DE70E0BAF1200FB1
:10E5F00055D84FF48070F9F3ADF2834630B92169F4
:10E6000038460C2274F03AD9D9467FE02020F9F33D
:10E61000A1F2069050B95846F9F3AEF23846216996
:10E620000C2274F02BD9DDF818906FE04FF4817054
:10E63000F9F390F2844680B95846CDF810C0F9F34A
:10E640009BF20698F9F398F2384621690C2274F08F
:10E6500015D9DDF810C0E14658E0069B05F16C02C3
:10E660000792414605F19C0201930290079B09988D
:10E67000CDF810C0CDF800B0F6F370F481465846DE
:10E68000F9F37AF20698F9F377F2DDF810C06046F4
:10E69000F9F372F2A5F816A0B9F1000F05D12169BE
:10E6A00038460C2274F0EAD830E0089A08F03003BB
:10E6B0001B110599009302F0400301914F3603931B
:10E6C00020682169079A5346029676F025DD384680
:10E6D000216908F00B02052374F014D928B108232E
:10E6E0002B6038462169002202E0216938460D225C
:10E6F00074F0C4D823692068DB687921009304F1A1
:10E7000018020623F4F704F84FF0010948460BB04D
:10E71000BDE8F08FA988931C99427FF415AE0CE6F2
:10E720002DE9FF4790E810028E7905460F46002E2E
:10E7300063D140F21440F9F30DF2804600285FD017
:10E740003851314640F21442F4F3EEF1AB8AD9F875
:10E75000D02608EB030448F803902B694FF0010A18
:10E76000E360EB686261A360AB6827616360E420EB
:10E77000C8F8006088F804A0C4F8FC63F9F3EAF173
:10E780002062002841D03146E422F4F3CDF1E820A4
:10E79000F9F3E0F16062002837D03146E822F4F363
:10E7A000C3F1D4F82480E868C8F8009019492246DB
:10E7B000334605F06BDDC8F86800002825D0E8680E
:10E7C00015492246334605F061DD6063E8B1E8682B
:10E7D00012492246334605F059DDC4F80404A0B1BD
:10E7E000236A286A0193636A6946009702938DF849
:10E7F0000CA0F3F313F4304604E06FF0060001E0E0
:10E800004FF0FF3004B0BDE8F0872846394672F07B
:10E8100099DBF5E7E1578800E9588800C958880076
:10E8200038B51D4690B10368848ACB5873B11C1962
:10E83000114604F130001022F4F3F2F004F140002C
:10E8400029462022BDE83840F4F3EAB038BDD0F8BC
:10E850008404F0B503F15605A83300EB430300EB45
:10E860008505B3F90A60AF6890F8E940BE1B7618D9
:10E87000AE6026415E81B0F95E31D0F86811CB1AE6
:10E880009B18C0F868312341A0F85E31F0BD10B587
:10E890000A7AD0F884342AB390F82922D1F80801F2
:10E8A0002AB190F86000904228BF024601E090F83B
:10E8B0006020D1F81801047864B1007AD1F8081109
:10E8C00018B1C98D4A43002101E0CA8D012183F8A6
:10E8D000291105E0012283F82921D1F80821D28DE0
:10E8E0000A3203E083F829214FF49B72C3F82421F4
:10E8F00010BD2DE9F04F8BB0D0F884449A469DF8B6
:10E900005C30904608939DF85420B4F8C6300792C6
:10E910000393189A94F8E9300F4609920593B4F8D6
:10E92000F020D4F8D81094F81C3106469DF950B068
:10E930009DF8585004920691002B00F0AB810368BB
:10E9400093F8693123B13BF04DDA002800F0A28141
:10E95000336893F864312BB194F86D3113B100230F
:10E9600084F86D3194F828313BB1B068D4F8301197
:10E9700005F008DC002384F828318E2130693CF052
:10E9800069DA43004E334FF6FE71194030693CF0AE
:10E9900061DA94F858318146FF2B08D094F8E830BA
:10E9A000012212FA03F300EA03091FFA89F994F825
:10E9B000AF30AB4213D0002305F1320204EB8202E8
:10E9C000E91A93604A4242EB0102323204EB8202BE
:10E9D00084F8AF50C4F8CC30C4F8C8309360BAF1B2
:10E9E000000F00F05781079AC2B9022F40F35281FD
:10E9F000C7EB0A01B4F9F22009B204EB45039142D6
:10EA0000A8BF0A46A3F8EA20D6F884345B79012B24
:10EA10002AD9C8EB0B03A4F8EE3025E0049F04EBE1
:10EA200045023BB2B2F9EA70C7EB0A07FF1A022FA0
:10EA300003DD1C2FA8BF1C2700E00327D6F8842481
:10EA40005279012A10D9B4F9EE80C8EB0B08C3EB58
:10EA50000808B8F1020F05DDB8F11C0FA8BF4FF090
:10EA60001C0801E04FF00308D6F868329B792BB9F7
:10EA7000089A1AB130460999FFF709FF05F13202E9
:10EA800004EB82029368304601339360C4F8CC30C3
:10EA9000D4F8383151460133C4F8383105F14E030A
:10EAA00004EB83035A6801325A605A462B46FFF73B
:10EAB000CEFED4F8E030D4F8E420934203D9039B8F
:10EAC0001BB2049307E0D4F8DC0001330121069067
:10EAD000C4F8E03004910598012212FA00F3D4F84A
:10EAE000CC1099422DD3D5F1010B38BF4FF0000B5C
:10EAF0000BF1A80C04EB4C0C04EB4500B0F85A01E8
:10EB0000BCF80AC0C0EB0C0C0FFA8CFC94F86C013A
:10EB10008CEAEC7AAAEBEC7A8245ACBF00210121A9
:10EB2000844503910EDB94F8E8000BFA00F1894567
:10EB300009D005F13C0104EB810148688018486068
:10EB400001E00392002205F1540B05F12C0004EBC7
:10EB5000800004EB4B01B1F90AC0D0F808A0CCEB5F
:10EB60000A0C67448760059807414F81D4F8C000BC
:10EB7000B4F9B610059F411A4144C4F8C010394198
:10EB8000A4F8B61004EB8501D1F8D010B4F9C40094
:10EB9000994204EB4B01B1F90A1028BF84F8B15037
:10EBA000884244DBD4F8CC00069FB8420CD9D5F19A
:10EBB000010194F8E82038BF002111FA02F29145D2
:10EBC0002FD005F13C0225E0039F4FB394F8447128
:10EBD0003DB1B4F9B2C07FB2C1EB0C0107EBC1018A
:10EBE00006E0B4F9B4C07FB2C1EB0C01C900C91B87
:10EBF000049FB1EBC70F13DB984211D3D5F101018C
:10EC000094F8E82038BF002111FA02F2914508D0AB
:10EC100005F13E0204EB820251680131516000E0CF
:10EC20002AB10120002D14BF0321022106E0002D8E
:10EC30000CBF2846002014BF0221032194F8AF2006
:10EC400084F8492194F81D215AB1D6F868229279A6
:10EC50003AB938B130690B46009201923DF0C6D8FE
:10EC600004E018B9D4F8CC209A4213D294F81D319C
:10EC700083B1D6F868329B7963B9012284F82821E0
:10EC8000B068D4F83011D4F824210BB0BDE8F04FAF
:10EC900005F0529A0BB0BDE8F08F2DE9FF41D0F896
:10ECA0008454064695F81C310C4695F8E970002B03
:10ECB00000F08180036993F80A31002B7BD0036850
:10ECC00093F8693153B13BF08DD8034630B9B06841
:10ECD000D5F83411142205F02FDA6CE0336893F87C
:10ECE000643133B195F86D311BB1002385F86D3176
:10ECF00061E0D6F83C33022B0AD0D5F8E020D5F8F5
:10ED0000E4309A4294BF4FF000084FF0010801E050
:10ED10004FF0000895F81D31002B4CD0D6F8683222
:10ED20009B79002B47D1336A0DF10F0118695AF016
:10ED30000BDD9DF80F3085F8AF30002B14BF032199
:10ED40000221B8F1000F25D003F1020E05EB8E0E63
:10ED500005EB4302DEF8B0C0B2F9B200C0EB0C0024
:10ED6000CEF8B000384103F12C0EA2F8B20003F146
:10ED7000540205EB8E0E05EB4202B2F9B200DEF84A
:10ED8000B0C0C0EB0C00783850FA07F7CEF8B000EE
:10ED9000A2F8B27085F84931002201238DE80C00F9
:10EDA00030690B463DF022D89DF80F3054F82320EF
:10EDB000013244F82320BDE8FF8110B5D0F8844427
:10EDC00094F81C3123B104F58671FFF766FF002328
:10EDD00084F8283110BD70B5D0F88444054694F805
:10EDE0001C3103B3D4F8CC20D4F8C8309A4203D1F4
:10EDF00004F58A71FFF751FFD4F8CC30C4F8C8305D
:10EE000094F81D317BB1D5F868329B795BB994F8E1
:10EE1000292142B1A868D4F834114FF4FA72BDE840
:10EE2000704005F0899970BD38B5D0F88444054626
:10EE3000D4F83411806805F0A5D9D4F8CC20D4F8E2
:10EE4000C8309A4204D1284604F58A71FFF725FF9D
:10EE5000D4F8CC30C4F8C83038BDD0F8843400229F
:10EE60004FF6A271C3F8B820C3F8BC20C3F8C02085
:10EE7000A3F8B220A3F8B420A3F8B620C3F8602109
:10EE8000C3F86421C3F86821A3F85A21A3F85C21D0
:10EE9000A3F85E21A3F8EA10A3F8EC10A3F8EE1093
:10EEA000C3F8CC20C3F8D020C3F8D420C3F838214D
:10EEB000C3F83C21C3F84021C3F8E020C3F8F42094
:10EEC000C3F8F820C3F8FC20C3F80021C3F80421DC
:10EED000C3F80821C3F80C21C3F81021C3F814218A
:10EEE000C3F8182183F829217047D0F88434D3F867
:10EEF000CC208A60D3F838218A6493F81D2112B19E
:10EF000093F8AF2001E093F8AC204A6093F81D21FC
:10EF10000A6093F848214A654A688A65D3F8D02088
:10EF20000A64D3F8D4204A64D3F83C21CA64D3F8E5
:10EF300040210A65B3F9B220CA60B3F9B4200A616E
:10EF4000B3F9B6204A61D3F8F4208A61D3F8F820E7
:10EF5000CA61D3F8FC200A62D3F800214A62D3F8D0
:10EF600004218A62D3F80821CA62D3F80C210A630B
:10EF7000D3F810214A63D3F814218A63D3F81821F7
:10EF8000CA63D3F84C21CA65D3F85021D3F8543161
:10EF90000A664B667047F7B5D0F88444D4F84C51F4
:10EFA0008D4207D1D4F85051954203D1D4F8542161
:10EFB0009A423CD001F00F05042D3AD8022D38D0EA
:10EFC00003F00302022A34D01F0907F00307022FBF
:10EFD0002FD00A0902F00F02042A2AD8022A28D0C8
:10EFE0009E0806F00306022E23D09E0906F00306B3
:10EFF000022E1ED0C4F85431036AC4F84C111B68A9
:10F00000C4F85011022B04BF3E462A46042A14BFFE
:10F010001146314684F8AD10D0F88434012283F8CB
:10F0200046110092019200690B463CF0DFDE0020A1
:10F0300001E06FF01C00FEBD704700000048704703
:10F040009466010010B50C46C1B1886808B1F8F3A8
:10F0500093F5E06808B1F8F38FF5D4F8D80008B15B
:10F06000F8F38AF5D4F8E00008B1F8F385F5204606
:10F070000021E422BDE81040F3F356B510BD2DE9A0
:10F08000F74F0546D2F8D000019114469846DDF8B6
:10F0900030B0DDF83490DDF838A0F5F353F428B142
:10F0A000404659463022F4F339F103E040465946D0
:10F0B000F5F3E0F20646002800F0D880D4F8D0003E
:10F0C000F5F340F428B1484651463022F4F326F1D6
:10F0D00003E048465146F5F3CDF20746002800F01C
:10F0E000C6802B6893F86231002B4FD0D4F8D00043
:10F0F000EFF742FC002849D0D5F86008FDF786FA02
:10F1000010B3D5F868329B792BB9D5F8600801990E
:10F11000FDF780FAC0B148465146F422F4F3FEF000
:10F120008146002800F0A28040780230A4F8D40084
:10F13000F8F310F5C4F8D800002800F0978049468D
:10F14000B4F8D420F3F36CF4D5F86008FDF75EFA58
:10F15000E0B1D5F860080199FDF75CFAB0B140461E
:10F160005946F422F4F3DAF0054600287ED04078C0
:10F170000230A4F8DC00F8F3EDF4C4F8E000002855
:10F1800074D02946B4F8DC20F3F34AF40223238236
:10F190006382D4F8D000F5F3D5F310B104232382B1
:10F1A0006382D4F8D000F5F3CDF350B106F10A0034
:10F1B00004F110010022F5F3A7F4002856D0002531
:10F1C00013E073780A2B0FDDD4F8D05006F10E004F
:10F1D000A5F10802554245EB020504F110012A464B
:10F1E000F5F3B6F608B941E005462046218A2A46DD
:10F1F00076F088D8002839D0D4F8D000F5F3A2F3FF
:10F2000030B1301D04F112010122F5F37DF413E059
:10F210007378092B11DD06F1080045B9F27A012A4D
:10F2200006D0A2F105035A4242EB030200E001229C
:10F2300004F11201F5F38CF6C0B178780230A080A9
:10F24000F8F388F4A06088B13946A288F3F3E8F3B4
:10F2500070780230E080F8F37DF40746E06030B16A
:10F260003146E288F3F3DCF3012700E00746384635
:10F27000BDE8FE8F01320103323D00904C3300AAFD
:10F28000AA0300000088B400010000000101000092
:10F29000010050F201000050F20000409600000F03
:10F2A000AC00000FAC0600AAAA03000000AAAA0343
:10F2B0000000F8000FAC00050400C9BF05F000CE47
:10F2C000BF0000000101000001011C7040002D0280
:10F2D000F0000A01280028013801480158015501B1
:10F2E000500150036666E2016666E3016666E4016A
:10F2F0006666E5016666E6016666E7016666E80140
:10F300006666E9016666EA016666EB016666EC011F
:10F310006666ED016666EE01CDCCF0010A000500DF
:10F3200008004006080005000800080077000800F3
:10F330008A0008000100050001000A000100050024
:10F34000400610091E091F0924092509260920095C
:10F350002109270928092909220923093009310926
:10F36000320912090F0900090109060907090809EC
:10F370000209030909090A090B09040905090C090D
:10F380000D090E091109650234028400740056004B
:10F3900065023402040004000400030003000300BB
:10F3A000030002000100010000000000FFFFFFFF5A
:10F3B000FFFFFFFFFFFFFFFFFFFF0000372E393584
:10F3C0002E343920283232373162623620435929AF
:10F3D000007265636C61696D2073656374696F6E3B
:10F3E0002025733A2052657475726E656420256419
:10F3F00020627974657320746F2074686520686575
:10F4000061700A004D656D6F727920757361676573
:10F410003A0A0009546578743A20256C6428256CF2
:10F42000644B292C20446174613A20256C642825A2
:10F430006C644B292C204273733A20256C64282578
:10F440006C644B292C20537461636B3A2025644B08
:10F450000A00094172656E6120746F74616C3A2014
:10F4600025642825644B292C20467265653A2025A1
:10F47000642825644B292C20496E207573653A2039
:10F4800025642825644B292C2048574D3A202564B3
:10F490002825644B290A0009496E20757365202BC5
:10F4A000206F766572686561643A2025642825645A
:10F4B0004B292C204D6178206D656D6F7279206924
:10F4C0006E207573653A20256C6428256C644B2981
:10F4D0000A00094D616C6C6F63206661696C75721E
:10F4E0006520636F756E743A2025640A00095374B1
:10F4F00061636B20626F74746F6D2068617320624A
:10F5000065656E206F7665727772697474656E0AD0
:10F510000009537461636B20626F74746F6D3A20DD
:10F52000307825702C206C776D3A20307825702C3F
:10F5300020637572723A20307825702C20746F70B9
:10F540003A20307825700A00094672656520737488
:10F5500061636B3A203078257828256429206C7700
:10F560006D3A2030782578282564290A0009496EEB
:10F5700075736520737461636B3A20307825782841
:10F580002564292068776D3A20307825782825640D
:10F59000290A0009496E2075736520706F6F6C2011
:10F5A0002564282564293A2025642825644B292CC4
:10F5B00020772F6F683A2025642825644B290A009C
:10F5C00009496E20757365202D20706F6F6C3A208D
:10F5D00025642825644B292C20772F6F683A202535
:10F5E000642825644B290A0009506B74496420542F
:10F5F0006F74616C3A2025642C20467265653A2050
:10F6000025642C204661696C65643A2025640A00F3
:10F610006D77006D6400554E494D504C3A20726133
:10F620003D25700A005443414D3A202564207573EE
:10F6300065643A202564206578636565643A2564CD
:10F640000A000A465749442030312D25780A666C55
:10F650006167732025780A000A54524150202578AA
:10F66000282578293A2070632025782C206C722078
:10F6700025782C2073702025782C206370737220DD
:10F6800025782C20737073722025780A0020207250
:10F69000302025782C2072312025782C20723220C1
:10F6A00025782C2072332025782C20723420257860
:10F6B0002C2072352025782C2072362025780A00DF
:10F6C000202072372025782C2072382025782C2095
:10F6D00072392025782C207231302025782C207228
:10F6E00031312025782C207231322025780A000A09
:10F6F00020202073702B302025303878202530389A
:10F7000078202530387820253038780A002020737A
:10F71000702B31302025303878202530387820255E
:10F7200030387820253038780A0A0073702B257815
:10F7300020253038780A00686E6461726D5F6172EE
:10F740006D7220616464723A20307825782C2063D1
:10F7500072345F6964783A2025640A0062757373B5
:10F760007461747300535357553A207072696D6514
:10F7700020646F6573206E6F7420686176652070F9
:10F78000203D2033206D6F64203400000100000014
:10F790000001000020010000A1418000B953800059
:10F7A000212C8000795780006D3D8000609D88008D
:10F7B000A09E8800549F88008C9B8800409C8800F5
:10F7C000FDFFFFFFD89A88000200000080010000C2
:10F7D00030010000DD418000E5538000492C8000AD
:10F7E000AD578000993D8000749D8800C09E8800C0
:10F7F000749F8800AC9B8800609C8800FDFFFFFF21
:10F80000F89A880004000000FF00000020080000B3
:10F81000253E8000B1518000ED2B800035578000DF
:10F82000253D8000549D8800809E8800349F88007C
:10F830006C9B8800209C8800066D0700B89A8800A1
:10F84000030000000902000044010000F9418000AB
:10F8500001548000892C8000F5578000ED3D800028
:10F86000889D8800F09E8800A49F8800DC9B88000B
:10F87000909C8800FDFFFFFF289B88007061256435
:10F880003D307825257800706425643D3078252545
:10F89000780070646825643D3078252578007064B0
:10F8A0006C25643D30782525780067637225643DBA
:10F8B00030782525780025303258253032582530CB
:10F8C0003258253032582D25303258253032582DB7
:10F8D00025303258253032582D25303258253032D7
:10F8E000582D2530325825303258253032582530A1
:10F8F0003258253032582530325800556E646566CE
:10F90000696E6564206572726F7220256400000064
:10F9100060010400050001036401040000002700E9
:10F92000240104000400000028010400000000007D
:10F930002C01040000000000300104000000000061
:10F94000340104000A04700034010400EFBED40046
:10F9500034010400050000FF3401040001FF02FF30
:10F960003001040018000000340104000A04E00023
:10F9700034010400EFBE480034010400050000FF1C
:10F980003401040001FF02FF3401040000101801DB
:10F9900034010400020300103401040018F1F2F3F2
:10F9A00034010400BBCC000030010400380000002A
:10F9B0003401040000000000300104005800000081
:10F9C0003401040000000000300104003800000091
:10F9D000340104000F2000073401040000009400EB
:10F9E000340104000000009034010400747576773F
:10F9F0003401040000000000340104000000050090
:10FA000034010400FFFFFFFF300104006803000021
:10FA1000340104006E84330034010400DCBA500069
:10FA200034010400D40000AB34010400BADABADABD
:10FA300034010400001018F134010400F2F3001046
:10FA40003401040018F1F2F3340104001000000046
:10FA500034010400000000003401040000000A002A
:10FA6000340104000100000E340104004252434DF1
:10FA7000340104005F54455334010400545F535370
:10FA800034010400494401043401040082848B964B
:10FA900034010400030101063401040002000000E7
:10FAA0003001040068000000340104000A04280248
:10FAB00034010400DCBA8000340104000000FFFFC0
:10FAC00034010400FFFFFFFF34010400001018F1AF
:10FAD00034010400F2F300103401040018F1F2F3D1
:10FAE00034010400D0AF0000340104000000000025
:10FAF0003401040000000001340104000200000E83
:10FB0000340104004252434D340104005F54455314
:10FB100034010400545F5353340104004944010488
:10FB20003401040082848B96340104000301010631
:10FB300034010400020100003001040068060000E6
:10FB4000340104000A04280234010400DCBA8000F5
:10FB5000340104000000FFFF34010400FFFFFFFF39
:10FB600034010400001018F134010400F2F3001015
:10FB70003401040018F1F2F334010400D0AF0000A6
:10FB80003401040000000000340104000000000102
:10FB9000340104000200000E340104004252434DBF
:10FBA000340104005F54455334010400545F53533F
:10FBB00034010400494401043401040082848B961A
:10FBC00034010400030101063401040002010000B5
:10FBD0000001040000000001900402000000000089
:10FBE000A0040200F1F30000B0040200EFFD0000E9
:10FBF000A8040200FFFF0000A804020000000000AB
:10FC0000A204020001000000B2040200FBFF000099
:10FC1000AA040200FFFF0000AA0402000000000086
:10FC2000A4040200CF1A0000AC040200000000008F
:10FC3000BC04020000000000A6040200D70200007D
:10FC4000B6040200FFFD0000AE040200FFFF00004A
:10FC5000060402000100000006040200000000008B
:10FC60000C0402001800000006040200000000005E
:10FC700048040200000C00000204020020060000FC
:10FC80000205020000000000000502000040000024
:10FC90000205020004000000000502000040000010
:10FCA00002050200080000000005020000400000FC
:10FCB000020502000C0000000005020000400000E8
:10FCC00002050200C000000080050200FFFF0000E6
:10FCD00082050200FFFF000084050200FFFF000014
:10FCE00086050200FFFF000088050200FFFF0000FC
:10FCF0008A050200FFFF00008C050200FFFF0000E4
:10FD00008E050200FFFF000090050200FFFF0000CB
:10FD100092050200FFFF000094050200FFFF0000B3
:10FD200096050200FFFF000098050200FFFF00009B
:10FD30009A050200FFFF00009E050200FFFF000081
:10FD4000A0050200FFFF00009C050200F0FF00007C
:10FD5000400502000080000020050200060F0000A0
:10FD60004005020000800000400502000081000004
:10FD70002005020000FF00002C0502000101000028
:10FD800040050200008100004005020000820000E2
:10FD9000200502001E2800002C05020000000000C3
:10FDA00040050200008200004005020000830000C0
:10FDB00020050200293100004005020000830000F8
:10FDC000400502000084000020050200323F0000D0
:10FDD000400502000084000040050200008500008C
:10FDE000200502004041000040050200008500009F
:10FDF00012060200010000002E060200CDCC000019
:10FE0000300602000C000000000602000480000022
:10FE100096060200080000009A060200E4000000B6
:10FE200088060200000000009C060200020000009C
:10FE300088060200001000009C060200020000007C
:10FE400088060200002000009C060200020000005C
:10FE500088060200003000009C060200020000003C
:10FE6000880602000B0F00009E060200070000003B
:10FE7000100502000B00000050040200014E0000BB
:10FE8000520402005B010000E40402009000000044
:10FE900004040200B400000054050200FFAF00009B
:10FEA000FE040200000000005E05020000100000D9
:10FEB000600104000400010364010400000000006C
:10FEC00064010400B400000064010400470047001E
:10FED0006401040000006400640104003009400073
:10FEE000600104000D00010364010400020002002F
:10FEF000640104000100C00064010400050000006A
:10FF0000640104000000C000640104006400640097
:10FF1000640104000E0047006401040000050000B5
:10FF200060010400150001036401040040003C0866
:10FF30006401040000000700640104000A000000DE
:10FF4000600104001A0001036401040000C0000005
:10FF5000600104001D00010364010400102700007B
:10FF6000600104001F0001036401040000001C0C78
:10FF7000640104000600102760010400250001034D
:10FF80006401040000003200600104002800010345
:10FF90006401040000004C0A6401040000003F01F9
:10FFA00064010400FFFF00046401040046041E070E
:10FFB000640104000200EC09600104002E0001034A
:10FFC000640104000000008060010400920101034C
:10FFD00064010400640400006401040000004000A7
:10FFE000640104009607000060010400970101030A
:10FFF000640104001A08000060010400BF0101034D
:020000041003E7
:10000000640104000000050060010400080401030D
:1000100064010400070200006001040010040103F1
:100020006401040000000100600104001C0C0100D8
:1000300064010200FFFF0000600104001D0C0100CC
:1000400064010200FFFF0000600104001A000103C8
:10005000640104000000200C60010400230001037F
:10006000640104000000A607640104000000A20A65
:100070006001040026000103640104000A0E0B095C
:10008000640104000E02000060010400320001035C
:10009000640104000000900B640104000000A0044F
:1000A0006401040000007C066001040058000103A4
:1000B000640104004252434D640104005F544553FF
:1000C00064010400545F5353640104004944000078
:1000D00060010400600001036401040039000000B5
:1000E000640104005000000064010400C00000002E
:1000F000600104007000010364010400BE03BE033C
:1001000064010400BE03BE0364010400BE03BE0319
:1001100064010400BE03BE03640104000004EA039A
:1001200064010400D403BE03640104000B04F5035E
:1001300064010400DF03C90364010400BE03BE03BD
:1001400064010400BE03BE0364010400BE03BE03D9
:1001500064010400BE03BE03640104000004EA035A
:1001600064010400D403BE03640104000B04F5031E
:1001700064010400DF03C9036401040016041604CB
:100180006401040016041604640104002204160429
:100190006401040016042E0464010400160416040D
:1001A0006401040016041604640104001604160415
:1001B000640104003A0416046401040016041604E1
:1001C00064010400160416046401040022041604E9
:1001D0006401040016042E046401040016041604CD
:1001E00064010400160416046401040016041604D5
:1001F000640104003A0416046401040000001F00B6
:1002000064010400FF031F006401040002000000F9
:100210006401040002000000600104009800010372
:100220006401040000001F0064010400FF031F00BC
:1002300064010400010000006401040001000000EA
:1002400060010400A00001036401040000001F001D
:1002500064010400FF031F006401040001000000AA
:10026000640104000100000060010400A800010313
:100270006401040000001F0064010400FF031F006C
:10028000640104000100000064010400010000009A
:1002900060010400C0000103640104003724372416
:1002A000640104003724372460010400BA0101030B
:1002B000640104000100070264010400070207034F
:1002C000640104000700000060010400DF01010375
:1002D000640104002000CB0164010400000054000C
:1002E000640104000000AB08640104000000100475
:1002F0006401040084000200640104000000140092
:1003000064010400CF010200640104004400000005
:1003100064010400AF0802006401040010046400DA
:100320006401040002020000640104001000CA011C
:100330006401040002003C00640104000000AA08FB
:100340006401040002001004640104005400020867
:10035000640104000000080064010400CE010000F4
:10036000640104003400000064010400AE080000D1
:10037000640104001004440064010400020A000047
:10038000640104000800C901640104000200300097
:10039000640104000000A9086401040002001004C4
:1003A000640104003C000210640104000000040029
:1003B00064010400CD010000640104002C00000071
:1003C00064010400AD08000064010400100434005E
:1003D0006401040002120000640104000400C8016A
:1003E0006401040000002C00640104000000A8085F
:1003F00064010400000010046401040030000219CC
:10040000640104000000000064010400CC0102004B
:10041000640104002C00000064010400AC08020028
:10042000640104001004300064010400021A00009A
:1004300064010400C0000A046401040070000000AC
:10044000640104003A010A046401040028022CC07B
:1004500064010400F2020A046401040000000001C7
:10046000640104006000140464010400380000000A
:1004700064010400020114046401040014012CC08E
:1004800064010400DE011404640104000000800023
:100490006401040022003704640104001500000018
:1004A00064010400DF0037046401040065002CC00F
:1004B000640104002E0137046401040000002F00D1
:1004C0006401040011006E84640104000B0000004C
:1004D00064010400D4006E846401040033002CC065
:1004E00064010400FC006E84640104000000180034
:1004F0006401040002008A9D64010400FB000208FC
:1005000064010400C54EFA0064010400020A833449
:1005100064010400FE000210640104006227F90077
:10052000640104000212421A64010400FD00021971
:1005300064010400B113F80064010400021A81117F
:1005400064010400FC00021C64010400C10FFC00F3
:10055000640104000000C10F64010400FC000000FD
:1005600064010400C10FFC0060010400500201039B
:100570006401040000000000640104000100711423
:10058000640104000402000060010400540201033D
:100590006401040001000000640104000100711402
:1005A0006401040004020000600104005802010319
:1005B00064010400020000006401040001007114E1
:1005C0006401040004020000600104005C020103F5
:1005D00064010400030000006401040001007114C0
:1005E00064010400040200006001040060020103D1
:1005F0006401040000000100600104006C020103BA
:1006000064010400200000006001040012040103E2
:100610006401040000000C006001040050050103A7
:10062000640104001800000064010400983A983A3C
:1006300064010400A60E6400640104000000F401DB
:10064000640104000400000064010400C8AFA86154
:1006500064010400204E1E00640104000000030039
:1006600064010400030000006401040050C30000A2
:10067000600104005B05010364010400000014052F
:1006800064010400E2040000600104005F0501034E
:1006900064010400204E00006401040000000F000B
:1006A00064010400F4010300600104006505010316
:1006B0006401040000001300640104000000030052
:1006C000640104000100070064010400C8AF0000D9
:1006D0006401040088130000640104002C17DF404B
:1006E000600104006C0501036401040000002C019A
:1006F000640104000000A00F600104006F05010305
:1007000064010400000002006401040000002C01E8
:1007100064010400C000000064010400C044000043
:10072000640104006400000064010400DC05401F53
:100730006401040000004600640104005000500001
:10074000640104000200000064010400F50A0000D6
:10075000600104007A050103640104002010409C3C
:1007600064010400204E000064010400B80B000086
:10077000600104007E050103640104000000204EB6
:10078000640104000000050064010400DC053F0072
:10079000640104007102000064010400307500006F
:1007A000600104008605010364010400C409A00F70
:1007B0006001040089050103640104000000D00702
:1007C000600104008B05010364010400204E204EEB
:1007D000600104008E0501036401040020008040D4
:1007E0006401040000000A0064010400E803E81C3E
:1007F00064010400384A000060010400930501030D
:100800006401040000006400600104009F0501030E
:10081000640104000200940260010400A1050103C8
:1008200064010400E100000060010400A40501036C
:10083000640104003075000060010400A705010395
:1008400064010400DC05000064010400581B000082
:1008500060010400AF0501036401040000000F0003
:1008600064010400C800000060010400B205010337
:100870006401040000000200640104000000640040
:1008800060010400BB05010364010400A861701746
:1008900060010400C405010364010400BE000000FF
:1008A00060010400380C0100640102000000000037
:1008B0006001040003000200640104001F00000046
:1008C000600104000400020064010400FF03000052
:1008D0006001040005000200640104001F00000024
:1008E000600104000600020064010400070000002B
:1008F000600104000700020064010400040000001D
:10090000600104000800020064010400FFFF000011
:1009100060010400090002006401040000000000FE
:10092000600104000A0002006401040000000000ED
:10093000600104000B0002006401040000000000DC
:10094000600104000C0002006401040000000000CB
:10095000600104000D0002006401040000000000BA
:10096000600104000E0002006401040000000000A9
:10097000600104000F000200640104000000000098
:100980006001040010000200640104001F00000068
:100990006001040011000200640104000000000076
:1009A0006001040012000200640104000000000065
:1009B0006001040013000200640104000000000054
:1009C0006001040015000200640104000000000042
:1009D0006001040016000200640104000000000031
:1009E000FFFF00000000000086060200D0090000A2
:1009F000800602003E3E0000820602003E02000029
:100A0000000702003C000000840602001202000001
:100A1000600104000300010064010200C000000046
:100A20006001040003000100660102000A000000EA
:100A300060010400040001006401020014000000D1
:100A4000600104000700010064010200830100004E
:100A5000600104002500010064010200F4010000AF
:100A600060010400C5050100660102002B040000BE
:100A700060010400C60501006401020000010000DD
:100A800060010400E1010100640102003C0000007B
:100A900060010400E601010066010200340000006C
:100AA00060010400EC01010064010200300000005C
:100AB00060010400F1010100660102002C00000049
:100AC00060010400F7010100640102002C00000035
:100AD00060010400FC010100660102002800000022
:100AE000600104000202010064010200280000000D
:100AF00060010400070201006601020028000000F6
:100B0000FFFF000000000000ED9F8000C1AD8000ED
:100B1000DDAE8000F9AB8000B5B0800065AF80002D
:100B2000C9B08000DDB0800071AD800085AD80006F
:100B300009AC800005B18000FDAA8000A1B0800052
:100B400065AE800035AA800081A18000C5A180002B
:100B500031A880008DA8800019A8800079AF80009E
:100B6000B1A68000ADAB80008DAB8000E5AB80000E
:100B70008DA380007DAB800079A28000F5A380006A
:100B800045A7800045A0800039A1800065A38000B2
:100B900039A0800055A080002D9F8000399F8000E3
:100BA00000000000000000000000000075A38000AD
:100BB00061A8800039A8800071A2800095A78000FC
:100BC000219F8000199F8000B9A0800085A080002F
:100BD000E59E8000280000000F00000004010000D6
:100BE00008070000000707000007040000000404D5
:100BF00000000400000000010100000000000000EF
:100C000003030000000000000000000000000000DE
:100C1000B108000000000000040404040401040002
:100C2000E20400080A0000006A1000000000000052
:100C30000000000031060000DDC88D00040404043B
:100C400004010400E20400080A0000006A10000029
:100C50000000000000000000310400008C2EBA00EB
:100C60000404040404010400E20400080A00000073
:100C70006A100000000000001818000000000000CA
:100C80000006060000000000000000000000000058
:100C9000311900000000A0000C0C0C0C0A03040029
:100CA000E20400080A0000006A10000000000000D2
:100CB00000000000B1120000277662000C0C0C0C42
:100CC0000A030400E20400080A0000006A100000A1
:100CD0000000000000000000B10C00001443FD0003
:100CE0000C0C0C0C0A030400E20400080A000000CB
:100CF0006A100000E02E0101015000000000000019
:100D0000C832020101490000899DD8004038030122
:100D100001420000AAAAAA00003C0401013E000012
:100D200000008000483F0501013B0000D05E42000A
:100D3000A04106010139000049922400004B07013F
:100D40000132000000000000584D08010130000091
:100D5000071F7C00204E0901013000000000000048
:100D6000C05D0A010128000000000000A8610B011D
:100D7000012600006666660090650C0101240000F3
:100D8000C44EEC0030750D01012000000000000091
:100D900040830E01011C00002449920018920F02AA
:100DA00001330000F93E56000096100201320000A7
:100DB00000000000409C1102013000000000000013
:100DC00080BB1202012800000000000020CB1302AB
:100DD00001240000C44EEC000000000000000000F0
:100DE00000000000626F617264666C6167733300BB
:100DF00073707572636F6E666967000000000000B3
:100E000000000000B1190000ABAA0A000B0C0C0C8A
:100E10000A030400E20400080A0000006A1000004F
:100E20000000000000000000B1120000143BB100FF
:100E30000B0C0C0C0A030400E20400080A0000007A
:100E40006A1000000000000000000000310D0000EA
:100E50007A0534000B0C0C0C0A030400E2040008B1
:100E60000A0000006A1000000000000012100000DC
:100E7000000000000000000000000000B1190000A8
:100E8000000040000C0C0C0C0A030400E2040008F3
:100E90000A0000006A1000000000000000000000CE
:100EA000B1120000FF88D8000C0C0C0C0A030400DF
:100EB000E20400080A0000006A10000000000000C0
:100EC00000000000B10D0000F0FF4E000C0C0C0CF7
:100ED0000A030400E20400080A0000006A1000008F
:100EE00006000000BC010000C542000031420000C5
:100EF0008945000078000000010000003940000032
:100F00003F400000414000008000000068000000F9
:100F1000FB440000F7440000D144000067E6096A82
:100F200085AE67BB72F36E3C3AF54FA57F520E510A
:100F30008C68059BABD9831F19CDE05B982F8A4243
:100F400091443771CFFBC0B5A5DBB5E95BC256391B
:100F5000F111F159A4823F92D55E1CAB98AA07D833
:100F6000015B8312BE853124C37D0C55745DBE7256
:100F7000FEB1DE80A706DC9B74F19BC1C1699BE4D6
:100F80008647BEEFC69DC10FCCA10C246F2CE92D66
:100F9000AA84744ADCA9B05CDA88F97652513E988A
:100FA0006DC631A8C82703B0C77F59BFF30BE0C691
:100FB0004791A7D55163CA0667292914850AB7271F
:100FC00038211B2EFC6D2C4D130D385354730A65BC
:100FD000BB0A6A762EC9C281852C7292A1E8BFA293
:100FE0004B661AA8708B4BC2A3516CC719E892D1FB
:100FF000240699D685350EF470A06A1016C1A4197E
:10100000086C371E4C774827B5BCB034B30C1C397C
:101010004AAAD84E4FCA9C5BF36F2E68EE828F743B
:101020006F63A5781478C8840802C78CFAFFBE9055
:10103000EB6C50A4F7A3F9BEF27871C601234567A3
:1010400089ABCDEFFEDCBA9876543210F0E1D2C312
:10105000142030401C2010776C2564002530347833
:1010600000776C25643A20257320257320766572FD
:1010700073696F6E20257320465749442030312D07
:1010800025780A004E6F7620323920323032310016
:1010900032323A34393A3039006170200073746169
:1010A0002000776D6520003830322E313164200009
:1010B0003830322E3131682000726D200063616358
:1010C0002000616D7064752000616D7064755F74DF
:1010D000782000616D7064755F72782000616D73B7
:1010E000647572782000616D736475747820007285
:1010F0006164696F5F70777273617665200070322A
:101100007020006D6368616E2000646672747320E5
:10111000007478707772636163686520007374622D
:10112000632D74782000737462632D72782D31738F
:10113000732000776E6D20006273737472616E733A
:1011400020006D6670200073616520006964617520
:1011500074682000746B6F2000776C63006770699F
:101160006F6F757400000000E156010002000080FE
:10117000080000003D6F8900E2000000010000004F
:10118000000000000000000000000000020000005D
:10119000000031316400313168003131750054583C
:1011A000204D435320203A00202025642825642523
:1011B0002529000A20202020202020203A0000009D
:1011C000A1878900070080000100000000000000E6
:1011D00000000000000000005258204D4353202022
:1011E0003A006170707300615F77706100615F77D2
:1011F0007061690025733A20686F73745F656E6172
:10120000622025640A006273736366670062746318
:10121000006274635F646F735F73746174757300ED
:10122000955701000E0000000700000000000000BC
:101230000000000000000000636D005F5F004B5283
:1012400000000000BC580100E0ED88000000000034
:1012500000000000B058010000000000AA58010082
:10126000A4580100000000000000000080580100A8
:101270002C590100885801007FB2000000000000D6
:10128000000000000000000000000000000000005E
:10129000000000000000000000000000000000004E
:1012A0000000000090580100000000000000000055
:1012B000000000000000000000000000000000002E
:1012C000000000000000000000000000000000001E
:1012D000000000000000000000000000000000000E
:1012E00000000000000000000000000000000000FE
:1012F00000000000000000000000000001000000ED
:10130000B15801000000000000000000323032310E
:101310002D31312D32392032323A34323A343400E0
:101320000000FF0000000000FF00000000236E002E
:101330000000FFFFF00000000000000000000000BF
:10134000434C4D204441544100000C000200392E12
:1013500031302E3339000000000000000000000092
:101360000000312E32392E3400000000C458010034
:10137000C8570100436C6D496D706F72743A20312B
:101380002E33362E33000000000000000000000065
:10139000000042726F6164636F6D2D302E3000006B
:1013A000000000000000000000000000000000003D
:1013B000636E7472790064756D705F696E666F003C
:1013C00013858900000000400800000000000000B4
:1013D00000000000000000006576656E7471006614
:1013E00062740000115A010016000000775A0100D3
:1013F000180000008F5A01001B000000275A01004E
:101400001C0000009CEF88000E000000DA5901006B
:1014100033000000DA59010033000000435A010094
:1014200034000000435A010034000000435A010018
:10143000340000009BEF880001000000D05901003B
:101440000A0000009AEF8800010000000310303607
:10145000373839F4FFDD00010203040607080920CC
:10146000252829232A32300B0C424746333F40437C
:10147000363A3C3B2D3D484A7F596145626B6C6F63
:1014800070BFC0C3C4C744F4DD69656D000001329C
:101490002124302E46363B2D487F595E6BBFC74412
:1014A00085F4DD01320C354146303637393A382D76
:1014B0003D484A7F5A5F58646EBFC0C744F4DD00A0
:1014C00001020304060507080920252829232A32DA
:1014D000300B0C2E333F4043424746363A3C3B2DBF
:1014E0003D484A7F5659456B6C6F70BFC0C3C4C737
:1014F00044F4DD01320C35414636373A382D3D484B
:101500004A7F5A5F6EBFC0C744F4DD000132212418
:10151000302E463637393B2D487F595E57636BBFB7
:10152000C744859CF4DD696572006C7100444952C2
:101530004543542D007068790000A4040040000069
:10154000A40400800080D00420000000A404FF0157
:101550000000A40400040004A504FF032C01A5045A
:1015600000E000A0A504001C00000D04FF034000E3
:101570000D0400700040A204FF034000A2040070AC
:101580000040A804FF000100D004C07F00000C054B
:10159000FF010000A60400800080A604FF01FF00F8
:1015A0009A04FF01FF00F40900800080F40900386C
:1015B0000020F409FF0337009904FF0378009F041B
:1015C00000C000409F04FF039001D70408000800FA
:1015D000D70400700020AC093C001400F809040096
:1015E0000400706B745F66696C74657200000000C3
:1015F0000C000000FFFFFFFFFFFFFFFFFFFFFFFFEB
:1016000070726F745F670070726F745F6E000000BD
:10161000EC5B01000700000007000000FD5B01001B
:1016200006000000010000000000000000000000B3
:1016300000000000534145204861736820746F200A
:10164000456C656D656E74207531205031005341D5
:1016500045204861736820746F20456C656D656E28
:1016600074207532205032007361655F6D61785F60
:101670007077655F6C6F6F70007361655F70776521
:101680005F686E705F656E61626C6500405C010052
:101690002700000007000000585C0100280000003F
:1016A000070000006E5C010026000000070000003B
:1016B0000000000000000000000000007374665F7E
:1016C00074656D705F6D696E5F647574795F637961
:1016D000636C65007374665F74656D705F6D6F6ECB
:1016E00069746F725F74696D65007374665F7465A9
:1016F0006D705F74687265736800696473757000FB
:101700007470630074786300776170690000000092
:10171000000000000000000000000000600A00005F
:1017200080380100736470636D64657600000000AA
:1017300000000000005D010000000000000000004B
:101740000000000000000000000000000000000099
:10175000C5DF800045F6800059F68000C9DF8000B3
:10176000BDDF800089DF800051DD800000000000C7
:1017700055F680000000000000000000C57C01005C
:10178000A17C01008B7C0100E1F6800000000000DC
:10179000A5F68000F9F68000C1F68000EDF6800025
:1017A000000000000000000000000000158801009B
:1017B000698801000000000011880100258C0100EB
:1017C000F5890100598901000000000000000000B7
:1017D000000000000000000000000000C5890100BA
:1017E000000000001D1E1C0B80BA8C0100C201000D
:1017F000F20000008100000010000000C0AD3A02BD
:1018000000C20100EC000000810000002200000086
:10181000776C0000000000000000000000000000E5
:10182000C05D01000000000000000000000000009A
:1018300000000000000000000000000035E2010090
:101840001D8E8100E9898100298F81000000000040
:10185000B58C810000000000FD8D810000000000BB
:101860000000000000000000000000000100030074
:101870000300060000000300030003000E000D003B
:101880000E000E000E00020009000C000A00080005
:101890000D00010009000C000A0008000D00010005
:1018A00009000C000A0008000D00010009000C00EE
:1018B0000A0008000D0001000A000D000B000900DD
:1018C0000E0002000A000D000B0009000E000200CD
:1018D0000900390016000E000E000500090039004D
:1018E00016000E000E0005000A000D000B00090096
:1018F0000E0004000A000D000B0009000E0002009B
:101900000A000D000B0009000E0002001400BF00C9
:10191000C0001500110005001400BF00C000150034
:10192000110005001400BF00C000150011000500E3
:101930001400BF00C0001500110005001400BF0016
:10194000C0001500110005000900390016000E0046
:101950000E0005000900390016000E000E000500FB
:101960001400BF00C0001500110005000900390077
:1019700016000E000E0005000900390016000E00CA
:101980000E0005009600DE00DF00150011000500C6
:101990001400BF00C0001500110005000900390047
:1019A00016000E000E0005000900390016000E009A
:1019B0000E0005000900610016000E000E00050073
:1019C0000900390016000E000E0005000C00B600DC
:1019D00019001100110008000900390016000E005E
:1019E0000E0005000900B6001900110011000800E2
:1019F0000900B60019001100110008000900B60026
:101A000019001100110008000900390016000E002D
:101A10000E0005000900B6001900110011000800B1
:101A20000800370016000E000E0005000900B60081
:101A30001900110011000800000000000000000063
:101A40000000000000000000000000000000000096
:101A50000000000000000000000000000000000086
:101A60000000000000000000000000000000000076
:101A70000000000000000000000000000000000066
:101A80000000000000000000000000000000000056
:101A90000000000000000000000000000000000046
:101AA0000000000000000000000000000000000036
:101AB0000000000000000000000000000000000026
:101AC0000000000000000000000000000000000016
:101AD0000000000000000000000000000000000006
:101AE00000000000000000000000000000000000F6
:101AF00000000000000000000000000000000000E6
:101B000000000000000000000000000000000000D5
:101B100000000000000000000000000000000000C5
:101B200000000000000000000000000000000000B5
:101B300000000000000000000000000000000000A5
:101B40000000000000000000000000000000000095
:101B50000000000000000000000000000000000085
:101B60000000000000000000000000000000000075
:101B70000000000000000000000000000000000065
:101B80000000000000000000000000000000000055
:101B90000000000000000000000000000000000045
:101BA0000000000000000000000000000000000035
:101BB0000000000000000000000000000000000025
:101BC0000000000000000000000000000000000015
:101BD0000000000000000000000000000000000005
:101BE00000000000000000000000000000000000F5
:101BF00000000000000000000000000000000000E5
:101C000000000000000000000000000000000000D4
:101C100000000000000000000000000000000000C4
:101C200000000000000000000000000000000000B4
:101C300000000000000000000000000000000000A4
:101C40000000000000000000000000000000000094
:101C50000000000000000000000000000000000084
:101C60000000000000000000000000000000000074
:101C70000000000000000000000000000000000064
:101C80000000000000000000000000000000000054
:101C90000000000000000000000000000000000044
:101CA0000000000000000000000000000000000034
:101CB0000000000000000000000000000000000024
:101CC0000000000000000000000000000000000014
:101CD0000000000000000000000000000000000004
:101CE00000000000000000000000000000000000F4
:101CF00000000000000000000000000000000000E4
:101D000000000000000000000000000000000000D3
:101D100000000000000000000000000000000000C3
:101D200000000000000000000000000000000000B3
:101D300000000000000000000000000000000000A3
:101D40000000000000000000000000000000000093
:101D50000000000000000000000000000000000083
:101D60000000000000000000000000000000000073
:101D70000000000000000000000000000000000063
:101D80000000000000000000000000000000000053
:101D90000000000000000000000000000000000043
:101DA0000000000000000000000000000000000033
:101DB0000000000000000000000000000000000023
:101DC0000000000000000000000000000000000013
:101DD0000000000000000000000000000000000003
:101DE00000000000000000000000000000000000F3
:101DF00000000000000000000000000000000000E3
:101E000000000000000000000000000000000000D2
:101E100000000000000000000000000000000000C2
:101E200000000000000000000000000000000000B2
:101E300000000000000000000000000000000000A2
:101E40000000000000000000000000000000000092
:101E50000000000000000000000000000000000082
:101E60000000000000000000000000000000000072
:101E70000000000000000000000000000000000062
:101E80000000000000000000000000000000000052
:101E90000000000000000000000000000000000042
:101EA0000000000000000000000000000000000032
:101EB0000000000000000000000000000000000022
:101EC0000000000000000000000000000000000012
:101ED0000000000000000000000000000000000002
:101EE00000000000000000000000000000000000F2
:101EF00000000000000000000000000000000000E2
:101F000000000000000000000000000000000000D1
:101F100000000000000000000000000000000000C1
:101F200000000000000000000000000000000000B1
:101F300000000000000000000000000000000000A1
:101F40000000000000000000000000000000000091
:101F50000000000000000000000000000000000081
:101F60000000000000000000000000000000000071
:101F70000000000000000000000000000000000061
:101F80000000000000000000000000000000000051
:101F90000000000000000000000000000000000041
:101FA0000000000000000000000000000000000031
:101FB0000000000000000000000000000000000021
:101FC0000000000000000000000000000000000011
:101FD0000000000000000000000000000000000001
:101FE00000000000000000000000000000000000F1
:101FF00000000000000000000000000000000000E1
:1020000000000000000000000000000000000000D0
:1020100000000000000000000000000000000000C0
:1020200000000000000000000000000000000000B0
:1020300000000000000000000000000000000000A0
:102040000000000000000000000000000000000090
:102050000000000000000000000000000000000080
:102060000000000000000000000000000000000070
:102070000000000000000000000000000000000060
:102080000000000000000000000000000000000050
:102090000000000000000000000000000000000040
:1020A0000000000000000000000000000000000030
:1020B0000000000000000000000000000000000020
:1020C0000000000000000000000000000000000010
:1020D0000000000000000000000000000000000000
:1020E00000000000000000000000000000000000F0
:1020F00000000000000000000000000000000000E0
:1021000000000000000000000000000000000000CF
:1021100000000000000000002DE9F8430546884655
:10212000FBF33EF200212846FBF382F304462846E7
:102130006E69AF69F3F3F0F30A2E814616D90F2EBC
:1021400016D02846FAF31EF5142E054603D9A368C7
:1021500023F00803A360A368142E43F00103A360D7
:1021600014D9A36843F00803A3600FE0022E0FD92F
:102170002846FAF375F5D4F8A430054623F0FF039A
:1021800043F00203C4F8A430022303E0012301E07A
:10219000104D3023A268D20707D407F01802082A8E
:1021A0000CBFB5FBF3F54FF4E11507F0030700266C
:1021B0000BE004F54073B8F1000F05D03002181899
:1021C00049462A460023C0470136BE42F1DBBDE83E
:1021D000F88300BF00C63E052DE9F8431646984631
:1021E00004460D46FAF374F5002107462046FBF33A
:1021F0001FF3002281461346134988184068B0B97E
:102200000C225343CA18CE505560C2F808802046AD
:10221000FBF3C6F1D9F824300C4D1E432E60204646
:10222000FBF3BEF12B680125C9F8243004E001332B
:102230000C32052BE0D1002520463946FBF3F8F29D
:102240002846BDE8F88300BFBC5F0100E40300003E
:1022500038B5124C002148222046F0F365F4104AAC
:10226000012384E80C0000250E491F2204F10C0014
:10227000F0F332F584F82B50F5F31CF34FF4002300
:10228000A3634FF40003E363074B20632364074B0E
:102290006563DB696564A36038BD00BF1860010039
:1022A00044454247403901001C2B09007060010081
:1022B0004369142B01DDFAF317B57047436910B574
:1022C0000A2B04460ADD064901220346FFF784FF74
:1022D00020460121BDE8104007F096BA10BD00BFAE
:1022E00089160000C36910B5590704460CD5074B81
:1022F00000221968FBF3B4F005492046102223465A
:10230000BDE81040FFF768BF10BD00BF2C040000FF
:10231000FDB18000134B13B51360134601E0114C5F
:102320001C600433ADF17C04A342F8D3C41C24F038
:1023300003040D4B091B0D481960002303600C4872
:10234000083903600B4884E80A0003600A48026009
:102350000A4802F500520260094A1360EAF7C6FE15
:1023600044601CBD4B415453F403000014040000AE
:102370004804000004600100686001001060010072
:10238000F003000008B500211420EAF7BDFE054B5C
:10239000002118601422F0F3C7F3BDE80840F5F3FC
:1023A00001B100BF300400002DE9F0474D1C294663
:1023B000824605F0A1FB134C206000B34FEA85096B
:1023C00048460021EAF7A0FE0F4F804638600F4EC6
:1023D00068B14A460021F0F3A7F320680021F0F32A
:1023E0003FF73B6800221A603560BDE8F087504631
:1023F000216805F0D5FBC6F80080C4F80080BDE870
:10240000F08700BFF8030000E803000004040000A8
:10241000F0B5184F85B00F21386805F0C3FA0F28C2
:1024200003903E4624D184200021EAF76DFE124C31
:102430002060D0B100218422F0F376F3002501233F
:1024400004AA42F8043D00950195386821684FF4CC
:10245000F06305F0D5FA0130206803D03221ECF7A3
:1024600051FA05E0EAF7D8FE2560306805F0B8FAC1
:1024700005B0F0BD2C04000044040000B1F5E06F8D
:1024800073B504460E46154606D103690091002136
:1024900001911E680A460CE00D4B00221868FBF300
:1024A000B9F1014680B123690022009601921E68AD
:1024B00020462B46B04738B1064BA0611A686561CB
:1024C00022621C60002001E04FF0FF307CBD00BFA5
:1024D00000040000F85F01002DE9F84310200C46CD
:1024E000002191469846EAF70FFE054620B3144EA8
:1024F0003068FAF3EDF3099B074623B930682146AB
:102500004A46FBF387F13068FAF35CF50123834018
:10251000089AEB60AA600B4AC5F804801168156040
:10252000094A2960116830680B4313603946FBF390
:102530007FF10020BDE8F8836FF01A00BDE8F88352
:10254000000400003C0400001004000013B500214A
:102550000446FBF36DF1174B1860174B00F57060E4
:1025600018606369222B12DDE36958060FD540F627
:10257000270100222046FAF311F501462046FBF31D
:1025800057F10E4B002118602046FBF351F100205B
:102590004FF4006102460A4B00900190FFF79CFF48
:1025A00028B1012002B0BDE81040F4F377B602B0C4
:1025B00010BD00BF2404000094600100340400003A
:1025C000E9B1800073B5374B374C0193374B00218D
:1025D000202220461D682669F0F3A6F2012323601D
:1025E000334B26611B68E36145F8044C00F048FC5E
:1025F000ADF5FE513C390A462E48FFF78BFEF4F349
:102600003DF3F4F3A5F700F073F8FFF721FE002087
:1026100006F0D4FD284D294C286007F00FFA206001
:10262000FFF794FFFFF7AEFE206800F029FB20685B
:1026300006F0E8FD224B20681A6802F580321A6025
:10264000204B1A6802F580321A601F4B1A6802F597
:1026500080321A6000F0C0F800221C481C49F5F3D3
:10266000E7F002221B481C49F5F3E2F000221B4868
:102670001B49F5F3DDF000221A491B48F5F3D8F0A9
:102680002068FFF715FE2068FFF718FE2068FFF7A7
:1026900029FE286840F28F11FFF786FEFFF7B8FE8B
:1026A00020687CBDADDEADDE70600100945C010091
:1026B000906001008C6A03002C04000000040000FC
:1026C000F403000014040000046001008DDA8900A6
:1026D000891900001385890041B48000943B0100F2
:1026E00091B680001DB28000973B0100704700004A
:1026F00070B5174D2C682CBBB0202146EAF704FDBD
:10270000286010B32146B022F0F30EF24FF480603F
:1027100021462E68EAF7F8FCB060286886681EB982
:10272000EAF77AFD2E600DE04FF48062C260214628
:102730003046F0F3F9F12B68064A20461360064A4A
:10274000536170BD4FF0FF3070BD4FF0FF3070BD72
:10275000A8600100500400007060010070B5184CC2
:102760000546236833B9174E33680BB9FFF7C0FF2E
:1027700033682360206808B300230360C0F89C30EE
:102780004360012380F8A4306B6C0E3B012B03D90E
:1027900028460D49FFF7C0FC0C4B9A6812B122681D
:1027A000C2F89C3020680123C0F89C30F5F31EF07D
:1027B000074808492268F5F33BF0206870BD00BF68
:1027C00050040000A8600100716C010098600100D5
:1027D000242B870011BE800010B500230446102270
:1027E0000A49FFF7F9FC00212046FAF365F70022B9
:1027F00020464FF4A051EDF76DFF054B0022204617
:102800009A60BDE81040FFF7A9BF00BFE5BC80009B
:102810009860010038B504460D4651B11020F5F31B
:102820009FF1044B186020B180E830004FF4F06352
:10283000836038BDAC600100134B02461B68006822
:1028400010B500F47041DC1E090B042C08D800F40C
:102850007060000A0E30012313FA00F0484310BDE7
:10286000072B0CD8002010BD43F480741461146C45
:10287000013304F07F0401346403001901E00023F4
:1028800018468B42F0D110BD501400000368406818
:10289000181823F00703083398428CBF002001204A
:1028A00070470000044B054A186890421ABF00F1B7
:1028B00008021A6000207047A05C010000100000B0
:1028C0002DE9F34190E8480023F00704083413F0A1
:1028D000070202D19D19AC424AD0354680680022D9
:1028E00003E0875C0DF802700132B242F9D19E1804
:1028F000A64204D900293DD0361B951B00E00026D6
:1029000023F00707C7EB030C002204E012F807804E
:1029100000F8028001326245F8D18218002003E0FD
:102920001DF8007017540130A842F9D15B195219F3
:10293000E71A002004E013F800C002F800C00130DC
:10294000B842F8D1002E18DD00AB5D190023EA5C17
:10295000CA540133B342FAD1C918E4180022C3F1B2
:10296000080302E0A05C885401329A42FAD104E0E4
:10297000104603E04FF0FF3000E00020BDE8FC818E
:102980002DE9F0471C4B1D4C0026C4EB03081C4BE3
:102990004FEAA80803FB08F8474629E02368D4F863
:1029A00008A023F0070900251AF8052015F80930BA
:1029B0009A4202D00120F4F371F40135082DF3D1CD
:1029C0002046FFF763FF88B90E4B054603EBC70AA5
:1029D000013705EB09031AF805201B7A9A4202D049
:1029E0000120F4F35BF40135082DF2D101360C34EB
:1029F0004645D3DBBDE8F0879013000000100000CF
:102A0000ABAAAAAA00080000144B2DE9F0471B68E6
:102A1000134D9B68134F03F00F097F1B0123124ACC
:102A200003FA09F9BB1002FB03F80026444606E04E
:102A30002846FFF72BFF00B9013401360C35464517
:102A4000F6DB2246BB104FF0553404FB0323074846
:102A50004946BDE8F047F0F38DB000BF4C140000CC
:102A60000010000090130000ABAAAAAAA93B010025
:102A700041F4003138B5426304460163652502E044
:102A80000A20F4F355F5236B002B01DB013DF7D150
:102A900038BD836A43F0004383627047836A23F042
:102AA000004383627047F8B58668054601240F46E7
:102AB00006F00F06FFF7F2FF14FA06F6AC62EF62BB
:102AC000002405E0A1B228460022FFF7D1FF01341F
:102AD000B442F7DBF8BD00002DE9F041FFF7E2FE5C
:102AE000194E1A4BDFF87080194FF61A194BC8EBC4
:102AF0000707002814BF05461D4604465D1BFFF767
:102B000083FF47B1002140463A46F0F30DF04046BE
:102B10003946F4F383F146B100210C483246F0F314
:102B200003F00A483146F4F379F155B1002120460B
:102B30002A46EFF3F9F720462946BDE8F041F4F3C1
:102B40006DB1BDE8F08100BF9013000000100000DF
:102B50000008000000100000C5040000424B2DE9F1
:102B6000F74F1D6841492846FFF79DFF404A414BFA
:102B7000A968D31A404A9B105A43019271D0012090
:102B800001F00F0110FA01F18A4201DDF4F386F33E
:102B90002846FFF751FE394BA0F1040B1A689946FD
:102BA0000E2A01D8861000E001264FF00008314CB3
:102BB0004CE06368013B072B01D8A36813B90120DF
:102BC000F4F36CF32046FFF761FE38B9FFF76AFEB5
:102BD000074620B90120F4F361F300E00027204606
:102BE0003946FFF76DFE10B10120F4F357F3DFF81B
:102BF0007CA0A1682268D9F80030CAEB010122F05C
:102C00000702C9100E2B96BF02EA0B02324346EAB6
:102C1000920289B22846FFF72BFFA7B12268D9F8A4
:102C2000003022F00702CAEB07010832C9100E2B50
:102C300098BF02EA0B0289B28CBF324346EA920285
:102C40002846FFF715FF08F101080C34019B984551
:102C5000AFDB2846FFF71DFF03B0BDE8F04FFFF7DD
:102C60008FBE03B0BDE8F08F4C14000000080000D8
:102C70009013000000100000ABAAAAAA5014000094
:102C80002DE9F7430446FAF38BF4204600F008FAE6
:102C90006B48EAF71DF92046F2F334F600F5787038
:102CA0004FF47A730730674FB0FBF3F0386020467B
:102CB000F2F328F6644B654AC3186169B3FBF2F37B
:102CC000634A22291360634E634D04DDE3695806AD
:102CD00001D5336800E02B6803F5C2630433D3F8F1
:102CE00000E030682B68222905DDE269520602D532
:102CF00000F5C26201E003F5C26204321268964533
:102D0000F1D0222905DDE269520602D500F5C26341
:102D100001E003F5C2630433D3F80080EAF7B8F8A2
:102D20003168814660692A681025222805DDE3693B
:102D30005B0602D501F5C26301E002F5C26304330C
:102D40001B689845F1D0222805DDE3695E0602D5AF
:102D500001F5C26301E002F5C2630433013DD3F81B
:102D60000080E2D1EAF794F83A68C9EB0006B2FABB
:102D700082F39A40191FB2FBF6F2384B01321A6007
:102D80004FF47A73A2FB03233548CA400160C1F1B6
:102D9000200113FA01F08018ECF742FB3968042394
:102DA0000FE0B5FA85F2B6FA86F0013A8242A8BF82
:102DB0000246964095409B18B6FBF1F201FB126665
:102DC000551915F0404FECD0264A1360264B40F2BF
:102DD000FF321D60236A002B244BC8BF6FF07F4277
:102DE0001A606369222B0CDDE369580609D50020BF
:102DF00040F6270102461E4B00900190FFF76CFB46
:102E000005E020461A4920220023FFF7E5F90020BB
:102E10001849F0F301F5184D286078B10120F4F35A
:102E20006DF220462D68F2F36DF5B5FBF0F04FF42E
:102E30007A754543114BA5F5FA651D60BDE8FE8323
:102E4000E91E0000A45C01003F420F0040420F0059
:102E5000B40300003404000024040000A8030000B0
:102E6000AC030000A4030000A0030000B0030000B6
:102E700019B980008C8502008404000080040000E1
:102E80000D4B00211A6842F010021A601A6822F4F1
:102E900000721A60094A136843F0807343F4803368
:102EA0001360074B07221A6043F8041C59685A60E4
:102EB000044B20221A60704714ED00E0FCED00E0A6
:102EC000241000E000E400E070B504460E46FAF37A
:102ED00067F32046F9F3FCF60546EAF75BFD40F69A
:102EE0002A0102462046FAF395F48269436926B125
:102EF00042F0004243F0004303E022F0004223F09E
:102F000000438261294643612046BDE87040FAF3E0
:102F10008FB42DE9F84304461E4690460D46FAF359
:102F20003FF32046F9F3D4F64146324607462046A1
:102F3000FAF370F42046FAF345F00646EAF72AFD64
:102F400040F62A0102462046FAF364F44FF00108E5
:102F5000814685B108FA06F5836933EA050502D191
:102F60004046E9F787FF01360120B040E9F774FFDA
:102F7000C9F818500EE0701C08FA06F608FA00F0BE
:102F8000E9F778FF4046E9F767FFD9F818301E43A4
:102F9000C9F8186020463946BDE8F843FAF348B44A
:102FA000034630B1002000E01046421C5B08FBD114
:102FB000704770470346032B10B510460C461DD8CA
:102FC000FAB1022B0BD0032B14D0012B03D0FFF747
:102FD000E7FF0D4B06E0FFF7E3FF0C4B02E0FFF7C6
:102FE000DFFF0B4B186043F8044C5A6804225A6008
:102FF000002010BDFFF7D4FF064BF3E76FF0010090
:1030000010BD6FF0010010BD241000E0341000E08E
:10301000441000E0541000E050B1431E034207D0BA
:10302000002300E013465A1C4008FBD101209840C1
:103030007047000070B5EAF7E3F90446EAF7DAF9F9
:10304000164E241826F4FE4626F0FF0606F5004626
:10305000A41B1ED00125B4F5004F0FD328463146DE
:103060004FF40042FFF7A6FFB0B90135EDB2042DD1
:10307000A4F5004406F50046EDD170BD20465CB1D4
:10308000FFF7CAFF314602462846BDE87040FFF709
:1030900091BF4FF0FF3070BD70BD00BF8C6A030060
:1030A0002DE9F8430446FAF37BF2204640F60E0180
:1030B0000022FAF3AFF30546002838D02046FAF391
:1030C0006BF2014618B920460A46F9F3F5F5204699
:1030D0002F68D5F80080F9F303F60428064605D8D2
:1030E00025D108F4E028B8F5403F20D10020504910
:1030F000F0F392F3D8B907F0F0073F090FE0013F72
:10310000072E2F6108D90C2E06D02B6C03F44063D8
:10311000B3F5406F00D010B1464B01206B61002F1A
:10312000EDD1D5F8E83123F01003C5F8E831EAF71E
:1031300031FC40F62A0102462046FAF36BF33E4D7D
:1031400006462860EAF726FC314602463B48EFF384
:1031500011F52046F9F3C4F5394B18602B681A684D
:1031600042F080721A601A6842F002021A6000226D
:10317000C3F8E0216269272A05DDD3F8E02142F097
:103180004002C3F8E02140F2DD5602E00A20F4F3E9
:10319000CFF12B68D3F8E0319B0301D4013EF5D188
:1031A00000210B4620464FF40062FFF7B2FE0021DB
:1031B0000B46204640F61202FFF7ABFE00210B46FD
:1031C000204640F62902FFF7A4FE20460121FFF722
:1031D0007BFE00201B49F0F31FF300B32046F9F3F8
:1031E00077F50646EAF7D6FB40F62A010246204666
:1031F000FAF310F3D0F814900746D0F898802046E0
:10320000F9F366F50123834043EA09037B6148F043
:103210000103C7F8983020463146FAF309F32B68CA
:103220001A6A42F003021A62BDE8F843FFF702BFD0
:1032300097850200FF7F0121B0600100BB3C0100C7
:10324000B8600100A28502000721C0F8A411402146
:10325000C0F8A8114FF4F061C0F8C8111821C0F8E7
:10326000CC1108210122C0F8D01106210A23C0F890
:103270009C21C0F8B021C0F8DC11C8221C21C0F884
:103280009831C0F8B42120231022C0F8E0110C219D
:10329000C0F8A031C0F8BC31C0F8C031C0F8C421BA
:1032A000C0F8D431C0F8E4110323C0F8E8210421A8
:1032B000C0F8F0210022C0F8D831C0F8EC11C0F8F5
:1032C000F421C0F8FC21C0F80032704741F2E44319
:1032D000984206D144F2F4300B1A584240EB0300F6
:1032E000704700207047D0F81C1238B5044659B119
:1032F000806804F0D0FB0546D4F81C02F4F33CF4DB
:103300000023C4F81C3200E00D46284638BD7FB5C6
:103310000446062384200393F4F31CF4C4F81C022F
:10332000B8B100218422EFF3FFF300251C23A0682D
:10333000D4F81C1203AA0095019504F061FB06461F
:10334000013008D1D4F81C02F4F316F4C4F81C526E
:1033500001E04FF0FF36304604B070BD2DE9F0417A
:1033600004460D461646984640F2E93702E00A2028
:10337000F4F3DEF063691A6D002A04DA013FF6D136
:103380003846BDE8F081069A46443602B2F1807FA5
:1033900046F0004603D12A7842F08072B6181E65C6
:1033A00040F2E93602E00A20F4F3C2F063691B6DD3
:1033B000002B03DB2B700120BDE8F081013EF2D130
:1033C0003046BDE8F08100002DE9F0438BB01D468A
:1033D000DDF848909F4B0846C3F800901146174609
:1033E000FFF774FF002800F030814FF40B70F4F306
:1033F000B1F30446002800F0298100214FF40B723C
:10340000EFF392F3A560C4F814902046FFF71CFF79
:10341000914B1E68C4F818621EB13678003618BF8A
:10342000012604F12808404602214122F0F382F4EB
:103430000023009301930293384629464A46139B82
:1034400006F024FBE060002800F0FA80F9F338F47D
:103450002060E068F9F344F46769804A7B6880493A
:1034600003F0010383F00103D4F800C0002B18BF60
:10347000114684F87A3140F629039C456060D4F8FF
:1034800008E0E26807F5007303D110B107F508778B
:1034900001E007F504770097D4F8BC010190D4F857
:1034A000C0010290D4F8C80103904FF0FF3004909F
:1034B000D4F8C401059008200690002007907046BB
:1034C00004F04EFC6062002800F0BA80D4F81812B4
:1034D000644FB9B10B78ABB1D7F8B03098476249B7
:1034E0002246D4F81802F0F32DF3D4F818025F49FD
:1034F000224604F0F1FA2EB12046FFF708FF00281B
:1035000040F09E8002210A46D7F8B830606A98479A
:1035100020460021E2682B4600F06EF92061002869
:1035200000F08E8000210B462046514AF3F336F519
:103530000023C4F8940184F87D314E48F5F304F07B
:1035400010B3EFF347F5012383404B48C4F88431AF
:10355000F4F3FAF710B1EFF33DF508B1D4F88401B4
:10356000C4F8880145490020F0F356F1030CA4F893
:103570008C31A4F88E013BB100212046404A0B4615
:10358000F3F30CF5C4F8900100203E49F0F344F148
:10359000012808BF84F822022046F6F391F400289F
:1035A00035D000200125C4F8A40184F82A523649F8
:1035B000F0F332F120B184F805523448EFF3DAF237
:1035C00000203349F0F328F1C0B28DF8260068B12D
:1035D00000F00F004FF080730AA901F8020D4FF4BC
:1035E0004072009320460F23FFF7B8FE0AA9082374
:1035F00001F8013D636900221D6F1A674FF0807367
:1036000000932046F023FFF7A9FE63691D67214957
:1036100022462148F4F30CF12048F3F3ABF7204B9A
:1036200004F58472511C1A600332DA60D4F8F02079
:10363000596004F585719960C3F810805A6105E0FE
:103640002046F4F399F2002400E0044620460BB033
:10365000BDE8F0838804000044040000B98502003E
:10366000CB85020010A7880051E78000CDE78000DD
:1036700091F08000E08502000A86020002860200C6
:10368000EDE68000D5850200C1850200E9850200D3
:10369000AD85020095E68000E03C0100F9E2800083
:1036A000BC60010038B50025044680F879510069F6
:1036B00000F0DEF82046F6F3F5F5E0682946F9F368
:1036C000F9F2D4F8940128B1F3F3ECF3D4F89401AF
:1036D000F3F312F4D4F8900128B1F3F3E3F3D4F840
:1036E0009001F3F309F4E06805F078FFD4F81C3298
:1036F00023B11B7813B12046FFF7F5FD2046BDE846
:103700003840F4F339B210B58469A068FFF7CAFFF6
:10371000E06805F061FD002010BD000010B584696F
:103720000021342204F11C00EFF3FEF1034BA068EA
:1037300063622462F6F32AF3002010BD91F6800044
:103740002DE9F347274D99462B680646072B0F4670
:10375000924640DC05F032FD80465020F4F3FAF149
:10376000044600283AD000215022EFF3DDF12B6807
:10377000A4F8149084E848002761C4F80C8020461F
:1037800041F2E4414A4643468DE88004FFF71CFEBF
:10379000A06010B300200A990B9A134B8DE84004E7
:1037A000FEF79AFE074618B1A068FFF77BFF12E00C
:1037B000A068F6F367F12B68A0610F210B4A304631
:1037C000EFF318F2F7730A483146EFF3D3F12B68A1
:1037D00001332B6002E0002400E004462046BDE8EF
:1037E000FC8700BFD4600100C1F680003386020070
:1037F00013860200F4F3C0B12DE9F0411B4F984647
:103800003B780546072B144626D85420F4F3A2F142
:10381000064610B300215422EFF386F13B780022D4
:1038200086F8443001333B700123B46086E8200100
:10383000A6F84C20A6F85020A6F84E20A6F8522054
:10384000B3640420F4F386F10446306440B10021EF
:103850000422EFF369F100E000263046BDE8F08174
:103860003046F4F389F12646F7E700BFD86001003F
:10387000C26B1AB100235362826B5362C068FFF7B8
:10388000B9BF0000054A064BD17E1970117F5970EF
:10389000517F9970927FDA70704700BF8C6A030085
:1038A000906001002DE9F04F8FB0E9F7A9FD474E78
:1038B000474D3368049005932B68B3F5805F00F2A1
:1038C0008180444F44493868EFF3A6F701287AD045
:1038D0002B68DFF81C910393D9F80030002406937D
:1038E000DFF810812368DFF810A10793D8F80030C3
:1038F000DFF808B10893DAF80030384A0993DBF8AA
:103900000030D7F800C00A93354B126819680C9242
:103910000B913449301D0968039A0D916146CDF829
:1039200008C00193EFF37CF021462A683868EFF372
:10393000FBF02D4A019BCAF800202849294A049827
:103940001C6014600C604FF0FF32311A3C60C9F803
:1039500000402C60C8F80040CBF80040EFF38CF733
:103960000599019BCA439042DDF808C029D1039A0A
:1039700006992A60C9F8001021681C4AC7F800C0DF
:103980001160079A08992260099AC8F80010CAF8CD
:1039900000200A990B9ACBF800101A600F490C9B73
:1039A000039A0B600D9B0F4960460B60311DEFF3CE
:1039B00037F02A68301D21460FB0BDE8F04FEFF315
:1039C000B3B0FEE7FEE70FB0BDE8F08F8C6A0300EE
:1039D0009C5C0100985C0100828602004C1400008F
:1039E0004814000050140000DDBAADBB38140000CC
:1039F000945C0100441400003414000040140000E2
:103A000070470000774B2DE9F04F1B6891B0043BE5
:103A1000012B03D8744B1868FFF7F2FFFEF7D2FDB5
:103A200000210446F9F334F720460021F9F300F7AA
:103A3000054658B12046F9F3B3F52B6A002B05DA99
:103A40002046F9F3ADF54FF000432B62E9F7CBFFC9
:103A50002046F9F3CBF00EA90822EFF3F1F202466B
:103A60002046D4F840B00B92F9F38CF08246204601
:103A7000F9F388F081462046F9F384F08046204629
:103A8000F9F3EEF007462046F9F3EAF00646204641
:103A9000F9F3E6F005462046F1F334F701462046F7
:103AA0000C91F1F32FF784462046CDF834C0F1F3A2
:103AB00029F70B9A0C99DDF834C0029208F54248B8
:103AC0004A4A05F5424500F542400AF5424A09F5E1
:103AD000424908F5A87807F5424706F5424605F53C
:103AE000A87501F542410CF5424C00F5A870B8FBF1
:103AF000F2F8B5FBF2F50CF5A87CB0FBF2F00AF594
:103B0000A87A09F5A87907F5A87706F5A87601F54A
:103B1000A871B1FBF2F1DFF8F8E0BAFBF2FA02FBB0
:103B20001899B7FBF2F702FB156602FB10C2CDF83D
:103B300004E0DFF8E0E02E4BB2FBFEF2B9FBFEF949
:103B4000B6FBFEF6089109922A492B4A2B480093AE
:103B5000CDF80CB0CDF810A0CDF8149006970796CC
:103B6000EFF308F0264840F60D0144F2F432FEF778
:103B700085FC38B1224840F6290144F2F432FEF7C0
:103B80007DFC20B91F4A204B1D4D1A6000E0002526
:103B9000204605F01BFE44F218334FF6FF729042A8
:103BA00014BF02461A4640F612011848FEF766FC9A
:103BB0001649002818BF00214DB141B1124B2846CB
:103BC0001B685B6898472B6928465B6898472046C6
:103BD000F9F3E6F42946FEF71DFE204611B0BDE8D4
:103BE000F08F00BF501400004C14000040420F0042
:103BF0007D8602003F8602007E8602004486020027
:103C0000A85C0100D45C01008C040000945D0100FC
:103C100040390100A0860100084670472DE9F04FA9
:103C2000D1F8FC3091B00B9303F56063044609931F
:103C300071E10E22002320460BA9E8F3DBF50F28E3
:103C40000746204602D1E8F373F56CE100220BA988
:103C50001346E8F3CFF510F00E0F40F061818B4E64
:103C60003A0D3E4040F23B43360A00F4F8789A425F
:103C700008924FEA181804D140F6FF739E4200F0F4
:103C80004A8100F478534FEA532B002B00F0438114
:103C900000F4F82A00F47803DB0C4FEA9A3A13EBAD
:103CA0000A02079325D140F267339E4214D10CAB30
:103CB00001930DAB02930EAB03930FAB049320461D
:103CC0000BA913460092E8F335F5002800F0238194
:103CD0000C9BC4F858331EE140F2DC539E4208D0DE
:103CE00040F20B539E4204D040F627039E4240F020
:103CF0001281D4F8D050314605F1B60344F8237050
:103D000005F1C60344F823002046FFF785FF04EBC6
:103D10008503C3F8D40000270BE0012220460BA93D
:103D20001346E8F367F500F00E00022840F0F88033
:103D300001374745F1D10CAB01930DAB02930EABAC
:103D4000002703930FAB049320460BA93A463B464A
:103D50000097E8F3EFF420B1B94627E04FF00109EE
:103D600000E08146402300930CAB01930DAB02931E
:103D70000EAB039300220FAB049320460BA913460E
:103D8000E8F3D8F40028E9D1B9F1010F0ED00D9B6A
:103D9000002B40F0C5800F9B002B40F0C1800E9A95
:103DA000B2F5805F40F0BC809946DBE70C9A04EBEB
:103DB0008503C3F814210E9A0127C3F8D4210CAB54
:103DC00001930DAB02930EAB03930FAB0022049350
:103DD00020460BA93B460092E8F3ACF460B1012FFA
:103DE0000AD10E9BB3F5805F06D10C9904EB8502D6
:103DF000C2F89411C2F8143201370028DFD13746D7
:103E00004FF001082E4617E00025002300930CAB6D
:103E100001930DAB02930EAB03930FAB04932046BB
:103E20000BA942462B46E8F385F408B10135ECE7CF
:103E3000002D75D008F10108D845E5D135463E463C
:103E400000271FE0C02300930CAB01930DAB02933E
:103E50000EAB03930FAB049320460BA93A46002305
:103E6000E8F368F400285BD00F9B002B58D10E9B21
:103E7000B3F5805F54D127B90C9A05F1A60344F835
:103E8000232001375745DDD1002739E000FF0F001F
:103E9000802300930CAB01930DAB02930EAB039305
:103EA0000FABBBF1010F0CBF3A467A1C04932046BE
:103EB00000230BA9E8F33EF4089A40F23B439A42F0
:103EC0000DD140F235139E4209D1D4F870330C99CC
:103ED00004EB83020133C2F87413C4F87033F8B1F1
:103EE0000F9BEBB90E9BB3F5805F19D1BAF1000FB0
:103EF00005D127B90C9A05F1A60344F82320013710
:103F0000079B9F42C4D1B9F1000F04D1D4F8D0303F
:103F10000133C4F8D0300B9B099A9342FFF489AE69
:103F20000023C4F8D03011B0BDE8F08F10B5D0F840
:103F30007023002306E0D0F870134FF44C74C1F8DE
:103F40000049013304309342F5D110BD2DE9F84307
:103F500000270446154699460E46B84609E0304605
:103F600000210422EEF3E0F50137C6F80080B046E8
:103F700076194F45F3DBC4F80080BDE8F88370B5CF
:103F80000D460446D8B1D1B10E68C6B1B389CBB9DC
:103F9000738A03F00303012B03D1F06908B1F3F333
:103FA000EBF5738A201D23F0040373823146EDF391
:103FB00061F723890020013B2381286070BD6FF0E9
:103FC000010070BD6FF00F0070BD2DE9F74F0C9F21
:103FD000019116469A46DDF834B0BDF83890054692
:103FE000002857D00F9B002B54D0002952D0002A14
:103FF00050D0BBF1000F4DD09BF80030002B49D0C2
:1040000000F104084046EDF341F70446002844D08F
:10401000B9F1010F0BD157B906FB0AF0F3F39AF58A
:10402000074638B940462146EDF324F735E04FF016
:10403000000800E08046002124222046EEF374F5BB
:10404000019B0822A360638A204623F0030349EA08
:10405000030343F0040363825946EEF33DF6002365
:10406000B9F1010FE3710CD1A4F814A0C4F81C80BD
:10407000A66104F12000394632465346FFF766FF39
:1040800001E0EB6863612B89002001332B810F9BDA
:104090001C6004E06FF0010001E06FF01A00BDE861
:1040A000FE8F2DE9F84307460E461546002A2DD00F
:1040B00000282BD0002929DD1020F3F34BF504460E
:1040C00040B300211022EEF32FF5E760242707FB11
:1040D00006F966814846F3F33DF5804630B920463F
:1040E000F3F34AF56FF01A00BDE8F88300214A4661
:1040F000EEF31AF5204640F8048B41463A46334623
:10410000FFF724FF2C600020BDE8F8836FF001006A
:10411000BDE8F8836FF01A00BDE8F88370B5064675
:1041200060B1046854B125895DB92068F3F324F5C2
:104130002046F3F321F53560284670BD6FF001008D
:1041400070BD6FF00F0070BDFFF719BF1FB50024E1
:10415000019203930A46234600940294FFF735FF29
:1041600004B010BDFFF70BBF51B1032902D80423DF
:10417000136003E0033121F0030111600020704758
:104180006FF0010070472DE9F04186B005460C46FE
:104190001E46DDF83080174612B31BB1B8F1000F90
:1041A00003D11DE0B8F1000F1AD12846214605AA17
:1041B000FFF7DAFFB0B92EB1059B7B4398450FD3CB
:1041C000B3070DD10D9B28460193012302930E9B4B
:1041D00021460393059A3B460096FFF7F6FE01E061
:1041E0006FF0010006B0BDE8F08110B5044690B153
:1041F000C36823B1406804F10C01FFF7A5FFA36871
:1042000023B1606804F10801FFF79EFF2046BDE876
:104210001040F3F3B1B410BD2DE9FF410746102063
:104220000D4616469846F3F395F40446F8B100217E
:104230001022EEF379F4124A27606560019204F1CE
:1042400008020023029228460C2132460093FFF711
:104250009AFF034658B90B4A0090019204F10C02F0
:10426000029228460C214246FFF78DFF18B12046E6
:10427000FFF7BBFF0024204604B0BDE8F08100BF7B
:104280009086020088860200FFF7AFBF8069704702
:10429000008A400070470000808ACB69B2FBF0F3CF
:1042A00000FB1322D2B242F000421B0642EA134343
:1042B0008B61002300E001338869094A002802DA93
:1042C0009342F8D106E0934204D0C30005D4C0F372
:1042D000407070474FF6FF7070474FF6FF707047A1
:1042E0008096980010B58468002364694B61302C77
:1042F000C4BFD1F8F43003F47E03C1F8F430BDE854
:104300001040FFF7C9BF2DE9F041002480460F4659
:104310001601254640463946AA19FFF7E3FF4FF636
:10432000FF73984206D0A84001350443102DA4B273
:10433000F0D100E004462046BDE8F081BF230B80A9
:10434000FF2313807047013906291DD8DFE801F0EB
:10435000040A1C1C101C1700202343824023838264
:10436000802310E04023438283824FF480730AE06D
:1043700060234382402383824FF4C07303E0102301
:1043800043824023838203820020704701390A2937
:1043900019D8DFE801F006080A0C0E1810181818D2
:1043A000130040230CE060230AE0802308E0A023F0
:1043B00006E0C02304E04FF4807301E04FF4C073C3
:1043C000438220238382838A428A53431B110382C0
:1043D000002070476FF01600704770B50446058ADC
:1043E0008068F8F375F400210646A068F9F320F21E
:1043F000A2685369222B05DDC36C9B059B0D073317
:10440000DB08A38510463146F9F312F2A38D6D0047
:10441000E81A023870BD70B5044680680D4616462D
:10442000F9F394F030B1204629463246BDE8704099
:10443000FFF769BF06F5806635F8160080B270BDDB
:10444000F8B50446806816460F46F8F341F400219B
:104450000546A068F9F3ECF13A4601462046FFF71D
:10446000DAFF29463080A068F9F3E2F10020F8BDB8
:1044700001392DE9F84F044691461E460E2971D8A0
:10448000DFE801F008187028707070347070707078
:1044900070703B0090F82E20838B0AB1C58C00E031
:1044A000C58BED1AA369D9052ED53368AB4233D33A
:1044B000A78B36E090F82E20038C0AB1C58C00E063
:1044C000458CED1AA3699A051ED53368AB4223D3F8
:1044D000278C26E083694FF0020513F4806F13D018
:1044E0003368012B18D9876A02371AE0878CC58C8C
:1044F0008369ED1B13F4006F05E0878BC58C83691E
:10450000ED1B13F4407F04D135606FF01D00BDE852
:10451000F88F3368AB4204D235606FF00D00BDE810
:10452000F88FA068F8F3D4F300218346A068F9F36C
:104530007FF14FF00008824609E008EB07022046B1
:104540005146FFF768FF08F1010829F8020BA8455A
:10455000F3D1A0685946F9F36BF1C6F8008000204A
:10456000BDE8F88F6FF00100BDE8F88F73B5002348
:10457000ADF80430ADF80630836804465B690D463B
:10458000272B05DDCB691B051B0D1B11043B06E02A
:104590001B2B06D84FF492629A4002D50C238362FB
:1045A0000EE0242B01D0272B04D1238A7F2B05D8A2
:1045B0000C2304E0172B01D0182B01DD1423A36278
:1045C000EB6903F4E023B3F5803F0ED04FF00443D2
:1045D000AB61002300E00133AA69002A2E4A02DA07
:1045E0009342F8D157E0934255D02B69A26AA36158
:1045F000033220462946FFF70EFF284BA269000927
:1046000003401343A36103F440730022B3F5407FDA
:1046100084F82E2002D1012384F82E30A36A0DF1F4
:1046200006020433A383238A2046E383E38401A99B
:10463000FFF784FEBDF80620BDF80430D61AB6B2E6
:1046400016B1E3836384A284A369DB050AD52046FF
:104650002946A26AFFF7DFFE000980B200B1E083BD
:10466000E38B00E0A38B2384AEB92046FFF7B5FEB1
:10467000A36900EBD07040106084980509D5A26A48
:10468000204629460132FFF7C6FE00096084A08457
:1046900001E0238CA3847CBD8096980000FFFF007E
:1046A000F8B543690546152B01D0162B3CDD28468D
:1046B000F8F340F70646002836D12846F8F33CF7D1
:1046C000002833D02846F8F303F33146074628463E
:1046D000F9F3AEF00646EAF7FDF86B690446302BB5
:1046E00004DDF16901F47041090B03E0A96901F4EB
:1046F0006011C90C91B1F36903F4E0231B0C012B89
:1047000003D12046FFF742FE03E013B92046FFF72E
:104710001AFE20463146FFF729FF00E00C462846E6
:104720003946F9F385F002E0002400E00446204613
:10473000F8BD08B54368DB68984708BD08B543680D
:104740001B68984708BD73B5002604460196EAF732
:10475000C1F84C2231460546EEF3E6F16369152BAC
:104760002B6001D0162B02D9EAF7B8F868606B68A5
:10477000D3B1AC602046F8F313F7E8602046F8F3B5
:10478000DBF6064620B92046012101AAF8F30AF714
:104790006B6820461B699847054636B92046314666
:1047A00001AAF8F3FFF600E01D4628467CBD2DE97E
:1047B000F7439946002304460F4690460193F8F3C9
:1047C000BBF6054620B92046012101AAF8F3EAF616
:1047D0002046F8F3B1F678B12046F8F3ABF658B9B5
:1047E0002046FFF7B0FF50B1436839465E69424644
:1047F0004B46B047064604E06FF0180601E04FF064
:10480000FF3625B92046294601AAF8F3CBF63046F3
:10481000BDE8FE8382604160016070472DE9F04190
:10482000541A012C0F461E46069D0EDD2046F3F35A
:1048300091F1804670B139462246EEF3F1F0C6F8A8
:10484000008000202C60BDE8F08100201860286006
:10485000BDE8F0816FF01A00BDE8F0810EB4F3B549
:1048600081680446012945D908AB4068079A01933D
:10487000EEF3A8F2431C064603D0A368023B98421D
:1048800002DD0020A06036E060683D21EEF3CAF151
:1048900040B367682568C71B21E028463A46EEF317
:1048A000ABF0B0B9EB5D3D2B13D12846EEF3E8F148
:1048B0006268471C731CDB1B521BE919D21828467F
:1048C000EEF30EF16368DB1B6360A368DF19A7607A
:1048D00008E02B4613F8012B1D46002AFAD1616827
:1048E0008D42DAD3A368701C1B1AA36063681B187F
:1048F000636000E00020BDE8FC4003B070470000AA
:104900002DE9F04FBBB01A9019911B921893002B10
:1049100002F01C874FF48050F3F31CF11290002832
:1049200002F0148737A812994FF48052FFF772FFF4
:1049300000214FF480521298EEF3F6F0189A1168A5
:10494000D9B10B78CBB1449A1368022B03D814E089
:10495000013A026000E0449802688B1813F8014C99
:104960001CB913F8023C002BF2D01298EEF358F069
:104970004499389A0B68D318389300238DF89C30EB
:104980004FF0FF321593139301231192169302F007
:10499000A8BE1999012251F8046B002319911792AE
:1049A0001493179949B1F25C5F1C1092013AD2B28C
:1049B000FD2A0FD8F55D9F1C0DE0F15C4A1ED2B2B6
:1049C000FD2A109103D880220D46109200E0179D19
:1049D0005F1C00E000257B19B3F5607F82F27E86C4
:1049E000109B202B28D005D8152B0BD01B2B42F069
:1049F000708664E01099222935D030D3802942F0A6
:104A0000688667E0F3195A78F35D1202D318072B12
:104A100012DDBC1C34192246E14937A8FFF71EFFFE
:104A20002046EEF32DF1FA1C1218DE4937A8B21811
:104A3000FFF714FF02F04DBEF4196278F35D120225
:104A4000D21837A8D849FFF709FFE378A2781B02EC
:104A500037A8D6499A18FFF701FF02F03ABEF25D77
:104A6000149202F036BE149B0C2B02F02D869DF89A
:104A70009C30002B42F02D86F35D042B42F02986FA
:104A800007F1020806EB08042046EEF3B9F6002809
:104A900042F01F8616F80830DB0702F11A8627A9B4
:104AA0002046EEF325F31199013142F01286F319F5
:104AB0009A79DB791202D318119302F00ABEF31926
:104AC000DA799B7937A8BA4943EA0222FFF7C6FE92
:104AD00002F0FFBDF35DF4198F2B02F2FA8501A2FB
:104AE00052F823F0399301006B93010055940100B3
:104AF00015990100F19A0100D59801005398010021
:104B0000719801007B940100199B01008D9B0100AD
:104B1000B59B0100C99B010057BC01003B9A0100F5
:104B2000BB980100F7970100619C0100A19C010066
:104B30004B930100E19C0100EF9C0100119D0100DD
:104B40001F9D010017930100D992010057BC01007D
:104B5000FD9401002D9D01001195010057BC01003D
:104B600057BC010057BC0100439D0100879D010017
:104B70009B9D0100BD9E010081A0010057BC01006A
:104B800057BC010025A20100C9920100B9920100A1
:104B9000A99201009FA30100B3A30100C7A30100D4
:104BA000DBA3010057BC0100E99B0100EF94010069
:104BB00057BC010057BC0100ED930100A7A60100FE
:104BC000EFA301006B9D0100799D0100B5A60100D6
:104BD0001DB4010057BC010057BC010057BC0100C7
:104BE00057BC01001D95010047A4010071A40100FC
:104BF000B3A40100F1A401002FA501006DA50100DF
:104C0000ABA50100E9A50100FDA5010057BC01000D
:104C1000C595010057BC010057BC010057BC0100FD
:104C2000D79701003195010057BC010057BC010026
:104C300057BC010057BC010071B4010057BC010012
:104C40000B9801002BA70100FBA7010051A901004F
:104C50003BAA010025AB01005FAB0100E7AB0100FF
:104C600035AC010043AD0100CDAE010079AF0100CC
:104C700025B001008FB401007B9601003B97010035
:104C800071B00100ADB10100B9B20100C5B30100BE
:104C9000D5B40100AFB60100E7B4010005B50100CD
:104CA00023B5010041B5010053B5010065B5010010
:104CB00077B5010089B50100F3B50100FFB501002A
:104CC0000BB601002FBC010057BC010057BC01000E
:104CD00057BC010057BC010057BC010057BC010084
:104CE00057BC010057BC010057BC010011A60100D0
:104CF00085A6010057BC010057BC010001B70100A7
:104D000069B70100EFB7010075B80100A1B9010052
:104D1000B3B90100BFB90100E9B90100E1BA01006E
:104D2000D9BB01004FEA950A5FFA8AFA4FF00008F2
:104D300001F03CB84FEA55095FFA89F94FF00008D5
:104D400001F005B84FEA55095FFA89F94FF00008FC
:104D500000F0EBBF07F1010806EB08042046EEF374
:104D60004FF5002842F0B58416F80830D80702F154
:104D7000B084204627A9EEF3BBF1119B013342F02A
:104D8000A884F3195A799B791202D318119302F06F
:104D9000A0BCA37862781B029A18119202F099BC09
:104DA000DE93020005890200378F0200748A020038
:104DB00043920200647837A8A54922461694FFF76B
:104DC0004DFD02F086BCE37822791B0443EA0263BE
:104DD000627837A81343A2789E4943EA0222FFF77C
:104DE0003DFD02F076BCA27863781202D2189A498F
:104DF00037A8FFF733FD2279E378120237A89749E5
:104E0000D218FFF72BFD062D42F26384A279637955
:104E1000120237A89249D218FFF720FD082D42F25E
:104E20005884237AE2791B0237A88E499A18FFF733
:104E300015FD0A2D42F24D8407F10A0807F1090415
:104E400016F80820335D1202D21837A88649FFF7FA
:104E500005FD16F80830325D1B0237A883499A1801
:104E6000FFF7FCFC02F035BC814B0622B5FBF2F2E9
:104E70001A704FF00008994624E0434610217D4AFD
:104E80001DA8EDF3B7F6434610217B4A2FA8EDF39A
:104E9000B1F66378A2781DA943EA022237A8FFF78A
:104EA000DDFC6379A2791B0443EA0263E27837A848
:104EB000134322792FA943EA0222FFF7CFFC08F11E
:104EC0000108063499F800309845D6DB02F001BCA1
:104ED000022D06D137A869496278FFF7BFFC02F0BE
:104EE000F8BBA37862781B0237A864499A18FFF7C9
:104EF000B5FC02F0EEBBA27863781202042D1A44CE
:104F000005D92379E1781B0609045B181A4337A8F1
:104F10005B49FFF7A3FC062D42F2DB83F3199A7974
:104F200059791202082D0A4405D9197ADB79090644
:104F30001B04C9180A4337A85249FFF78FFC0A2DF2
:104F400042F2C783F3199A7A597A12020C2D0A4455
:104F500005D9197BDB7A09061B04C9180A4337A84F
:104F60004949FFF77BFC02F0B4BB37A84749627898
:104F7000FFF774FC02F0ADBBA37862781B0237A880
:104F80003A499A18FFF76AFC02F0A3BB01350021E9
:104F9000EDB2179102F09DBBA378627837A83C4927
:104FA00042EA0322FFF75AFC02F093BB94F803A0F5
:104FB00023794FEA0A4A4AEA036A6378B5F1050B96
:104FC0004AEA030A48BFA5F1020BA3784FEAAB0BEC
:104FD0004AEA032A5FFA8BFB4FF0000824E04344BF
:104FE0001021244A2FA8EDF305F699F8003010217E
:104FF0004344214A1DA8EDF3FDF552462FA937A8D9
:10500000FFF72CFCE37822791B0443EA0263627801
:1050100037A81343A2781DA943EA0222FFF71EFC1A
:105020000AF1040A08F10108DFF844900434D84575
:1050300099F80030D3DB9B4489F800B002F049BBFB
:105040000B4BEA081A704FF0000899464DE000BF7C
:105050002C94020034900200628D02005A940200E7
:105060008E8A02008D87020088900200FF8F020066
:1050700028610100003E01000B3E01001F93020069
:10508000D98D0200238A0200348A0200298B020093
:10509000AF8D020043461021B14A1DA8EDF3AAF5D9
:1050A00043461021AF4A2FA8EDF3A4F5E378227907
:1050B0001B0443EA026362781DA91343A27837A850
:1050C00043EA0222FFF7CAFBE379227A1B0443EA90
:1050D0000263627937A81343A2792FA943EA022217
:1050E000FFF7BCFB08F10108083499F80030984537
:1050F000D0DB02F0EEBA94F803A023794FEA0A4A13
:105100004AEA036A6378B5F1050B4AEA030A48BF25
:1051100005F1020BA3784FEAEB0B4AEA032A5FFA88
:105120008BFB4FF000083BE0434410218C4A2FA832
:10513000EDF360F599F80030102143448A4A1DA828
:10514000EDF358F599F8003010214344874A33A80D
:10515000EDF350F552462FA937A8FFF77FFBE3790F
:10516000227A1B0443EA0263627933A91343A279CA
:1051700037A843EA0222FFF771FBE37A227B1B0484
:1051800043EA0263627A37A81343A27A1DA943EA6D
:105190000222FFF763FB0AF1080A08F1010808344C
:1051A000DFF8CC91D84599F80030BDDB9B4489F8F5
:1051B00000B002F08EBA6E4B0C22B5FBF2F21A7000
:1051C0004FF0000899463EE043461021644A33A858
:1051D000EDF310F543461021634A1DA8EDF30AF5DF
:1051E00043461021614A2FA8EDF304F5E3782279B4
:1051F0001B0443EA0263627833A91343A27837A8F9
:1052000043EA0222FFF72AFBE379227A1B0443EAEE
:10521000026362792FA91343A27937A843EA0222D5
:10522000FFF71CFBE37A227B1B0443EA0263627AEA
:1052300037A81343A27A1DA943EA0222FFF70EFB07
:1052400008F101080C3499F800309845BCDB02F0F5
:1052500040BAE37822791B0443EA0263627837A8F4
:105260001343A278434943EA0222FFF7F7FA02F018
:1052700030BAA378627837A83F4942EA0322FFF7A1
:10528000EDFA02F026BA4FF00509B5FBF9F95FFA1D
:1052900089F94FF0000816E063781021374A2FA8EB
:1052A000EDF3A8F4237962791B0443EA0263A27840
:1052B00037A81343E2782FA943EA0222FFF7CEFA78
:1052C00008F101080534C845E6DB02F002BA37A848
:1052D0002B496278FFF7C2FA022D42F2FA8137A811
:1052E0002849A278FFF7BAFA02F0F3B9002237A8EA
:1052F00025496378FFF7B2FA022D42F22D8201228E
:1053000037A82149A378FFF7A9FA032D02F02482D8
:10531000022237A81C49E378FFF7A0FA042D02F017
:10532000D681032237A818492379FFF797FA01227B
:10533000139202F0CEB9627837A81249FFF78EFABD
:1053400037A811490122A378FFF788FA02F0C1B902
:1053500037A80E496278FFF781FA02F0BAB900BFA8
:10536000003E01000B3E0100163E0100223E0100FE
:105370002861010045870200299002002E3E0100AD
:105380006A8A0200319102009C8702005A8B020057
:10539000AB1E0E2B02F29D8101A151F823F000BF3C
:1053A0006199010057BC010057BC010057BC0100C6
:1053B00057BC0100D9990100A79901008799010004
:1053C0006F99010057BC010057BC0100D999010039
:1053D000A7990100879901006F99010037A8A94991
:1053E0006278FFF73BFA02F074B937A8A649627AEF
:1053F000FFF734FA0C2D8CBF4FF009084FF000086E
:1054000001E04FF00008F31937A89E491A7AFFF718
:1054100025FA0C2D07D9B8F1000F08BF4FF0080886
:1054200001E04FF0000807F10709984916F8092034
:1054300037A8FFF713FA002237A8954916F8093064
:10544000FFF70CFA0C2D07D9B8F1000F08BF4FF089
:10545000070801E04FF000084FF00009A2786378D8
:105460008C491202494437A8D21809F10909FFF7FB
:10547000F5F90234B9F11B0FF0D10C2D42F229815C
:10548000B8F1000F08BF4FF00608834CB844B04491
:1054900004F1240998F8022098F8013012022146FC
:1054A00037A8D2180C34FFF7D9F94C4508F1020897
:1054B000F0D102F00EB9142D19D0172D03D0132DF1
:1054C00042F0078119E006EB0708744998F81620A6
:1054D00037A8FFF7C3F9724998F8152037A8FFF7E6
:1054E000BDF937A86F4998F81420FFF7B7F9F319F9
:1054F00037A86D49DA7CFFF7B1F9A946A2464FF00B
:1055000000082546AA786B7868491202414437A8FA
:10551000D21808F10908FFF7A1F90235B8F11B0FFD
:10552000F0D14D464FF00008227AE379604912022B
:10553000414437A8D21808F10B08FFF78FF902345D
:10554000B8F1210FF0D100249AF80E209AF80D300E
:1055500058491202091937A8D2180B34FFF77EF9FF
:10556000212C0AF1020AEFD102F0B3B8E178627897
:10557000A3780091217937A8019161790291A179ED
:105580000391E1790491217A05914B49FFF766F97E
:1055900002F09FB8A9464FF00008254615F8013FD4
:1055A000FF2B04D037A845494246FFF757F908F1C9
:1055B0000108B8F1040FF1D1B9F10C0F4D4642F2D8
:1055C000888004EB08035B78FF2B04D037A83B49A5
:1055D0004246FFF743F908F10108B8F10C0FF0D18A
:1055E000102D42F2768004EB08035B78FF2B04D089
:1055F00037A832494246FFF731F908F10108B8F1FE
:10560000100FF0D102F065B8627837A80AB1A3781C
:105610001BB92B49FFF722F902E02A49FFF71EF9CF
:10562000F31937A82849DA78FFF718F902F051B8CA
:10563000A378627837A8254942EA0322FFF70EF9DA
:1056400002F047B8E37822791B0443EA02636278E8
:1056500037A81343A2781E4943EA0222FFF7FEF857
:1056600002F037B837A81B496278FFF7F7F8022D28
:1056700042F22F8037A81849A278FFF7EFF802F01E
:1056800028B800BF368E0200D38E02009B93020022
:105690004A890200D38B0200B38F0200BD8D020045
:1056A000E6900200E7860200C68B0200E98D020048
:1056B00096900200B7860200A6870200458A020083
:1056C0003992020084950200A78C02003C8D0200F2
:1056D000CB870200A7940200E89402007C1C325D94
:1056E00037A8764902F00F02FFF7B8F8325D37A805
:1056F0001209BC1C7249FFF7B1F8325D37A8714935
:1057000002F00702FFF7AAF8325D37A8D2086E4907
:1057100002F00302FFF7A2F801F0DBBF7C1C325D50
:1057200037A86A4902F00F02FFF798F8325D37A8F0
:105730001209BC1C6649FFF791F8325D37A865492C
:1057400002F00702FFF78AF8325D37A8D2086249F3
:1057500002F00302FFF782F801F0BBBF37A85F49F0
:105760006278FFF77BF801F0B4BF627837A85C4934
:10577000FFF774F8A27837A85A49FFF76FF837A8EF
:105780005949E278FFF76AF801F0A3BF37A85749F3
:105790006278FFF763F801F09CBF37A8544962783C
:1057A000FFF75CF801F095BFA2786378120637A87E
:1057B000504942EA0322FFF751F801F08ABF6278AC
:1057C00037A84D49FFF74AF8A27837A84B49FFF7A9
:1057D00045F82379E2781B0237A849499A18FFF760
:1057E0003DF801F076BF37A846496278FFF736F8F2
:1057F00001F06FBF37A844496278FFF72FF801F036
:1058000068BFA37862781B0237A840499A18FFF74F
:1058100025F801F05EBF94F8028063784FEA08280B
:1058200098441FFA88F83A494FEAD82237A8FFF778
:1058300015F808F4E062120A364937A8FFF70EF8A7
:1058400008F0F802D208344937A8FFF707F808F043
:1058500006025208314937A8FFF700F837A8304947
:1058600008F00102FEF7FAFF042D41F23287237996
:10587000E4781B021C19A4B2E20A37A82949FEF7F2
:10588000EDFF04F4E062120A37A82749FEF7E6FFAD
:1058900004F0F802D20837A82449FEF7DFFF04F02D
:1058A0000602520837A82249FEF7D8FF37A8214937
:1058B00004F00102FEF7D2FF01F00BBFF4870200F3
:1058C00042880200C68E020039880200BF9402009E
:1058D00038870200558C0200438E0200939202002A
:1058E000E6930200478D0200D4930200B7930200B2
:1058F000E78E0200AC8E0200048E0200CC8D020006
:105900000E900200438F0200F29402009B8C020072
:10591000F5880200CC9402006D870200E488020042
:10592000D994020076920200888B0200E38902007B
:10593000F18E0200A893020000226378674937A81D
:10594000FEF78CFF4FF000086549A27837A8FEF7F4
:1059500085FFCDF800802279E3781202D3180193F5
:1059600002226049434637A8FEF778FFCDF8008051
:10597000A27963791202D3180193022201235949B3
:1059800037A8FEF76BFFCDF80080227AE379120288
:10599000D3180222019337A852491346FEF75EFF3F
:1059A0001E2D41F29686627A37A84F49FEF756FFC0
:1059B000A27A37A84D49FEF751FFE27A37A84C4941
:1059C000FEF74CFF227B37A84A49FEF747FFCDF888
:1059D0000080A27B637B1202D31801930522434609
:1059E00037A84049FEF73AFFCDF80080227CE37BE0
:1059F0001202D31801930522012337A83949FEF773
:105A00002DFFCDF80080A27C637C1202D318019395
:105A10000522022337A83349FEF720FFCDF8008086
:105A2000CDF80480227DE37C1202D3180293052274
:105A30006C234FF0010937A82F49FEF70FFFCDF86F
:105A40000090CDF80480A27D637D1202D3180293EA
:105A500005226C234FF0020A37A82749FEF7FEFE05
:105A6000CDF800A0CDF80480227EE37D1202D31889
:105A7000029305226C2337A81F49FEF7EFFECDF8ED
:105A80000080CDF80480A27E637E1202D3180293B8
:105A90000522682337A81849FEF7E0FECDF80090EC
:105AA000CDF80480227FE37E1202D31802930522F0
:105AB00037A868231049FEF7D1FECDF800A0CDF835
:105AC0000480A37F627F1B029B18029337A80A49B8
:105AD00005226823FEF7C2FE01F0FBBD4A890200E1
:105AE0002C880200A6860200E4910200C292020005
:105AF000409002007B94020026920200012263780B
:105B00009C4937A8FEF7AAFE4FF001089A49A278EF
:105B100037A8FEF7A3FECDF800802279E3781202C1
:105B2000D318019302220023944937A8FEF796FE6A
:105B3000CDF80080A27963791202D3180193022272
:105B40008E49434637A8FEF789FECDF80080227AB9
:105B5000E3791202D3180222019337A8874913462A
:105B6000FEF77CFE1E2D41F2B485627A37A8844987
:105B7000FEF774FEA27A37A88249FEF76FFEE27A3A
:105B800037A88149FEF76AFE227B37A87F49FEF7D6
:105B900065FECDF80080A27B637B1202D3180193CF
:105BA0000522002337A87549FEF758FECDF800807E
:105BB000227CE37B1202D31801930522434637A8C7
:105BC0006E49FEF74BFECDF80080A27C637C12028A
:105BD000D3180193052202234FF0000937A8674923
:105BE000FEF73CFECDF80090CDF80480227DE37CEA
:105BF0001202D318029305226C2337A86449FEF7DA
:105C00002DFECDF80080CDF80480A27D637D1202C8
:105C1000D318029305226C234FF0020A37A85C497F
:105C2000FEF71CFECDF800A0CDF80480227EE37DB7
:105C30001202D318029305226C2337A85449FEF7A9
:105C40000DFECDF80090CDF80480A27E637E120296
:105C5000D31802930522682337A84D49FEF7FEFDAD
:105C6000CDF80080CDF80480227FE37E1202D318A5
:105C70000293052237A868234549FEF7EFFDCDF8CA
:105C800000A0CDF80480A37F627F1B029B180293C3
:105C900037A83F4905226823FEF7E0FD01F019BD52
:105CA000A27863781202D2183A4937A8FEF7D6FDD7
:105CB000A279637912061B04D218237937A81B0234
:105CC000D218E3783449D218FEF7C8FD122D41F2FC
:105CD0000085A27A637A12061B04D218237A37A8A9
:105CE0001B02D218E3792D49D218FEF7B7FDA27B2B
:105CF000637B12061B04D218237B37A81B02D21821
:105D0000E37A2749D218FEF7A9FDA27C637C12062C
:105D10001B04D318227C37A812029B18E27B21496E
:105D20009A18FEF79BFD01F0D4BCA27863781202AA
:105D3000D31800930222434637A81B4908F10108F3
:105D4000FEF78CFD0234C845EFDD01F0C2BCA2783D
:105D500063781202D31800930522434637A81249EC
:105D600008F10108FEF77AFD0234C845EFDD01F0C5
:105D7000B0BC00BF4A890200DA8E0200A68602008B
:105D8000F2910200CF9202004B9402008A9402002A
:105D90002692020086920200988602001691020066
:105DA0008C930200028F0200138A0200CDF800805B
:105DB000A27863781202D318019305226C2337A8C6
:105DC000BB4908F10108FEF749FD0234D045EDDD7D
:105DD0004FEA55095FFA89F909F1010B09F1020946
:105DE000B944BB4406EB09044FF00008CDF800802D
:105DF0002278C9EB040313F80B301202D318019375
:105E00000522682337A8AA4908F10108FEF726FDF4
:105E10000234D045EADD01F05CBCA37862781B0255
:105E200037A8A4499A18FEF719FD01F052BCA378CF
:105E300062781B0237A8A0499A18FEF70FFD01F0FF
:105E400048BCA37862781B0237A89C499A18FEF7D1
:105E500005FD01F03EBCA37862781B0237A8984983
:105E60009A18FEF7FBFC01F034BC2279E3781206A5
:105E70001B04D218A37837A81B02D2186378914963
:105E8000D218FEF7EBFC227AE37912061B04D21833
:105E9000A37937A81B02D21863798B49D218FEF771
:105EA000DDFC227BE37A12061B04D318A27A37A802
:105EB00012029B18627A85499A18FEF7CFFC01F00E
:105EC00008BCA2786378120237A88149D218FEF77D
:105ED000C5FC042D41F2FD832379E2781B0237A82B
:105EE0007C499A18FEF7BAFC01F0F3BB2279E378FB
:105EF00012061B04D218A37837A81B02D2186378A5
:105F00007549D218FEF7AAFC062D41F2E283227AE7
:105F1000E37912061B04D318A27937A812029B1842
:105F200062796E499A18FEF799FC01F0D2BBDFF84E
:105F3000BC914FF00108A84581F2CB832279E37828
:105F400012061B04D218A37849461B02D2186378A4
:105F500037A8D21808F10408FEF780FC0434B8F121
:105F6000190F09F11809E6D101F0B3BBDFF88091F0
:105F70004FF00108A84581F2AC832279E37812063C
:105F80001B04D218A37849461B02D218637837A89D
:105F9000D21808F10408FEF761FC0434B8F10D0FC3
:105FA00009F11309E6D101F094BBDFF848914FF0F5
:105FB0000108A84581F28D832279E37812061B043B
:105FC000D218A37849461B02D218637837A8D21892
:105FD00008F10408FEF742FC0434B8F10D0F09F192
:105FE0001409E6D101F075BBDFF80C914FF0010800
:105FF000A84581F26E832279E37812061B04D21839
:10600000A37849461B02D218637837A8D21808F142
:106010000408FEF723FC0434B8F10D0F09F114094C
:10602000E6D101F056BBDFF8D4904FF00108A84547
:1060300081F24F832279E37812061B04D218A378E9
:1060400049461B02D218637837A8D21808F1040811
:10605000FEF704FC0434B8F10D0F09F11409E6D180
:1060600001F037BBA37862781B0237A81C499A1845
:10607000FEF7F4FB01F02DBBA37862781B0237A872
:1060800018499A18FEF7EAFB01F023BB2279E3785E
:1060900012061B04D318A278647812029B1837A842
:1060A000114901221B19FEF7D9FB01F012BB00BFF9
:1060B00000920200F48F0200B79002008089020073
:1060C00059890200169102008C930200028F02008F
:1060D0009C920200AF920200A9910200C0910200BE
:1060E000B98E0200379402003B910200998A0200A7
:1060F000628C02009788020048950200F09302002B
:106100002279E37812061B04D318A278647812026D
:106110009B1837A8974902221B19FEF79FFB01F035
:10612000D8BA37A894496278FEF798FB01F0D1BA43
:106130009249627807F1020837A8FEF78FFB16F83C
:1061400008208F49120937A8FEF788FB16F80820A7
:1061500037A88C4902F00F02FEF780FB032D41F2B5
:10616000B882E27837A88849FEF778FB07F105087E
:10617000227937A88549FEF771FB16F8082037A861
:1061800092088349FEF76AFB16F8082037A8814970
:1061900002F00302FEF762FB37A87F49A279FEF7FF
:1061A0005DFB01F096BA94F8028063784FEA082804
:1061B00098441FFA88F84FEAD82237A87749FEF7A3
:1061C0004DFB08F4806302229B0A37A87449FEF74E
:1061D00045FB08F4007302225B0A37A87149FEF7F9
:1061E0003DFB08F4F87302221B0937A86E49FEF73D
:1061F00035FB08F00E0302225B0837A86B49FEF757
:106200002DFB022208F0010337A86949FEF726FB9F
:106210002379E4781B021C19A4B2E20A37A8654965
:10622000FEF71CFB04F4806305229B0A37A85C4937
:10623000FEF714FB04F4007305225B0A37A85949E2
:10624000FEF70CFB04F4F87305221B0937A8564926
:10625000FEF704FB04F00E0305225B0837A8534940
:10626000FEF7FCFA37A85249052204F00103FEF7B5
:10627000F5FA01F02EBAA27863781202D21837A884
:106280004D49FEF7EBFA94F804E0E3784FEA0E2E5E
:106290000022734437A84949FEF7E0FA217AE279EF
:1062A00009028A1894F806E063790092A17A627A6A
:1062B00009024FEA0E2E8A187344019237A8002271
:1062C0003F49FEF7CBFA227BE37A0092627B37A844
:1062D0000192A27B3B4902920022FEF7BFFAA17C09
:1062E000627C09028A1894F810E0E37B0092217D19
:1062F000E27C09028A180192A17D627D09028A1856
:106300000292217EE27D09028A180392A17E627EBA
:1063100009028A180492217FE27E09028A180592F6
:10632000A17F627F09028A18069294F82010E27F0A
:1063300009028A18079294F8221094F82120090281
:106340008A18089294F8241094F8232009028A18D5
:10635000099294F8262094F82510120252184FEA58
:106360000E2E0A9237A8184900227344FEF776FAD7
:1063700001F0AFB93B910200508D0200808A02000B
:10638000328B0200FF890200D7870200958B020042
:106390000991020087910200129202006E8D0200A4
:1063A0009B910200118F0200D79102009994020084
:1063B000C1930200D8860200458C02004A8902007F
:1063C00021870200A88B0200EE8B020094F802E005
:1063D00063784FEA0E2E0122734437A8AA49FEF7CC
:1063E0003DFAA179627909028A1894F804E0E37809
:1063F0000092217AE27909024FEA0E2E8A1873443C
:10640000019237A80122A149FEF728FAA27A637AFD
:106410000092E27A37A80192227B9D4902920122E2
:10642000FEF71CFA217CE27B09028A1894F80EE040
:10643000637B0092A17C627C09028A180192217D13
:10644000E27C09028A180292A17D627D09028A1803
:106450000392217EE27D09028A180492A17E627E67
:1064600009028A180592217FE27E09028A180692A3
:10647000A17F627F09028A18079294F82010E27FB8
:1064800009028A18089294F8221094F8212009022F
:106490008A18099294F8242094F8231012025218B2
:1064A0004FEA0E2E0A9237A87A4901227344FEF76A
:1064B000D5F901F00EB994F802E063784FEA0E2E98
:1064C0000222734437A87049FEF7C8F9A1796279AE
:1064D00009028A1894F804E0E3780092217AE279BC
:1064E00009024FEA0E2E8A187344019237A802223D
:1064F0006649FEF7B3F9A27A637A0092E27A37A886
:106500000192227B624902920222FEF7A7F9217CC6
:10651000E27B09028A1894F80EE0637B0092A17C6A
:10652000627C09028A180192217DE27C09028A18A4
:106530000292A17D627D09028A180392217EE27D8A
:1065400009028A180492A17E627E09028A180592C5
:10655000217FE27E09028A180692A17F627F0902EA
:106560008A18079294F82010E27F09028A1808928C
:1065700094F8221094F8212009028A18099294F8BC
:10658000242094F82310120252184FEA0E2E0A9279
:1065900037A8404902227344FEF760F901F099B828
:1065A000627837A83C49FEF759F90122A37837A849
:1065B0003A49FEF753F90222E37837A83749FEF744
:1065C0004DF96379227903F001031B0237A834499E
:1065D0009A18FEF743F901F07CB8A27863781202AA
:1065E000D31800932822002337A82E49FEF736F946
:1065F0002279E3781202D31800932822012337A8C6
:106600002849FEF72BF9A27963791202D318009377
:106610002822022337A82349FEF720F9227AE379BA
:106620001202D31800935022002337A81D49FEF709
:1066300015F9A27A637A1202D3180093502201232B
:1066400037A81849FEF70AF9237BE27A1B029B1848
:10665000009337A8134950220223FEF7FFF801F0F8
:1066600038B8A27863781202D21837A80E49FEF71C
:10667000F5F82379E2781B0237A80C499A18FEF73F
:10668000EDF801F026B800BF4A8902002187020018
:10669000A88B0200EE8B0200E5870200F486020060
:1066A0002D930200F5900200118802005292020020
:1066B00094F804E0E3784FEA0E6E1B049E44A3783E
:1066C0006C221B029E44637837A873449749FEF7F7
:1066D000C5F894F808E0E3794FEA0E6E1B049E4477
:1066E000A3796C221B029E44637937A873449049B6
:1066F000FEF7B4F894F80CE0E37A4FEA0E6E1B0450
:106700009E44A37A6D221B029E44637A37A8734489
:106710008649FEF7A3F894F810E0E37B4FEA0E6E8B
:106720001B049E44A37B6D221B029E44637B37A8FF
:1067300073447F49FEF792F894F814E0E37C4FEA43
:106740000E6E1B049E44A37C68221B029E44637C45
:1067500037A873447549FEF781F894F818E0E37D93
:106760004FEA0E6E1B049E44A37D68221B029E44CA
:10677000637D37A873446E49FEF770F894F81AE009
:10678000637E4FEA0E2E6C22734437A86949FEF7E8
:1067900065F894F81CE0E37E4FEA0E2E6D227344F8
:1067A00037A86449FEF75AF8A37F647F1B0237A815
:1067B000604968221B19FEF751F800F08ABF94F86F
:1067C00002E063784FEA0E2E7344682237A85A49D4
:1067D000FEF744F82279E3781202D3180093682276
:1067E0006C2337A85549FEF739F8A279637912026C
:1067F000D318009368226C2337A85149FEF72EF86E
:10680000227AE3791202D318009368226D2337A805
:106810004A49FEF723F8A27A637A1202D31800934A
:1068200068226D2337A84649FEF718F8227BE37AE1
:106830001202D3186822009337A813463F49FEF787
:106840000DF8A27B637B1202D3186822009337A84D
:1068500013463B49FEF702F894F810E0E37B4FEA59
:106860000E2E73446C2237A83349FDF7F7FFA27C44
:10687000637C1202D3186C22009337A813462F4969
:10688000FDF7ECFF227DE37C1202D3186C2200930B
:1068900037A813462A49FDF7E1FFA27D637D120266
:1068A000D31800936C2207F118086D2337A82349E9
:1068B000FDF7D4FF16F80820E37D1202D3180093E9
:1068C0006C226D2307F11A0937A81D49FDF7C6FF91
:1068D00016F80920637E1202D31800936C226823F5
:1068E00037A81649FDF7BAFF227FE37E1202D318BC
:1068F00000936C22682337A81149FDF7AFFFA37FEF
:1069000016F808E01B026822734437A80D49FDF70A
:10691000A5FF94F8203016F809401B0237A8094952
:106920006C221B19FDF79AFF00F0D3BE328C0200D7
:106930008F950200DC920200248F0200D78F0200A4
:10694000428B0200688B02006378002237A8AA49B4
:1069500003F01F03FDF782FFA378012237A8A649A1
:1069600003F01F03FDF77AFFE378022237A8A2495C
:1069700003F01F03FDF772FF6279237902F01F0213
:106980000092A27937A802F01F020192E2799B4996
:1069900002F01F02029203F01F030022FDF75EFFC8
:1069A000627A237A02F01F020092A27A37A802F0DC
:1069B0001F020192E27A914902F01F02029203F053
:1069C0001F030122FDF74AFF627B237B02F01F02B7
:1069D0000092A27B37A802F01F020192E27B874956
:1069E00002F01F02029203F01F030222FDF736FF9E
:1069F00000F06FBE6378002237A8814903F03F039F
:106A0000FDF72CFFA378012237A87D4903F01F036F
:106A1000FDF724FFE378022237A8794903F01F032A
:106A2000FDF71CFF6279237902F03F020092A27900
:106A300037A802F03F020192E279724902F03F0268
:106A4000029203F03F030022FDF708FF627A237AE7
:106A500002F01F020092A27A37A802F01F020192F0
:106A6000E27A684902F01F02029203F01F0301223A
:106A7000FDF7F4FE627B237B02F01F020092A27BF3
:106A800037A802F01F020192E27B5E4902F01F026A
:106A9000029203F01F030222FDF7E0FE00F019BE90
:106AA0000022637837A85849FDF7D8FE0122A37861
:106AB00037A85549FDF7D2FE0222E37837A852499C
:106AC000FDF7CCFE0022237937A85049FDF7C6FE1A
:106AD0000122637937A84D49FDF7C0FE37A84B491D
:106AE0000222A379FDF7BAFE00F0F3BD94F802800C
:106AF00063784FEA082898441FFA88F84FEAD83399
:106B000000930522002337A84149FDF7A7FE08F4AA
:106B1000F043DB1200930522002337A83D49FDF71F
:106B20009DFE08F4E0631B1200930522002337A8A2
:106B30003949FDF793FE08F08003DB110093022230
:106B4000002337A83249FDF789FE08F07803DB10EF
:106B500000930222002337A82E49FDF77FFE08F09C
:106B6000070300930222002337A82B49FDF776FE86
:106B70002379E4781B021C19A4B24FF000084FEAF5
:106B8000D4390522682337A8244904F4F04A4FEA8F
:106B9000EA2A8DE8000304F4E064FDF75FFE0522B5
:106BA000682337A81E4924128DE80005FDF756FE1C
:106BB000682337A81B490522CDF800800194FDF712
:106BC0004DFE052237A86D2314498DE80003FDF71B
:106BD00045FE05226D2337A811498DE80005FDF714
:106BE0003DFE37A80F4905226D23CDF800800194A2
:106BF000FDF734FE00F06DBDB18C02006689020025
:106C000032890200C39002004C8E02007D8B02008C
:106C100005930200659402004F9002000587020070
:106C2000528A0200118E020094F8028063784FEAC3
:106C3000082898441FFA88F84FEAD83300930522B1
:106C4000012337A8B549FDF709FE08F4F043DB122C
:106C500000930522012337A8B149FDF7FFFD08F491
:106C6000E0631B1200930522012337A8AD49FDF70D
:106C7000F5FD08F08003DB1100930222012337A801
:106C8000A649FDF7EBFD08F07803DB100093022224
:106C9000012337A8A249FDF7E1FD08F0070300939F
:106CA0000222012337A89F49FDF7D8FD2379E47814
:106CB0001B021C19A4B24FF001084FEAD439052277
:106CC000682337A8984904F4F04A4FEAEA2A8DE885
:106CD000000304F4E064FDF7C1FD0522682337A832
:106CE000924924128DE80005FDF7B8FD682337A806
:106CF0008F490522CDF800800194FDF7AFFD0522F4
:106D000037A86D2388498DE80003FDF7A7FD05220C
:106D10006D2337A885498DE80005FDF79FFD37A84D
:106D2000834905226D23CDF800800194FDF796FD7F
:106D300000F0CFBC94F8028063784FEA08289844AA
:106D40001FFA88F84FEAD83300930522022337A8A8
:106D50007249FDF783FD08F4F043DB12009305222E
:106D6000022337A86E49FDF779FD08F4E0631B1292
:106D700000930522022337A86A49FDF76FFD08F04A
:106D800080030222DB11009337A813466349FDF705
:106D900065FD08F078030222DB10009337A8134644
:106DA0005F49FDF75BFD022208F00703009337A857
:106DB00013465C49FDF752FD2379E4781B021C1948
:106DC000A4B24FF002084FEAD4390522682337A84D
:106DD000554904F4F04A4FEAEA2A8DE8000304F426
:106DE000E064FDF73BFD0522682337A84F492412D4
:106DF0008DE80005FDF732FD0522682337A84C49D0
:106E0000CDF800800194FDF729FD6D2337A8464990
:106E100005228DE80003FDF721FD052237A86D232B
:106E200042498DE80005FDF719FD37A840490522C4
:106E30006D23CDF800800194FDF710FD00F049BCF2
:106E400094F802E063784FEA0E2E2822734437A8A4
:106E50003849FDF703FD94F804E0E3784FEA0E2E7D
:106E60002822734437A83449FDF7F8FC94F806E06B
:106E700063794FEA0E2E5022734437A82D49FDF74F
:106E8000EDFC237AE4791B0237A82B4950221B1909
:106E9000FDF7E4FC00F01DBCA27863780092E27874
:106EA0002521019222791DA8029262790392A2798A
:106EB0000492E2790592227A0692627A0792A27A85
:106EC0000892E27A0992227B0A92627B0B92A27B61
:106ED0000C92E27B0D92227C0E92184AEBF38AF61A
:106EE00037A817491DAAFDF7B9FCF2E37C1C325DF7
:106EF00037A8144902F07F02FDF7B0FC325D37A8D5
:106F00001149D209FDF7AAFCE3E3A378627837A818
:106F10000E4942EA0322FDF7A1FCDAE305930200E1
:106F2000659402004F90020005870200528A020019
:106F3000118E02004C910200148902003A3E0100B9
:106F400068910200B2940200669202007091020001
:106F5000A378627837A8944942EA0322FDF77EFCC1
:106F6000B7E3E37822791B0443EA0263627837A827
:106F70001343A2788D4943EA0222FDF76FFCA8E390
:106F8000E37822791B0443EA0263627837A813434B
:106F9000A278874943EA0222FDF760FC99E3E3788F
:106FA00022791B0443EA0263627837A81343A2786C
:106FB000804943EA0222FDF751FC8AE3A378627814
:106FC00037A87D4942EA0322FDF748FC81E3A37814
:106FD000627837A8794942EA0322FDF73FFC78E35B
:106FE000A378627837A8764942EA0322FDF736FC97
:106FF0006FE3A378627837A8724942EA0322FDF76B
:107000002DFC66E394F801905FEA990900F0618332
:107010004FF00008A179E279090294F803E041EA0F
:107020000241627923790A434FEA0E2E4EEA034E5B
:10703000A3780092617AA27A090241EA0241227A97
:1070400037A80A430192217B627B090241EA02418F
:10705000E27A4EEA03030A4302925B49424608F190
:107060000108FDF7FBFB0C34C845D3DB31E337A83F
:1070700056496278FDF7F2FB2BE337A85449627852
:10708000FDF7ECFB25E3227AE17923791143A2791C
:1070900094F803E0114362794EEA030EA3780A43A1
:1070A0004EEA030E63780092227BE17A4EEA0303F4
:1070B0001143A27A37A81143627A0A430192227CD3
:1070C000E17B1143A27B1143627B0A430292414957
:1070D0000022FDF7C3FB227EE17D237D1143A27DCB
:1070E00094F813E01143627D4EEA030EA37C0A4339
:1070F0004EEA030E637C0092227FE17E37A81143A3
:10710000A27E4EEA03031143627E0A43019294F881
:107110002020E17F1143A27F0A43617F0A4302924C
:107120002C490122FDF79AFBD3E2A37864781B0275
:107130001C19A4B204F00F0300932822002337A8DF
:107140002549FDF78BFB04F0F0031B110093282267
:10715000012337A82049FDF781FB04F470631B125B
:1071600000932822022337A81B49FDF777FB37A895
:107170001A492822E30BFDF771FBAAE22179E27894
:1071800009028A1894F802E063780092A279617982
:10719000120252184FEA0E2E019237A8104900220F
:1071A0007344FDF75BFB94E2D38802003F93020037
:1071B000579302006F930200588E02006D8E0200FA
:1071C000828E0200978E02006890020024910200D5
:1071D000D4890200798D0200998D0200ED9202009F
:1071E000538702002179E27809028A1894F802E0B4
:1071F00063780092A179627909028A180192217A52
:10720000E27909028A180292A17A627A09028A183E
:107210000392217BE27A09028A180492A17B627BA5
:1072200009028A180592217CE27B09028A180692DB
:10723000A17C627C09028A180792217DE27C090206
:107240008A180892A17D627D09028A180992227E1D
:10725000E17D120252184FEA0E2E0A9237A87B499E
:1072600000227344FDF7FAFA33E22179E278090249
:107270008A1894F802E063780092A1796279090291
:107280008A180192217AE27909028A180292A17A77
:10729000627A09028A180392217BE27A09028A182B
:1072A0000492A17B627B09028A180592217CE27B11
:1072B00009028A180692A17C627C09028A18079248
:1072C000217DE27C09028A180892A17D627D090273
:1072D0008A180992227EE17D120252184FEA0E2E80
:1072E0000A9237A85A4900227344FDF7B7FAF0E131
:1072F0002179E27809028A1894F802E06378009212
:10730000A179627909028A180192217AE279090247
:107310008A180292A17A627A09028A180392217B62
:10732000E27A09028A180492A17B627B09028A1818
:107330000592217CE27B09028A180692A17C627C7C
:1073400009028A180792217DE27C09028A180892B4
:10735000A17D627D09028A180992217EE27D0902DF
:107360004FEA0E2E8A180A927344002237A8394930
:10737000FDF774FA217FE27E09028A1894F81AE078
:10738000637E0092A17F627F09028A18019294F8BD
:107390002010E27F09028A18029294F8221094F8D1
:1073A000212009028A18039294F8241094F82320CB
:1073B00009028A18049294F8261094F825200902EC
:1073C0008A18059294F8281094F8272009028A1840
:1073D000069294F82A1094F8292009028A18079234
:1073E00094F82C1094F82B2009028A18089294F82B
:1073F0002E1094F82D2009028A18099294F8302052
:1074000094F82F10120252184FEA0E2E0A9237A843
:10741000104901227344FDF721FA5AE1A3786278FA
:107420001B0237A80C499A18FDF718FA51E137A842
:107430000A496278FDF712FA4BE1A378627837A81F
:10744000074942EA0322FDF709FA42E14F880200A8
:107450008C890200FE940200458C02000188020023
:107460007E870200E2782379120442EA036263789D
:10747000217A1A43E379207B1B0443EA0163617993
:1074800094F802C00B43E17A94F806E0090441EA5B
:107490000061607A42EA0C220143A07A43EA0E239B
:1074A00041EA00210091E17B207C090441EA00616E
:1074B000607B0143A07B41EA00210191E17C207DBA
:1074C000090441EA0061607C0143A07C41EA00219B
:1074D0000291E17D207E090441EA0061607D014363
:1074E000A07D41EA00210391E17E207F090441EA69
:1074F0000061607E0143A07E41EA00210491E17FAA
:1075000094F82000090441EA0061607F0143A07FF4
:1075100041EA0021059194F8231094F8240009040D
:1075200041EA006194F82100014394F8220041EA05
:107530000021069194F8270094F82810000440EAEE
:10754000016094F82510014394F8260041EA0021D7
:10755000079137A88249FDF781F9BAE0E2782379EB
:10756000120442EA03626378217A1A43E379207BAA
:107570001B0443EA0163617994F802C00B43E17A8A
:1075800094F806E0090441EA0061607A42EA0C22BC
:107590000143A07A43EA0E2341EA00210091E17BF6
:1075A000207C090441EA0061607B0143A07B41EA41
:1075B00000210191E17C207D090441EA0061607CA9
:1075C0000143A07C41EA00210291E17D207E090473
:1075D00041EA0061607D0143A07D41EA0021039101
:1075E000E17E207F090441EA0061607E0143A07EC4
:1075F00041EA00210491E17F94F82000090441EA66
:107600000061607F0143A07F41EA0021059194F869
:10761000231094F82400090441EA006194F8210041
:10762000014394F8220041EA0021069194F82700D2
:1076300094F82810000440EA016094F825100143F2
:1076400094F8260041EA0021079137A84549FDF743
:1076500005F93EE00B2D3CD1A37862781B02D218CD
:1076600037A84149FDF7FAF82379E2781B02D218CE
:1076700037A83E49FDF7F2F8A37962791B02D218C8
:1076800037A83B49FDF7EAF8237AE2791B02D218C2
:1076900037A83849FDF7E2F8A27A637A120237A8D0
:1076A00035499A18FDF7DAF813E0E37822791B04DC
:1076B00043EA0263627837A81343A2782F4943EA6A
:1076C0000222FDF7CBF804E00022149201E001232E
:1076D000139310997B19FF297DF463A9159A013240
:1076E0001592159B1B998B427DF453A9119A511C3D
:1076F00003D037A82249FDF7B1F89DF89C3023B19B
:1077000037A8204927AAFDF7A9F8169B0A2B0CD801
:1077100000201D49ECF3A4F038B9139929B937A812
:107720001A49139AFF23FDF799F8389A002302F8B3
:10773000013B449B1A9800931299189B3892FDF7CD
:107740006DF804461298F0F317F201E06FF00104AF
:1077500020463BB0BDE8F08F01211391B9E700BF8F
:10776000C28C0200FF8C02004F8F0200638F020068
:10777000778F02008B8F02009F8F02002C8E0200F9
:107780001D900200F4890200468902009C870200D5
:107790002DE9F04F8DB0059205468A4606A80021D6
:1077A000142298460B91EBF3BFF1594B1C78002C37
:1077B00040F0A3806B69232B0CDD1C222846214658
:1077C00023460094F5F388F2002806DA0126022702
:1077D000B14605E00427012601E00C270326A14657
:1077E0002846F5F30BF20128834602D0022813D174
:1077F00005E028465146EBF3CBF040000BE028466D
:10780000FCF7A1FF044638B1FCF793FFC20503D58E
:107810002046FCF793FF0B900B9800284ED0F0F316
:1078200099F1044600286ED0BBF1010F03D0BBF1E3
:10783000020F1BD10BE00B9B002101930290059AD4
:107840002846534600910391EBF3A0F00CE00B9A0D
:107850000CAB520843F8042D284601212246FCF7C0
:10786000A6FF0B9B5B000B93002840D122884FF6AC
:10787000FD73013A92B29A4203D92046F0F37CF1AB
:107880001CE0B9F1000F03D004EB4707069719E09D
:10789000E31962880693A388A7F5805707EB1222A5
:1078A0001B0602EB1343E3180793E388DB19E31885
:1078B00008932389DF19E719099703E0154B002482
:1078C00006930126169A5046009206A93246434670
:1078D000FDF716F850B9169B28461A68D8F800101C
:1078E00001F038FDD8F800200B4B1A6014B1204687
:1078F000F0F342F1064A01231370169B0020C8F8EA
:107900000000186001E06FF01A000DB0BDE8F08FC4
:1079100029610100608B02008893020030B519468E
:10792000039B049C43B14CB100251D60256003946A
:10793000BDE83040FFF72CBF184630BD204630BDB3
:10794000014B00221A70704729610100F8B50C4FF5
:1079500006463C688CB101250BE0284600212C46E8
:10796000E6F7C6FF20B128463146E6F7BBFF04E044
:1079700001353B689D42F0D900242046F8BD00BF88
:107980002C61010010B5847801462046E6F7B0FF6F
:1079900028B120460021E6F7A5FF002010BD4FF0DA
:1079A000FF3010BD70B50C4E0D46306880B90B49E4
:1079B000E6F798FF012404E020460021E6F792FF55
:1079C000013433689C42F7D9034B28461D6070BDD3
:1079D0004FF0FF3070BD00BF2C610100ADDEADDEA9
:1079E000064B1A68194632B1012300E00133934275
:1079F000FCD900230B600020704700BF2C61010000
:107A00002DE9F0470C461668824615460846842242
:107A1000002198469DF82470EBF386F02046FFF78E
:107A200095FFC0B2002832D0012323709DF820308A
:107A3000A070003318BF0123E3703C233C2EB4BF79
:107A4000B1464FF03C09A4F80E806770A381002670
:107A500015E0504641463A46F0F390F030B963687D
:107A6000002B0CBF6FF01A0000200BE0A37801364A
:107A7000C3706368436123896060013323814E458D
:107A8000E7DB0020238963812B60BDE8F0874FF09E
:107A9000FF30BDE8F087F8B506460C4600250BE040
:107AA0007B693046636000237B61FB703946E27876
:107AB000F0F386F00135ADB26768002FF0D123896D
:107AC00020465B1B238163895D1B6581FFF75AFF9D
:107AD000A77027703846F8BD10B5C37C032B08D0BB
:107AE0009C1D00EBC40401336160A260C3740020DC
:107AF00010BD4FF0FF3010BD2DE9F84311F01F0607
:107B000018BF012606EB511707F107094FEA89094B
:107B100048460D4601F01F08F0F31CF0044600280B
:107B20003BD000214A46BFB2EAF3FEF76780A5804A
:107B3000E580A46021462246002303E04FF0FF3099
:107B4000906101330432BB42F8D356B14FF0FF329B
:107B500002FA08F87B1D04EB83035A6882EA0802E4
:107B60005A6017F01F0318BF012307F01F0003EB33
:107B700057172780002203E04FF0FF358D60013258
:107B80000431BA42F8D343B14FF0FF338340013799
:107B900004EB87077A6853407B602046BDE8F88392
:107BA0000846EFF3E9B7436B23B14FF47F629A6065
:107BB000436B05E0836B4BB14FF47F629A60836B3C
:107BC0009868D0F1010038BF00207047012070474D
:107BD0000346002001E00130C0B25B08FBD17047D2
:107BE0000B6843F440330B6008680B6800F44030C6
:107BF00023F440330B60A0F54031484240EB0100D4
:107C0000704708B5416B09B9816B21B1806AFFF7F4
:107C1000E7FF012008BD084608BD2DE9F047DDF863
:107C200020801F88099D1046894614461E46394605
:107C300042462B46EFF38EF48246E8B1012313FA55
:107C400007F72B68013BDB19B3FBF7F35F43631EB8
:107C5000DB195F4017EA090F0ED02046FFF7B8FF87
:107C600030805046EFF380F43188204642462B4660
:107C7000BDE8F047EFF36EB45046BDE8F08770B54D
:107C8000002301290CBFB0F84620B0F86C2086B064
:107C90000493B0F84430120101290446ADF81630BF
:107CA0000D46806A41F6FF7329D104AED4F8C410A2
:107CB000009604F15C060196994214BF4FF480319E
:107CC0004FF4005104F150060DF116030296FFF730
:107CD000A4FF002840D0BDF81630E26D15FA03F37A
:107CE000511EC918B1FBF3F14B43A3659B1A9BB21C
:107CF000C018A4F86030049BE06363662BE004AD19
:107D0000D4F8CC10009504F184050195994214BF74
:107D10004FF480314FF4005104F178050DF1160352
:107D20000295FFF77AFFB8B1BDF81630012515FAB4
:107D300003F3D4F88420511EC918B1FBF3F14B436F
:107D4000C4F880309B1A9BB2C018A4F88830049BFA
:107D50002064C4F88C30284606B070BDFFF78FBF92
:107D60002DE9F74F8DE803000EAEE02014469A4649
:107D70000D9F96E8400ADDF84C80EFF3EBF60546E0
:107D8000002800F079810021E022EAF3CDF69A4B39
:107D90000021B8F1000F08BF98460A46C5F81C80BC
:107DA0002046F4F38BF70C9BC0F30030AB63934B8E
:107DB00003212B60002285F83000C5F834A0284646
:107DC000EDF3F8F5082205F120000199EAF384F7B4
:107DD000002385F82730009BEC62AB62BBF1FF3FCC
:107DE00014BF5B46CC23B9F1CC0F88BFC3EB0909A4
:107DF000C5F89830BDF84430A5F84670C5F89C30F9
:107E00009DF84830A5F86C60C5F8A0300C9BA5F82B
:107E10009490002B45D0AA6B1368D80704D523F0A3
:107E200001031360AA6B1360AB6B4FF0FF329A60D3
:107E30002046F4F345F740F63C03984212D1E86A35
:107E4000F4F34EF7052809D0E86AF4F349F7082857
:107E500004D0E86AF4F344F70C2803D1AB6B4FF07D
:107E6000FF329A60AB6B9A681205120D1AB15A680C
:107E700042F00F0201E041F6FF72C5F8CC201A680B
:107E800002F4E012920C85F8B5201A6802F4600240
:107E9000520D85F8BA201B6803F040731B0E85F85D
:107EA000BB30BAF1000F4DD06A6B1368D90704D507
:107EB00023F0010313606A6B13606B6B4FF0FF32AA
:107EC0009A60E86AF4F3FCF640F63C03984212D15B
:107ED000E86AF4F305F7052809D0E86AF4F300F737
:107EE000082804D0E86AF4F3FBF60C2803D16B6B86
:107EF0004FF0FF329A606B6B9A681205120D1AB13F
:107F00005A6842F00F0201E041F6FF72C5F8C42042
:107F1000C5F8C8201A6802F4E012920C85F8B62061
:107F20001A6802F4E072920985F8B7201A6802F420
:107F30006002520D85F8B8201B6803F040731B0ED9
:107F400085F8B93062680023012AC5F8A430C5F865
:107F5000AC3018D1A268B2F5026F03D040F63C01F4
:107F60008A4202D14FF0004303E04FF08042C5F84F
:107F7000A420C5F8A830D5F8A430C5F8AC30D5F8A1
:107F8000A830C5F8B0302046F4F39AF640F629033D
:107F9000984208D12046F4F3A3F620B12046F4F32A
:107FA0009FF602280FD92046F4F38AF640F63403F0
:107FB00098420CD12046F4F393F620B12046F4F316
:107FC0008FF6012803D1002385F8313004E02846DC
:107FD000FFF717FE85F831002846FFF7E4FD85F826
:107FE000B40068B10D23FF2FA5F844300CD8FF2E44
:107FF00009D80C2305E000BF906101008C500100FE
:108000000423A5F844304FB1BC002046EFF3A2F59D
:10801000E86468B300212246EAF386F54EB1B40065
:108020002046EFF397F5686710B300212246EAF384
:108030007BF527B128460121FFF790FEC0B126B19C
:1080400028460221FFF78AFE90B1D5F8A4305BB133
:1080500095F8313043B9AB6DB3F1804F08D8D5F8FE
:108060008030B3F1804F03D8012385F8DD3003E081
:108070002846EDF3F9F400252846BDE8FE8F00BF41
:1080800010B50446F5F38CF2002120460A46F4F3BD
:1080900015F6C30407D5204601F0DBFA00280CBF13
:1080A0002020402010BD202010BD2DE9F0470446BF
:1080B000266A09A9042E666A9DF82000CCBF06F442
:1080C000781606F4F01691E82202760C4FF00008BC
:1080D0004BE031F828A01FFA83FCE24501EB88074A
:1080E00003D197F802C0844504D008F101085FFA73
:1080F00088F83AE0002A35D006FB08F800252EE083
:1081000063692046222B0ADDE3695A0607D540F64B
:1081100027010022F4F342F70146204600E0002147
:108120004FF4CC62F4F3DAF5056063692046222B44
:108130000ADDE3695B0607D540F627010022F4F368
:108140002DF70146204600E0002140F26462F4F37E
:10815000C5F509EB880353F8253001350360EBB210
:10816000B342CDD3F878BDE8F087A845B1D300205D
:10817000BDE8F0872DE9F84304461E46002B00F0C9
:10818000B480436A02EB061503F4F8594FEA192943
:1081900055F8043C013E0BB900279FE02046984764
:1081A000002800F09E80F7E70122BA4055F8103C05
:1081B0001A4200F0928063692046222B0ADDE369AF
:1081C0005A0607D540F627010022F4F3E7F60146E8
:1081D000204600E000214FF4C462F4F37FF507600D
:1081E00015F90C2C22B1012A19D0013275D144E0C5
:1081F00063692046222B09DDE3695B0606D540F65C
:108200002701F4F3CBF60146204600E0002140F2BE
:108210002462F4F363F555F8083C03605DE063699C
:108220002046222B0ADDE369590607D540F62701CF
:108230000022F4F3B3F60146204600E0002140F2AC
:108240002462F4F34BF563698046222B20460ADD55
:10825000E3695A0607D540F627010022F4F39EF69B
:108260000146204600E0002140F22462F4F336F596
:1082700055F8083C026813432DE063692046222B21
:108280000ADDE3695B0607D540F627010022F4F317
:1082900085F60146204600E0002140F22462F4F316
:1082A0001DF563698046222B20460ADDE3695906E5
:1082B00007D540F627010022F4F370F60146204668
:1082C00000E0002140F22462F4F308F555F8082C90
:1082D000036823EA0203C8F8003001374F457FF4F2
:1082E00063AF103D002E7FF453AFBDE8F88300006C
:1082F00070B59D4904460020EBF38EF2002800F093
:10830000318100209849EBF387F297490546002018
:10831000EBF382F2944906460020EBF37DF215F070
:10832000006500F0AC804FF4001200211346204697
:10833000E6F741FD0222062113462046F4F344F6F7
:1083400063692046222B0ADDE3695A0607D540F609
:1083500027010022F4F322F60146204600E0002126
:108360004FF4C162F4F3BAF40668002506F480768F
:108370001BE04FF47A70EFF3DBF063692046222BA9
:108380000ADDE3695B0607D540F627013246F4F3C0
:1083900005F60146204600E000214FF4C162F4F3E7
:1083A0009DF40668013506F480761EB9B5F57A7F2E
:1083B000DFD170BDB5F57A7F00F0D4804FF47A70CC
:1083C000EFF3B6F00822062113462046F4F3FCF53D
:1083D0000023062104222046F4F3F6F54FF47A70C8
:1083E000EFF3A6F063692046222B0ADDE369590604
:1083F00007D540F627010022F4F3D0F501462046C8
:1084000000E000214FF4C062F4F368F40568002630
:1084100005F001051BE04FF47A70EFF389F0636912
:108420002046222B0ADDE3695A0607D540F62701CC
:108430000022F4F3B3F50146204600E000214FF49A
:10844000C062F4F34BF40568013605F001051DB177
:10845000B6F57A7FDFD102E0B6F57A7F03D1204608
:108460000621082279E029464FF480122B46204647
:10847000E6F7A1FC2046062101222B466EE073019F
:1084800070D54FF48012134629462046E6F793FC38
:108490000122062113462046F4F396F54FF47A7034
:1084A000EFF346F00422062113462046F4F38CF540
:1084B000062108222B462046F4F386F54FF47A7005
:1084C000EFF336F063692046222B0ADDE3695E068E
:1084D00007D540F627012A46F4F360F50146204609
:1084E00000E000214FF4C062F4F3F8F306680025C1
:1084F00006F001061BE04FF47A70EFF319F06369A0
:108500002046222B0ADDE369590607D540F62701EC
:108510003246F4F343F50146204600E000214FF4D3
:10852000C062F4F3DBF30668013506F001061EB9FC
:10853000B5F57A7FDFD102E0B5F57A7F03D1204629
:108540000621042209E000214FF400120B462046C8
:10855000E6F731FC2046062102220023BDE87040E8
:10856000F4F332B570BD00BF6853010046F290537A
:10857000994210B5044609D049F21823994207D010
:10858000B1F5964F0CBF1F23002302E02A2300E021
:108590003C230521FF222046E6F779FC4FF4000238
:1085A000062113462046E6F73CFC1E20EEF3C0F7FA
:1085B000204606214FF400020023BDE81040E6F7F4
:1085C00030BC0000F0B5036A466A042BCCBF06F449
:1085D000781606F4F01685B00446760C00253BE0CC
:1085E000102168461F4A2B46EAF304F3002069462F
:1085F000EBF336F100282ED000210A46EAF3CCF640
:1086000063690746222B20460ADDE369590607D530
:1086100040F627010022F4F3C1F40146204600E0B1
:1086200000214FF4CC62F4F359F3056063692046EE
:10863000222B0ADDE3695A0607D540F627010022FE
:10864000F4F3ACF40146204600E0002140F26462FD
:10865000F4F344F307600135EBB2B342C0D305B085
:10866000F0BD00BFD5950200F0B5036A85B0042BBC
:108670000446466A03DD06F0F866B60D02E006F031
:10868000F076760D00253BE0102168461F4A2B4608
:10869000EAF3B0F200206946EBF3E2F000282ED0B6
:1086A00000210A46EAF378F663690746222B204642
:1086B0000ADDE3695A0607D540F627010022F4F3E4
:1086C0006DF40146204600E000214FF4CB62F4F344
:1086D00005F3056063692046222B0ADDE3695B062A
:1086E00007D540F627010022F4F358F4014620464E
:1086F00000E0002140F25C62F4F3F0F20760013523
:10870000EBB2B342C0D305B0F0BD00BF0C9902007C
:10871000F0B5036A85B0042B0446466A01DDF60E07
:1087200002E006F0F056760E00253BE01021684688
:108730001E4A2B46EAF35EF200206946EBF390F006
:1087400000282ED000210A46EAF326F66369074680
:10875000222B20460ADDE3695B0607D540F6270198
:108760000022F4F31BF40146204600E000214FF400
:10877000CA62F4F3B3F2056063692046222B0ADD76
:10878000E369590607D540F627010022F4F306F401
:108790000146204600E0002140F25462F4F39EF2CC
:1087A00007600135B542C1D105B0F0BD1B9902008B
:1087B00000487047C0AD3A022DE9F04304460F4629
:1087C00085B00020904915461E46EBF325F060B9B0
:1087D0002046394615B1FFF7EBFF07E0FFF7E8FF4A
:1087E0004FF47A75B0FBF5F500E0054600208749A7
:1087F000EBF312F000F00F00012808D0022809D096
:10880000834B844A032814BF9146994604E0DFF85D
:10881000149201E0DFF8109229462046FFF7A6FEE9
:108820002046F4F355F2002180462046F5F300F08F
:10883000794B0246002E4BD1019303230293394614
:10884000204632462B460096CDF80C90FFF72DFCC3
:108850000746002837D063692046222B0ADDE369EA
:108860005B0607D540F627013246F4F397F301463D
:10887000204600E000214FF4C062F4F32FF20268BA
:10888000BF004FF68373134007F07C0205F17F07AA
:10889000FF09013F42EA07471F4363692046222B35
:1088A0000ADDE369590607D540F627010022F4F3F3
:1088B00075F30146204600E000214FF4C062F4F356
:1088C0000DF2076096E029465448EAF353F192E02E
:1088D00000218DE80A0003230293204639462B46E7
:1088E000CDF80C90FFF7E1FB002D00F083802046CF
:1088F000E6F774F8064606E0AB4203D16369222B23
:1089000007DC12E00C36002E74D03388002BF3D134
:1089100070E0E3695A0608D540F627012046002298
:10892000F4F33CF30146204601E0204600214FF4D9
:10893000C062F4F3D3F10268B37802F07C02B3EBC7
:10894000920F57D03579F3782D061B0505F0706529
:1089500003F4700300214FF07F622B432046E6F7BB
:1089600096FA737902211B052D4A43F40033204601
:10897000E6F78DFAB3686FF07F420321134020467B
:10898000E6F785FA63692046222B0ADDE3695B0678
:1089900007D540F627010022F4F300F301462046F4
:1089A00000E000214FF4C062F4F398F102684FF642
:1089B000837335881340B2787F35ED119200013D05
:1089C00002F07C0242EA05451D4363692046222BE2
:1089D0000ADDE3695E0607D540F627010022F4F3BD
:1089E000DDF20146204600E000214FF4C062F4F3BE
:1089F00075F10560012620464146F4F319F730462B
:108A000005B0BDE8F08300BFEC950200745301008F
:108A10008C5101000C52010006970200A395020040
:108A20000000FE1F80530100F85301002DE9F043C0
:108A300099468BB00023079308930993036A476A0A
:108A4000042BCCBF07F4781707F4F01704460D4643
:108A500090467F0C00260CE0102103A8334A3346D1
:108A6000EAF3C8F0002003A9EAF3FAF620B90136C8
:108A7000F6B2BE42F0D34EE008AB009309AB0193CF
:108A800020462946424607ABE6F7C0FB01232946AC
:108A90004A462046FFF790FE20462946FFF792FD02
:108AA000236A012B2CDD63692046222B0ADDE36952
:108AB0005E0607D540F627010022F4F36FF2014667
:108AC000204600E000214FF4C062F4F307F163692F
:108AD0000646222B20460ADDE369590607D540F6F3
:108AE00027010022F4F35AF20146204600E000215B
:108AF0004FF4C062F4F3F2F0036843F48063336030
:108B0000089B20460093099B294601934246079BF8
:108B1000E6F7D4F807E0204629464A460023FFF747
:108B20004BFE0028A8D10BB0BDE8F083D59502001C
:108B30002DE9F04F002587B004460E4604950595B3
:108B4000F4F3C6F0294683462046F4F371F6A149B2
:108B500082462846EAF384F648B1012384F860335C
:108B600029462A46EAF318F4C4F85C0301E084F8C5
:108B7000600300209849EAF373F648B1012300210D
:108B800084F868330A46EAF307F4C4F8640301E0A2
:108B900084F868032046F3F3F5F7904B676A984230
:108BA0008F4B94BF20252125A3F1080898BF984634
:108BB00007F4F8573F0A08EBC50863692046222BE3
:108BC0000ADDE3695A0607D540F627010022F4F3CF
:108BD000E5F10146204600E000214FF4C462F4F3C1
:108BE0007DF018F8083C013D036063692046222BA4
:108BF0000ADDE3695B0607D540F627010022F4F39E
:108C0000CDF10146204600E000214FF4C562F4F3A7
:108C100065F058F8043CA8F108080360002DCCD199
:108C200047E0082102A86F4A2B46E9F3E3F700204A
:108C300002A9EAF315F600283AD000210A46EAF321
:108C4000ABF3236A80460C2B07DDB0F5803F04D2DE
:108C5000C3B24FEA102843EA084863692046222B32
:108C60000ADDE369590607D540F627010022F4F32F
:108C700095F10146204600E000214FF4C462F4F370
:108C80002DF0056063692046222B0ADDE3695A0650
:108C900007D540F627010022F4F380F10146204673
:108CA00000E000214FF4C562F4F318F0C0F8008032
:108CB0000135BD42B5D1204631464B4A1F23FFF74F
:108CC00059FA00253EE00821484A2B4602A8E9F35C
:108CD00091F7002002A9EAF3C3F58146002830D0BD
:108CE00063692046222B0ADDE3695B0607D540F65F
:108CF00027010022F4F352F10146204600E0002152
:108D00004FF4C462F3F3EAF7056063692046222B4F
:108D10000ADDE369590607D540F627010022F4F37E
:108D20003DF10146204600E0002140F22462F3F3C9
:108D3000D5F7002180460A464846EAF32DF3C8F8E5
:108D400000000135BD42BED1204604A905AAE5F7C1
:108D50000FFF049F52463B463146002520460095B2
:108D6000E5F752FE384304902046F4F347F4059AA1
:108D7000049B002A3CD01A4363690592222B2046AB
:108D80000ADDE3695A0607D540F627012A46F4F3BF
:108D900005F10146204600E0002140F21C62F3F399
:108DA0009DF763690546222B20460ADDE3695B06D1
:108DB00007D540F627010022F4F3F0F001462046E3
:108DC00000E0002140F21C62F3F388F7059B026883
:108DD0003AE000BFC595020000970200BFAD3A021D
:108DE00000960200E79502001C970200E29502003F
:108DF000002B2BD063692046222B09DDE36959063D
:108E000006D540F62701F4F3C9F00146204600E0FC
:108E1000002140F21C62F3F361F763690546222BDF
:108E200020460ADDE3695A0607D540F627010022ED
:108E3000F4F3B4F00146204600E0002140F21C6249
:108E4000F3F34CF7049B026813432B60049BABB114
:108E500063692046222B0ADDE3695B0607D540F6ED
:108E600027010022F4F39AF00146204600E0002199
:108E70004FF4C362F3F332F7049B0360059BABB17D
:108E800063692046222B0ADDE369590607D540F6BF
:108E900027010022F4F382F00146204600E0002181
:108EA00040F21C62F3F31AF7059B03603146524609
:108EB0002046E6F77EF94FF4FA60EEF339F32046E8
:108EC0005946F4F3B5F407B0BDE8F08FF8B50446A1
:108ED00015460E46F3F3FCF6002107462046F4F350
:108EE000A7F4314602462B462046FFF79FFD204659
:108EF00031462A46E5F7D8FD20463946BDE8F84018
:108F0000F4F396B438B5036A0446012B2DD14369B6
:108F1000222B0ADDC3695A0607D540F62701002235
:108F2000F4F33CF00146204601E0204600214FF4D6
:108F3000C062F3F3D3F663690546222B20460ADDAF
:108F4000E3695B0607D540F627010022F4F326F01B
:108F50000146204600E000214FF4C062F3F3BEF664
:108F6000036823F400732B6038BD2CDD4369222B8A
:108F70000ADDC369590607D540F627010022F4F33C
:108F80000DF00146204601E0204600214FF4C0626A
:108F9000F3F3A4F663690546222B20460ADDE36954
:108FA0005A0607D540F627010022F3F3F7F70146EA
:108FB000204600E000214FF4C062F3F38FF603680F
:108FC00043F400732B6038BD70470120704738B5FB
:108FD00005460C46FFF79CFB284621460022FFF77A
:108FE000F3FF28462146BDE83840FFF781B900006D
:108FF00038B504460D4600203149EAF331F440B15A
:1090000000210A46EAF3C8F12946C3B201222046EC
:1090100003E02046294601220523E5F78BFF0020C7
:109020002849EAF31DF448B100210A46EAF3B4F1F5
:109030002946C3B209222046E5F77CFF00202249D9
:10904000EAF30EF448B100210A46EAF3A5F12946F5
:10905000C3B205222046E5F76DFF00201B49EAF365
:10906000FFF348B100210A46EAF396F12946C3B25C
:1090700006222046E5F75EFF002120464FF4786285
:109080004FF43863E5F7CDFE002120464FF46042EF
:109090004FF42043E5F7C5FE4FF4C02200211346EC
:1090A0002046E5F7BEFE0122002120461346E5F7E3
:1090B000B8FE20462946BDE83840FFF7D5BA00BFC4
:1090C00012970200DB95020012990200CA95020075
:1090D00038B5036A0446092B69DD4369222B0ADD92
:1090E000C3695B0607D540F627010022F3F356F764
:1090F0000146204601E0204600214FF4C062F3F310
:10910000EDF5026812F0010253D163692046222B6B
:1091100009DDE3695D0606D540F62701F3F33EF766
:109120000146204600E0002140F26C62F3F3D6F5E0
:109130004FF0004303604FF47A70EEF3F9F1636986
:109140002046222B0ADDE369590607D540F62701A0
:109150000022F3F323F70146204600E0002140F20D
:109160006C62F3F3BBF505686369ED04ED0C222B2B
:1091700020460ADDE3695A0607D540F6270100229A
:10918000F3F30CF70146204600E0002140F26C6248
:10919000F3F3A4F56D030023036005F5424506488B
:1091A00005F5A875B5FBF0F56420684338BD0020CF
:1091B00038BD002038BD00BFA086010038B50021B1
:1091C00005461020E3F7A0FF002104461022E9F332
:1091D000ABF46560204638BD08B1E4F71DB87047B0
:1091E00010B50446E4F706F96060E0602068E7F730
:1091F00016FA6368A0F50060206118180123A060CA
:10920000237610BD38B50546F4F3CAF11C20EEF301
:10921000A1F4084C00211C222060E9F385F42068A9
:109220000560FFF7DDFF044922682846BDE83840A5
:10923000E6F726BC90040000D93F00002DE9F84F66
:109240000C46F4F3ADF141F20100E568EEF382F46F
:1092500000287CD000F1010C064620E00132197094
:10926000D2B2434639783D460137C1B13D2903F1B9
:109270000108F3D1327029464646002203E001324C
:109280003770D2B2664611F8017FC3EB0508B044CF
:1092900006F1010C002FF2D11A7008F10105E76800
:1092A000A368FB189D4205D22B781BB12F4663465D
:1092B0000022D7E725460123E2688346BA1A2A82AC
:1092C0003BE0594611F8012B9A4202D14FF0000CB5
:1092D0000AE0102B2AD10F2AF8DC27E01BF8018FB7
:1092E00007F80C800CF1010C6245F7D101EB020884
:1092F000895C07EB020C4FF03D0907F8029008F17A
:10930000010B0CF1010701F10109002203E018F83B
:1093100002A00CF802A001324A45F8D17A184FF0A9
:10932000000C07F801C08B44571C06E011F802B08E
:1093300001EB020C0BF1010BE344B345C1D3013344
:109340000235112BB8D1BDE8F84FEEF315B4BDE8E6
:10935000F88F0000F8B50E4617460446F4F320F1E6
:109360003020EEF3F7F3054668B1C660074E3023B0
:10937000436033688760036029462046FFF75EFF3D
:1093800035600020F8BD6FF01A00F8BD94040000AD
:1093900008B5064B1B683BB9054B196821B1054B55
:1093A0001A680AB1FFF7D6FF002008BD9404000038
:1093B000985C01009C5C0100F8B5104B07461C68E6
:1093C0001E46BCB1E3689BB10D4D2A689A420FD18D
:1093D000F4F3E6F0E068EEF3CFF300232B6007E050
:1093E00038462568F4F3DCF02046EEF3C5F32C464E
:1093F000002CF5D100233360F8BD00BF94040000B9
:109400008893020073B5856E04466DB1D0F8CC30F8
:1094100000EB8303D3F8D420036E9A4203D1406E4D
:10942000A847054600E000252046F3F351F4002349
:1094300002A941F8083D06466946204601AA0DF0FA
:10944000C1FE9DE806004FF4FF20E9F3E9F2204653
:109450003146F4F3EDF1E36E5BB1D4F8CC2004EBCC
:109460008202D2F8D410226E914202D1606E294657
:1094700098477CBDF8B50446F0F3BAF000284FD009
:10948000A56E6DB1D4F8CC3004EB8303D3F8D420AF
:10949000236E9A4203D1606EA847054600E000257E
:1094A0002046F3F315F4002107462046F4F3C0F1FB
:1094B0000121064600222046F0F3BAF04FF4801155
:1094C0000A462046F0F396F040210A462046F0F383
:1094D000A5F04FF080710A462046F0F38BF020464D
:1094E000FFF790FF0F4B0121C6F804354FF4FC73D2
:1094F000C6F808350A462046F0F39AF02046394669
:10950000F4F396F1E36E5BB1D4F8CC2004EB820265
:10951000D2F8D410226E914202D1606E294698474B
:10952000F8BD00BFF200394001207047C36B44F220
:10953000583293420DD004D844F25632934218D197
:1095400012E04AF62E22934208D04AF62F22934286
:109550000FD1C0F884334AF6322303E0C0F88433D5
:109560004AF63123C3637047C0F8843344F254335E
:10957000C363704738B541F2E443044603630D46C4
:1095800029B108460F49EAF347F1A06240B92846DD
:109590000D49EAF341F1A06210B94FF6FF73A362DF
:1095A0000A492846EAF338F10949E0622846EAF315
:1095B00033F1084960632846EAF32EF184F8550038
:1095C00038BD00BF2D990200239902006499020062
:1095D000439902004E9902007047000030B585B0F3
:1095E0000190002404A840F8044D01A90422E9F3E5
:1095F00017F2019DB5B12B46D3F88C2012B1002291
:10960000C3F88C2001340433102CF5D10398FEF7F5
:1096100097F90398FFF7D0FE034B9D4202D02846EE
:10962000EEF3AAF205B030BDE46101000367D0F8A3
:10963000CC3010B500EB8303029CD3F8D4304466E1
:109640008166C266036610BD00238366C366036736
:1096500070478069C0F3C06070472DE9F843044645
:109660001E46089D099FFAF761FC00212046F4F38D
:10967000DFF080462046F3F333F30A28C8BFD8F85A
:109680002C306061C8BFA3642228D8F80430C8BF5A
:10969000D8F8AC20A361C8BFE261DA001CD522284B
:1096A00014DDE3695B0611D50022204640F6270150
:1096B000F3F374F401462046F4F3BAF0D0F804361C
:1096C000002163622046F4F3B3F002E0D8F80436D8
:1096D000636294F8243023624FF4E063A3604FF098
:1096E000FF33E36011232361A1464FF0000817E028
:1096F0004146F4F39DF02046F3F3E2F22046F3F303
:10970000EFF21EB1D9F814319E4203D0D9F88C3053
:109710009F4201D1C5F8008008F1010809F1040950
:10972000D4F8D03020469845E2D32968F4F380F08D
:109730000120BDE8F883F7B5002213460D4601214C
:109740000446E5F738FB0021282207460B46204651
:109750000091F3F3C1F20646280709D02046012103
:109760000622F3F367F6204602210622F3F362F69F
:1097700015F0F00F04D0204600210222F3F35AF630
:1097800015F4706F0ED0204600210122F3F352F63B
:1097900001210A462046F3F34DF62046022101221C
:1097A000F3F348F601213B4620464FF0FF32E5F740
:1097B00002FB2046002128224FF0FF330096F3F3EE
:1097C0008BF2FEBD0020EAF327B0000010B50C4973
:1097D0000446FFF7F7FF80B288B9D4F88000084943
:1097E000EAF31AF080B250B9D4F880000549EAF3E0
:1097F00013F04FF6FF7380B2002808BF184610BD63
:109800006D9902007B990200436907B50A2B09DDB7
:10981000003118BF01210091242200210123F3F31C
:109820005BF201E04FF0FF300EBD07B50021F822DA
:109830000B460091F3F350F200F00F000EBD000054
:109840002DE9FF47DDF830809246DDF834900F4671
:109850004FF46372002104461E460E9DB8F1010FBD
:1098600008BF4FF00008E9F35FF111232361C4F84A
:109870008860C4F85C90C4F858A0C4F80480B8F1BB
:10988000000F40F0C580204641463A464B46FFF760
:109890004BFE002800F0C0804FF0C0531A68130F31
:1098A00002F47021236093B202F47002120D62641C
:1098B00044F25832090C9342E36321640AD004D87D
:1098C00044F25632934208D104E0A3F52A432E3BDA
:1098D000012B02D82046FFF729FE636C20460E3B81
:1098E000012B8CBF0023012384F84C304FF0C05172
:1098F0003A46FAF793F9D4F8D030002B00F08A807A
:10990000002704AB43F8047D8DE8480020464FF063
:10991000C0513A463B46FFF7A0FE00287CD02046C7
:10992000FFF736FD0F9B00950193204639463246DE
:10993000A36DFDF7F3FF002870D105B12D683A4EF5
:1099400020462946FFF716FE3278002A42D1636985
:10995000132B19DD4FF400612046F3F35BF7334915
:1099600007462846E9F37CF738B128462F49E9F342
:1099700053F7B0F1FF3F08BF00200023BB650399F8
:10998000F8652046F3F354F72046A16DFFF7BAFAC5
:109990002046A16DFFF71BFB28462549E9F33CF75C
:1099A000024620B92046A16DFFF792FB0246C4F89B
:1099B0008823A16D2046FFF789FA2046FFF75AFD5C
:1099C0002046A16DFFF7B4F82046A16DFFF710FB0C
:1099D000012333702046F3F3E1F528461549E9F3F6
:1099E0003FF738B113492846E9F316F701462046F8
:1099F000FFF7A1FE28461049E9F332F778B128466F
:109A00000D49E9F309F701462046FFF7E5FD06E0B9
:109A1000002404E01C4602E0044600E03C462046E8
:109A200004B0BDE8F08700BFE06101003E9902008C
:109A30005B99020073990200349902001FB50F4C24
:109A400002462378BBB910B90346014601E00C4B2E
:109A5000191D00200090019002930391094844F2DF
:109A600010714FF0C053FFF7EBFE28B1064B2022D8
:109A70001A6001232370034804B010BD7065010013
:109A800064620100E4610100A00400002DE9FF47C9
:109A900007464FF46370884691469A460D9E0E9D88
:109AA000EEF358F00446C8B10C9B39460193424688
:109AB0004B46CDF800A002960395FFF7C1FE07467E
:109AC00020B92046EEF358F03C4607E006B1366870
:109AD000C4F8806005B12D68C4F88450204604B0F5
:109AE000BDE8F08770B5064686B04FF4BC70EEF363
:109AF00031F00446E8B100214FF4BC72E9F314F0F0
:109B00000D4B266000930D4B0025019330680C49E6
:109B10000C4A2346029503950495059500F0D8FE5E
:109B200030B94FF49663C4F8603184F8640100E002
:109B30002C46204606B070BDA53881005D3D8100F1
:109B4000D8D288003CC5890010B5044650B10368DE
:109B500005491868224600F060FE2046BDE8104026
:109B6000EEF30AB010BD00BF3CC589002DE9F041FD
:109B7000054686B08020EDF3EDF70446002844D07A
:109B800000218022E8F3D0F704236360B42325602A
:109B9000A381A046C5F85847274600260EE01C22A0
:109BA00002FB06423C61A8681B4910320023FAF30D
:109BB0006DF338621C3700282BD0013663689E4253
:109BC000EDDB164B16490093002301930293039398
:109BD000049305932868134A234600F079FEC0B920
:109BE00013E0D8F8201031B123689868FAF336F3FF
:109BF0000023C8F82030013508F11C0863689D4235
:109C0000EFDB2046EDF3B8F70024204606B0BDE8B0
:109C1000F0810025F2E700BF49488100A946810094
:109C20007CD388007F3F890070B5044600281ED091
:109C300003680F491868224600F0EFFD254600260C
:109C40000DE0296A29B123689868FAF307F3002325
:109C50002B62E86908B1EDF38FF701361C356368B4
:109C60009E42EEDB2046BDE87040EDF385B770BD47
:109C70007F3F890010B50446C06F08B1FFF764FF4D
:109C8000D4F8840008B107F0C1FED4F8800008B110
:109C9000FFF7CAFFD4F8B00008B100F013F9A068CC
:109CA00008B101F0E3F92046BDE81040EDF364B7D8
:109CB0002DE9F04F07468DB0B8208A4690461D46E4
:109CC000179EEDF347F70446002800F0A0804FF000
:109CD000000B0021B822E8F327F7266084F88CB047
:109CE0003846FFF76BFA0BABC4F8A8B02A460190D0
:109CF0000693814641F2E44120463346CDF800B058
:109D0000CDF808A0CDF80C800494CDF814B001F083
:109D10005DFA0546002875D0A06010F06FDA2B6957
:109D20001021E3603C4B6060A3643C4A33462761EA
:109D300064643846E8F35EF72B69D86FF2F356F7A0
:109D400049F6981398422B69D86F06D8F2F34EF76C
:109D500008210346324A09A805E0F2F347F7314AE1
:109D60000346082109A8E8F345F7314609AA2E4B16
:109D70002E48E8F3FFF63246002016992C4B8DE86A
:109D80008001F8F7A9FB064600283BD1636801274C
:109D900083F8787008210A46286930F0D5DA362130
:109DA0003A46D5F89802EFF730FD2846FFF7DEFE79
:109DB000C4F8800030B3284607F0F6FDC4F88400EC
:109DC00000B32846FFF78EFEE067D8B163681949F3
:109DD00083F8E070184B02968DE8480003960496CD
:109DE00005962868154A234600F072FD50B92846AA
:109DF00000F032F8C4F8B00020B111482146EDF36C
:109E0000A9F120B120464946FFF734FF002420463F
:109E10000DB0BDE8F08F00BFBD888100DB550100AB
:109E2000E05501004D498900403901008199020047
:109E3000FD8D81002CD58800198A810058FB89008E
:109E4000F589810001207047024B01221A70E3F767
:109E500063BA00BFFC03000070B5064686B0202040
:109E6000EDF37EF60446F0B100212022E8F35CF623
:109E70004FF4E153E3804B2323810A2363810E4B8C
:109E800026600025009330680C490D4A2346019551
:109E9000029503950495059500F01AFD30B93368D5
:109EA000012283F86321204606B070BD2046EDF301
:109EB00063F62C46F7E700BF7D9A81008CD58800B9
:109EC000C04B890010B5044678B1FBF309F3236851
:109ED00022461868054900F0A0FC2046EDF34CF638
:109EE000236800221B6883F8632110BDC04B8900E2
:109EF0000368D3F8D42041F26B03116B99420BD164
:109F0000936AEF2B28D001D8D62B04E0F52B23D071
:109F100040F20F118B421FD0936A40F2C652934217
:109F20001AD040F27452934216D0036A7F2210E096
:109F3000482283F8FD2006E002F0C002921102EBF5
:109F4000810183F8FD10036A93F9FD20142A0BDCCC
:109F5000482283F8FD207047036A93F8FD104AB247
:109F6000B2F1FF3FE8D1E3E77047D0F8E81110B550
:109F7000044629B18068FAF371F10023C4F8E8318E
:109F8000D4F8001229B1A068FAF368F10023C4F8EC
:109F90000032D4F88434D3F8301139B1A068FAF320
:109FA0005DF1D4F884340022C3F83021D4F8501382
:109FB00029B1A068FAF352F10023C4F85033D4F861
:109FC000541529B1A068FAF349F10023C4F85435B7
:109FD000D4F8F41529B1A068FAF340F10023C4F8CD
:109FE000F435D4F8C41729B1A068FAF337F1002387
:109FF000C4F8C43710BD10B50446006807F0D8F89F
:10A00000D4F8800620B106F021F80023C4F8803689
:10A01000D4F87C0620B106F049FA0023C4F87C3657
:10A02000D4F89C0120B108F089FE0023C4F89C31CB
:10A03000D4F88C0120B101F025FE0023C4F88C3146
:10A04000D4F8400120B102F069FF0023C4F8403188
:10A05000D4F8540120B1FEF3FFF30023C4F85431C7
:10A06000D4F8300120B102F019FC0023C4F83031DB
:10A07000D4F8340120B102F0C1F90023C4F834311E
:10A08000D4F8380120B102F01BFB0023C4F83831AA
:10A09000204602F0D5FAD4F84C0120B106F0BAFA05
:10A0A0000023C4F84C31D4F8480120B108F078FD01
:10A0B0000023C4F84831D4F8440120B106F032F945
:10A0C0000023C4F84431D4F85C0120B108F016FA3A
:10A0D0000023C4F85C31D4F82C3113B10023C4F848
:10A0E0002C31D4F8600120B104F0B4F90023C4F895
:10A0F0006031204608F0AAFA204605F09FFFD4F808
:10A10000500120B105F0FAFF0023C4F85031D4F813
:10A11000700120B101F09EFC0023C4F87031D4F826
:10A12000780120B104F0A8FC0023C4F87831D4F8F9
:10A130007C0120B107F06CFE0023C4F87C31D4F818
:10A14000740120B108F072FD0023C4F87431D4F812
:10A15000840120B101F01CFC0023C4F88431D4F840
:10A16000880120B104F0E2FB0023C4F88831D4F860
:10A17000780420B107F0F4FC0023C4F87834D4F854
:10A180007C0420B107F02EFD0023C4F87C34D4F801
:10A19000800420B107F0C0FD0023C4F88034D4F857
:10A1A000940120B108F0A2FE0023C4F89431D4F841
:10A1B000640820B108F0F6FE0023C4F86438D4F82F
:10A1C000F80620B108F040F90023C4F8F836D4F8B6
:10A1D0009C0620B104F0E2FE0023C4F89C36D4F8BB
:10A1E000A00620B101F060FD0023C4F8A036D4F829
:10A1F000CC0620B104F0BAFE0023C4F8CC36D4F863
:10A20000D40620B104F0F4FC0023C4F8D436D4F80A
:10A21000D00620B108F084FA0023C4F8D036D4F870
:10A22000600820B107F0D6FE0023C4F86038D4F8E7
:10A23000DC0620B107F0FEFB0023C4F8DC36D4F8BE
:10A24000BC0608B105F081FDD4F8C00608B105F0E0
:10A250007CFDD4F8A00120B103F0F8FE0023C4F87F
:10A26000A031D4F8F00620B106F0C2F90023C4F8FA
:10A27000F036D4F8300720B1EDF37EF40023C4F8B3
:10A280003037D4F8A40620B105F03AFD0023C4F815
:10A29000A436D4F8940620B104F070FF0023C4F86B
:10A2A0009436D4F8240120B108F06CF80023C4F8E7
:10A2B0002431D4F8280120B103F0A6FD0023C4F80E
:10A2C0002831D4F8880420B106F0A8FA0023C4F895
:10A2D0008834D4F8E80520B104F0D2FD0023C4F896
:10A2E000E835D4F8380620B1F9F7CEFF0023C4F8DA
:10A2F00038362046BDE8104004F0D4BB70B5D0F825
:10A300008434056801220446A3F89020D5F8D800CB
:10A310003C49E9F3A5F240B1D5F8D8003949D4F861
:10A320008464E9F379F2A6F89000D4F884346422C6
:10A33000A3F84A20D5F8D8003349E9F391F240B1A7
:10A34000D5F8D8003049D4F88464E9F365F2A6F86A
:10A350004A00D4F884346422A3F84C20D5F8D800FD
:10A360002A49E9F37DF240B1D5F8D8002749D4F85D
:10A370008464E9F351F2A6F84C00D4F884346422E2
:10A38000A3F89220D5F8D8002149E9F369F240B149
:10A39000D5F8D8001E49D4F88464E9F33DF2A6F854
:10A3A0009200D4F884340122A3F89620D5F8D8007E
:10A3B0001849E9F355F240B1D5F8D8001549D4F859
:10A3C0008464E9F329F2A6F89600D4F884340422D0
:10A3D000A3F89E20D5F8D8000F49E9F341F240B127
:10A3E000D5F8D8000C49D4F88464E9F315F2A6F83E
:10A3F0009E00D4F884346422A3F894200122A3F8A8
:10A40000982070BD079A0200239A0200E399020087
:10A41000749B0200CD990200B5990200F7B5036A5A
:10A42000044693F9FC00421C2CD0236893F87C204E
:10A430000A2A02D8FEF308F225E0D3F8D8501449CE
:10A440002846E9F3E9F113498DF804002846E9F3B9
:10A45000E3F111498DF805002846E9F3DDF1002507
:10A460008DF806002E4601AF7857FEF3EDF176B277
:10A47000E8550135B042A8BF0646032DF6B2F2D129
:10A48000304600E00820236A83F8FC00FEBD00BFD0
:10A49000F5990200FB990200019A02000368D0F8C6
:10A4A000842470B5D3F8D8500323D371D0F8842412
:10A4B00004461372D0F88424444982F8AD30D0F8B1
:10A4C0008424284682F8AE30E9F3A6F140B220B9E0
:10A4D00028463F49E9F3A0F140B2431E0E2B0CD8A9
:10A4E0000128D4F8842401D1002302E0022804D1F9
:10A4F0000123D371D4F884241372D4F8843493F8EC
:10A500001C210AB10322DA7132492846266AE9F38E
:10A5100083F186F8FC002046FFF780FF2E4928468D
:10A52000266AE9F379F186F8FD002046FFF7E0FCA2
:10A53000236A93F8FD2083F8FE20216841F26B0224
:10A54000D1F8D430186B904229D1226A92F9FC00DC
:10A55000082824DC9B6AD12B12D0E92B10D0902B39
:10A560000ED08B2B0CD08D2B01D10D2315E0932B0E
:10A570000AD1B1F87A301B051B0DB3F5826F01DCEF
:10A5800018230AE01B2308E08E2B01D1102304E0DE
:10A59000D62B01D0E42B02D1172382F8FC3023689C
:10A5A00040F27452D3F8D4309B6A934203D040F205
:10A5B000C652934207D1236A93F9FC20082A02DC91
:10A5C000172283F8FC20012070BD00BF579A0200BB
:10A5D0001F9A0200959B0200519A020010B5044692
:10A5E0001C49806822460023F9F350F6C4F8E801BC
:10A5F00070B3A068184922460023F9F347F6C4F85F
:10A60000000228B3A068154922460023F9F33EF65C
:10A61000C4F85003E0B1A068114922460023F9F3C1
:10A6200035F6C4F8540598B1A0680E4922460023B7
:10A63000F9F32CF6C4F8F40550B10023A0680A49D8
:10A640002246F9F323F6C4F8C407003018BF0120EE
:10A6500010BD00BF713D82005D01820075EF810079
:10A660001DFD8100CD378200A5CF810070B5FF228E
:10A670000446012384F8732484F8DB2241F20101AB
:10A68000D4F8842400260376A4F858146420032107
:10A6900084F8400584F8763484F87264D171D4F873
:10A6A000842440F62A151172A4F85A54A4F85C5474
:10A6B000A4F85E54A4F86054A4F86254A4F8645456
:10A6C000A4F86654A4F86E1440F62B150221A4F8E1
:10A6D0006854A4F8701407250421A4F86A54A4F857
:10A6E0006C14A4F82E06A4F8686384F82062A4F819
:10A6F0002C6684F8346284F8236284F8216284F83A
:10A70000F26484F8B06284F8276521684FF0FF3066
:10A7100081F8533048632168204681F84130216830
:10A7200081F84230216881F8D160216881F8436066
:10A73000216884F80E6284F80F62C4F8506681F8CC
:10A740009430216881F8F530216881F8F43021686F
:10A7500081F89D30216881F83431216881F86931B0
:10A76000216881F82861216881F86161216881F898
:10A770006A612268966684F8643384F8653392F8D7
:10A780004F10890718BF82F8523003230125002299
:10A7900084F8DC3184F8E4314FF44873A4F834359C
:10A7A00084F85065A4F84E2584F8DC5505F096DD54
:10A7B000052384F82036236884F8206184F85856ED
:10A7C00083F8115123684FF0FF31A4F87017A4F8F3
:10A7D000541884F8736784F8A15784F8B05783F845
:10A7E0004251236883F84351236883F85C612368EE
:10A7F00083F86451236883F86651236883F86B51AA
:10A80000236883F86751236883F86851236883F8C5
:10A810003B612368C3F83C6170BD2DE9F0470F46EA
:10A820009246002834D00468002C35D04FF0000840
:10A83000C14628E0D4F8C40239464044E8F300F2A7
:10A84000E8B9D4F8C8324FEA890653F8293053459D
:10A8500015D1D4F8C43243445D6B013D5D63EDB95D
:10A86000184629463822E8F35FF1D4F8C802294691
:10A8700080190422E8F358F12846BDE8F08709F171
:10A88000010908F13808236893F8B4309945D1DB01
:10A890006FF01D00BDE8F0876FF01D00BDE8F08788
:10A8A000F8B500250F4606682C4608E0D6F8C40225
:10A8B00039464019E8F3C4F1383538B1013433680A
:10A8C00093F8B4309C42F1DB6FF01D042046F8BDD4
:10A8D0002DE9F0478A461146984691460468FFF7ED
:10A8E000DFFF031E05DA2368002693F8B4203546FF
:10A8F0003BE0D4F8C822382042F82380D4F8C422A0
:10A9000000FB0320436B013343630020BDE8F08765
:10A91000D4F8C43206F138019F5D98191FBB49462F
:10A920001F22E8F3D9F1D4F8C4320C999E19089B80
:10A93000C6F820A0B362099B384673620A9BF36293
:10A940000B9B3363D4F8183743F8351003EBC5027B
:10A950000D9B5360736B01337363D4F8C83243F8B3
:10A960002580BDE8F08701350E469542D0DB6FF0BB
:10A970001500BDE8F0872DE9F04107680C46154643
:10A980009846D7F8CC02002604E003689C420BD01E
:10A99000064600690028F8D111E0002303610EB1DA
:10A9A000306101E0C7F8CC02069B80E83001C3604B
:10A9B0000020BDE8F0816FF01500BDE8F0811420A3
:10A9C000EDF3C8F00028E8D1F5E7000013B5002347
:10A9D0000446009321460068194AFFF7CCFF014660
:10A9E00058BBD4F888040322164B05F07FFF0146BC
:10A9F00018BBD4F888040222134B05F077FF0146F8
:10AA0000D8B9D4F888040522104B05F06FFF014631
:10AA100098B9D4F8880406220D4B05F067FF01466B
:10AA200058B9D4F8880408220A4B05F05FFF0028C3
:10AA300014BF4FF0FF30002001E04FF0FF301CBD8D
:10AA4000C9A381002DCC8100B12C8200F92E820097
:10AA5000FD4E000029FD8100026810B5D2F8CC023D
:10AA600000230EE00468A14209D101690BB119610C
:10AA700001E0C2F8CC12EDF37FF0002010BD0346D8
:10AA800000690028EED16FF01D0010BD41F2E443D3
:10AA9000984208D10023064A9A5A8A4205D00233C6
:10AAA000B3F58C7FF7D1002070470120704700BFBD
:10AAB0005C9A02002DE9F043D0F854530021C822DB
:10AAC00087B004462846E8F32FF06423EB85032380
:10AAD00085F8603000220123D4F858014FF48051EA
:10AAE00039F042D8FF28074605D1236A186919684A
:10AAF0004DF094D90746236A6F860021A4F8567456
:10AB0000204607F46057B3F808801E680CF008DB95
:10AB1000B7F5205F05F1380908D0B7F5C05F07D059
:10AB2000B7F5805F14BF0A27142702E0A02700E0D2
:10AB300028270021FF238DE80A00D4F884340290EE
:10AB400003971B7942460493484633465BF07ADA12
:10AB5000236893F84F309A0703D0EB8843F0200323
:10AB6000EB8007B0BDE8F08382B010B514246143D8
:10AB7000D0F8D44203936350059B60184360069B52
:10AB800002618360049BC360BDE8104002B070475F
:10AB900030B503680446DB6985B09A6D4068D4F827
:10ABA0003C16DB6DF9F738FBC4F83806002800F0D6
:10ABB000DE81204604F068F9C4F8E805002800F0BA
:10ABC000D981204605F04AFEC4F88804002800F028
:10ABD000D481204603F048F9C4F82801002800F089
:10ABE000CF81204607F098FBC4F82401002800F02C
:10ABF000CA81204604F0D6FCC4F89406002800F070
:10AC0000D181204605F08EF8C4F8A406002800F093
:10AC1000CC81204604F0F2FE002840F0C981204695
:10AC200004F04EFF002840F0C381204604F076FF78
:10AC3000002840F0BD81204604F0D4FF002840F0F9
:10AC4000B781204605F00AF8002840F0B18120467F
:10AC500005F020F80546002840F0AA810321D4F829
:10AC6000A4060A4605F054F9C4F8BC06002800F012
:10AC7000A281D4F8A40602212A4605F049F9C4F8B5
:10AC8000C006002800F09A812946C04AC04B2046E1
:10AC90000095019407F084FBBE4B1A1D07CA1B6880
:10ACA0008DE80700082122462046FFF75DFF206857
:10ACB00006F062FA204606F065FFC4F87804002822
:10ACC00000F07F81204606F0A7FFC4F87C0400282E
:10ACD00000F07981204607F035F8C4F88004002898
:10ACE00000F07381204601F063FEC4F818050028C7
:10ACF00000F06D81A84B2046C4F8543101F0E8FD06
:10AD0000C4F83001002800F06481204601F0A0FB67
:10AD1000C4F83401002800F05E81204601F000FDF7
:10AD2000C4F83801002800F05881204601F092FC58
:10AD3000002840F05581204607F092FBC4F85C01E2
:10AD4000002800F05081204607F06CF9C4F8600834
:10AD5000002800F04A8120682146A2688F4B03F04A
:10AD6000CBFEC4F89802002800F04181204603F091
:10AD7000BBFBC4F86001002800F03B81884B2046F3
:10AD8000C4F82C3105F000FBC4F84401002800F0A1
:10AD90003281204607F01EFFC4F84801002800F069
:10ADA0002C81204605F074FCC4F84C01002800F00A
:10ADB0002781204602F0D6F8C4F84001002800F0B0
:10ADC00021812368012283F8A120204604F0EAF8BB
:10ADD000C4F89C06002800F01781204607F09EFB6F
:10ADE000002840F01381204605F0E4F9C4F8500132
:10ADF000002800F00D81204605F004F9002840F0FD
:10AE00000981204600F03CFEC4F87001002800F0E3
:10AE10000381204603F09AFDC4F87801002800F071
:10AE2000FD80204607F010F8C4F87C01002800F0EF
:10AE3000F880204607F010FFC4F87401002800F0E5
:10AE4000F380204600F0BAFDC4F88401002800F029
:10AE5000ED80204603F034FDC4F88801002800F09E
:10AE6000E780204607F0BEFFC4F89401002800F0F8
:10AE7000E180204600F06AFEC4F88C01002800F052
:10AE8000DB80204607F070FFC4F89C01002800F02A
:10AE9000D580204669F094DE60B1204608F036F88F
:10AEA000C4F86408002800F0C9802368012283F8F0
:10AEB000322102E0236883F83201204607F08EFA3F
:10AEC000C4F8F806002800F0BB80204605F002FB1D
:10AED000C4F87C06002800F0B580204605F0C4F8D0
:10AEE000C4F88006002800F0AF80204607F03EFC42
:10AEF000C4F8D006002800F0A9802368012283F856
:10AF0000A320204600F0E2FEC4F8A006002800F0CE
:10AF10009F80204603F0D4FFC4F8CC06002800F040
:10AF20009980204603F08AFEC4F8D406002800F079
:10AF30009380204606F08EFDC4F8DC06002800F061
:10AF40008D80236893F869313BB1204603F09CF86B
:10AF5000C4F8A001002800F08380204605F022FB01
:10AF6000C4F8F00600280CBF7620002079E04FF4EA
:10AF7000967076E040F22D1073E04FF4977070E019
:10AF800040F22F106DE04FF498706AE0193482009F
:10AF9000E5338200389A0200EFBEADDE41FF81004A
:10AFA000EFBEAD0D40F231105BE04FF4997058E008
:10AFB00040F2411055E040F2471052E04FF4A470C7
:10AFC0004FE024204DE025204BE0262049E02A20B8
:10AFD00047E0312045E0322043E040F2F51040E008
:10AFE0004FF4FB703DE035203BE0BD2039E03920D7
:10AFF00037E03C2035E03E2033E040F26D2030E089
:10B000003F202EE043202CE06A202AE0472028E061
:10B01000492026E0482024E04A2022E040F2E520B2
:10B020001FE040F2E6201CE04B201AE05A2018E016
:10B030005B2016E05E2014E05F2012E0632010E049
:10B0400065200EE008480CE067200AE06C2008E06C
:10B050006E2006E06F2004E0702002E0722000E025
:10B06000732005B030BD00BF50464D00F8B5044612
:10B07000002800F0A6800FF099D9D4F8F415D0F18B
:10B08000010638BF002621B1A068F9F37BF000B9B2
:10B0900001362046D4F82C1305F00CDF2046D4F8F6
:10B0A000DC1405F007DF2046D4F8341305F002DF86
:10B0B000D4F8400308B1ECF35FF5D4F8980220B15E
:10B0C00003F070FD0023C4F89832276AB96911B102
:10B0D000204661F09BD80025BD61D4F864325959EF
:10B0E00011B1204632F098DA0435202DF5D1D4F88C
:10B0F000580103F0B3FA2046FEF737FFD4F81805DD
:10B1000020B101F031FC0023C4F818352046FEF7C9
:10B1100072FF204602F042FA23688619D3F8D41051
:10B1200031B1606802F035FA23680022C3F8D420F8
:10B130002368D3F8D80028B1ECF31EF52368002269
:10B14000C3F8D820D4F8D05204E02846EF68ECF3D6
:10B1500013F53D46002DF8D12146C4F8D0522068A1
:10B16000FFF77AFC206818492246FFF756FBD4F80F
:10B17000640118B107F09EF8C4F86451D4F89C0239
:10B1800020B1ECF3F9F40023C4F89C32D4F8F804AD
:10B1900048B1ECF3F1F40023C4F8F83403E020469E
:10B1A000616815F037D8D4F89422002AF7D104F555
:10B1B000C6600C30F8F7B2FF2046616801F08AF8EB
:10B1C00000E006463046F8BDDD5601002DE9F04F9F
:10B1D00091B0002491461B9E9DF868200790DDF8F1
:10B1E00078B02046099198460892DDF880A00C942A
:10B1F0000D940E94E3F792FB484631461C9A1D9B32
:10B20000CDF800B00CF031F8054608B1012376E323
:10B21000FEF71AFE0DAB01930EAB02934846314682
:10B220001C9A1D9BCDF800B002F0AEF9074618B984
:10B2300001230C93044688E30D9848B1AA49E8F32A
:10B240000FF328B129462A46E8F3A6F01FFA80F941
:10B250001F9B3046009341460CAA4B4601F06CF808
:10B260000446002800F0898305680E9A46600D9B0D
:10B27000C5F8DC20D0F88424FF21C5F8D470C5F8C7
:10B28000D83082F86010426A0023C261079A0D9399
:10B290008260964AC5F80C80C5F8A4206E610E93B2
:10B2A000012280F84226D0F8E022C0F8A4B163F36E
:10B2B0001722C0F8E022089A414685F8212080F83C
:10B2C000CF31032380F84135FFF7D0F9236804F527
:10B2D000C662DB696068196E0C32F8F7E2FE074659
:10B2E000002840F032832046394605F007D8204632
:10B2F00007993246434606F045FFC4F8640108B991
:10B300000F23FCE27A4B28468DE88800794B7A4976
:10B3100004937A4B7A4A0593234602970397FFF7E3
:10B32000D7FA08B11023EAE2089B1C9A8DE848007E
:10B330001D9B02920393204609994A464346CDF845
:10B3400010B002F01DFA0C90002840F0FE82236934
:10B35000D86FFEF76AFAA4F84006B4F8AA010DF017
:10B36000CFD9003018BF01200A3054F820300AA984
:10B37000236220692FF0FCDF00283DD10A9B07469D
:10B38000C4F8B03139460FAA204604F0ADDC394686
:10B390002046BDF83C20013704F0AADC062FF1D18D
:10B3A0004FF44073C5F8E8302A23C5F8B83032238B
:10B3B000C5F8BC3036234FF47D62C5F8C43040F286
:10B3C000D453A5F8CA20A5F8C0304FF45D7200230D
:10B3D00085F8B670A5F8C82084F89437D5F8B83049
:10B3E000842B02D98423C5F8B8304FF40470ECF3F1
:10B3F000B1F3C4F89C0208B9142380E24FF404723C
:10B400000021E7F391F322460023D2F8A002D4F8FA
:10B410009C12043241F82300D4F89C1251F82310F6
:10B420008B710133042BF0D1012385F89330236A0B
:10B430001869EEF7A1FF00F0010085F85400236AB7
:10B440001869EEF799FFC0F3C00085F8550029464A
:10B45000204607F0EDF92B49D5F8D800E8F3DCF1E8
:10B46000D5F8D42040F26E51936A07468B4208D03B
:10B47000126B41F26B018A425AD1D12B01D0E92BD8
:10B4800012D1D4F88434192283F84920D4F88434B2
:10B490004FF0FF325A64642283F87A20D4F884345F
:10B4A000012283F8302059E0B3F5897F11D8B3F534
:10B4B000887F32D8F52B07D8F42B2ED2E42B2CD052
:10B4C000EF2B2AD0D62B27E0A3F58773012B45D885
:10B4D00023E0B3F59A7F17D2B3F5987F1DD840F2D9
:10B4E0001712934218E000BF839B020000315F07F0
:10B4F00001638200EC56010008D68800514F00001D
:10B50000DD560100899B0200B3F59A7F26D9B3F579
:10B510009B7F02D9B3F5A57F20D1D4F884343222A1
:10B5200083F87A20D4F88434642283F8492010E028
:10B5300041F2E4418A4211D140F2DA5293420DD1F4
:10B54000D4F88424642382F87A30D4F8842482F8EE
:10B550004930D4F884344FF0FF325A642046FEF765
:10B56000CDFED4F884341922A3F8AA20204607F08F
:10B570007FF8D4F88434226A19781069DA784EF0AA
:10B58000D1D8D4F878364FF0010983F83490E169C6
:10B590002069043103F0D7FD236AD4F884B4186914
:10B5A0004EF0D8D9CBF8400004F5E47B2069594629
:10B5B0002EF064DF0622281D5946E7F331F2B4F875
:10B5C000AA010DF09DD8003018BF01200A3054F8B0
:10B5D000203020462362FEF761FF08B918238EE170
:10B5E000216A0F2340F2FF32A1F80031A1F80221B5
:10B5F00001F1F80301F1F402204601F01BFC236A7B
:10B60000D3F8F420C3F8F020C3F8E820D3F8F820EA
:10B61000C3F8EC201A68022A08BF83F8159007F0D7
:10B620000103002B0CBF0323002385F84F30236A4E
:10B630001869EEF7A1FE10F40060236806D093F8B5
:10B640004F2002B1012283F8512001E083F851001C
:10B65000216A20461C3106F06DDA00212046D4F81C
:10B6600020900BF05DDD00227F2309F15001009353
:10B670000190134609F11C005AF020DD204664F0C9
:10B680002FDF40F2CC63C4F828362046FFF780FA5B
:10B690000C90002840F05981D4F8800402219DF9D3
:10B6A0002C2059F0F9DD20464146FEF797FF10B9EE
:10B6B0004FF47A7323E1204602F0F4FFC4F85801F6
:10B6C00010B940F2E9331AE12046FFF7F3F92046BA
:10B6D000314614F07FDD10B940F2EB330FE1C4F8CE
:10B6E000BC05C4F8C0053146204614F073DD10B91E
:10B6F0004FF47B7303E10123C4F8C40585F8A83037
:10B70000204602F045FC10B140F2ED33F7E006238D
:10B71000A5F86030A5F8623095F89C30012B04D173
:10B720004022A5F86020A5F86220D5F888300A22CA
:10B730001A804FF454725A80D5F88C300126C422F6
:10B740001E805A80D4F830011FF0C8DD08B184F89B
:10B750000E62B4F8E13243F4C05343F01E03A4F880
:10B76000E132236A1869EEF707FEC10607D5D4F85F
:10B77000843401229A74D4F88434FF22DA74B4F841
:10B78000E1224FF2FF731340D4F88424A4F8E1328D
:10B79000D278012A07D123F4006323F00C031B04A1
:10B7A0001B0CA4F8E132FF260221012284F8E0629A
:10B7B00084F8DF6284F8DE62204603F0BDDB0121FD
:10B7C0003246204603F0B8DB236A4FF0FF38C4F856
:10B7D00014821869EEF7D0FD10F00406204605D05B
:10B7E0000321FEF3C3F684F81C8204E03146FEF325
:10B7F000BDF684F81C62236A1869EEF7BDFD3A07AE
:10B8000002D5002384F81C32FB0603D52046002114
:10B81000FEF3ACF6BE070ED5A26A002382F84D30C7
:10B82000E26A82F84D30B4F8E13223F080031B0461
:10B830001B0CA4F8E132780703D52046002164F000
:10B84000D5DF390607D5B4F8E13223F010031B0425
:10B850001B0CA4F8E13295F84130A3B195F84230C1
:10B860008BB117F0600F0ED007F02001D1F101016C
:10B8700007F0400238BF0021D2F10102204638BF54
:10B88000002200F00FFFB4F8AA010CF039DF0030FD
:10B8900018BF012000F10A0654F82670D4F8681287
:10B8A0002046384A3B4660F06FDCB86154F82610F9
:10B8B000886910B940F24C4321E0503128223C30D5
:10B8C000E7F3AEF01420ECF34BF1C4F8300710B9F5
:10B8D00040F24D4313E0AB6D204643F00403AB65EB
:10B8E0000EF078DD2046FFF771F810B14FF4FA63DF
:10B8F00005E0204603F0DEF818B140F2D1730C9356
:10B9000023E023682049D3F8D800E7F3A9F770B102
:10B910000346184613F8012B1AB11C498A5C5207DA
:10B92000F7D500210A22E7F337F5C4F88406A068AA
:10B930000021F8F3A7F4012384F8A837BAF1000F27
:10B9400017D00023CAF8003013E00D9820B1ECF3B3
:10B9500013F100230D930E9314B12046FFF786FBDD
:10B96000BAF1000F04D00C9B0024CAF8003000E0AC
:10B970005446204611B0BDE8F08F3046394601F0FC
:10B9800008FEE2E710570100489A02000AA088006A
:10B9900038B5044670B1056821462868FFF75CF8A1
:10B9A000286805492246FEF738FF2046BDE83840A2
:10B9B000ECF3E2B038BD00BF1657010070B5066A5F
:10B9C0008EB005463820ECF3CBF0044600282FD08B
:10B9D0001B4B056000930023019302930393049390
:10B9E000059328681749184A2346FEF771FFF8B9EE
:10B9F000164B214600932868154A0223FEF7BBFF29
:10BA00000546A8B929461C2204F10B00E7F38CF087
:10BA10003069316807AA4CF025DA234607AAD97A9B
:10BA2000AA5C01350A43DA7201331C2DF6D103E01A
:10BA30002046FFF7ADFF002420460EB070BD00BFCA
:10BA4000C54F830084E188001657010074E1880027
:10BA50007D4F830038B5044670B1056821462868DB
:10BA6000FEF7FAFF286805492246FEF7D6FE204673
:10BA7000BDE83840ECF380B038BD00BF1A57010074
:10BA800030B5054687B00C20ECF36AF00446002878
:10BA90003FD000230560012100930190204A2846F1
:10BAA000204B02F037FA0028606032DB1E4BD5F8DD
:10BAB00094068DE81800052121221C4B03F0F2FBAF
:10BAC00038BB1B4BD5F894068DE8180005212422BD
:10BAD000184B03F0E7FBE0B9174B0190009302907D
:10BAE00003900490059015492868154A2346FEF7EF
:10BAF000EFFE70B9134B286800932146124A0323C6
:10BB0000FEF739FF28B92A680123A36082F8A9301B
:10BB100003E02046FFF79EFF0024204607B030BD1B
:10BB20007954830075548300C15583007D5483008C
:10BB3000915683009D5483004D558300C0E18800D9
:10BB40001A570100A8E18800D154830030B505469A
:10BB500087B000286DD00820ECF302F004460028DE
:10BB600068D000230560142100930190354A2846CF
:10BB7000354B02F0CFF9002860605EDB334B4FF4A9
:10BB800098718DE818006B22D5F89406304B03F0BD
:10BB900089FB002851D12F4B05218DE818006B221D
:10BBA000D5F894062C4B03F07DFB002845D12B4B98
:10BBB0004FF490718DE818006C22D5F89406284B4C
:10BBC00003F070FB002838D1264B4FF490718DE8BC
:10BBD00018006F22D5F89406234B03F063FB00286E
:10BBE0002BD1224B0A218DE818006E22D5F894063D
:10BBF0001F4B03F057FB00281FD10095D5F8940682
:10BC00000A216E221B4B03F003FEB0B91A4B0190C0
:10BC10000093029003900490059028681749184AF1
:10BC20002346FEF755FE40B92B68012283F8AC206D
:10BC300000E00446204607B030BD2046EBF39CF7F9
:10BC40000024F7E7215C8300015C8300395E8300F8
:10BC5000555C8300195E8300355C8300595E830068
:10BC6000815C8300C55E8300C15C8300F15E83005C
:10BC7000ED5C8300E15B8300195D8300D8E18800FF
:10BC80001E57010010B5044650B1036805491868F5
:10BC90002246FEF7C2FD2046BDE81040EBF36CB72C
:10BCA00010BD00BF1E57010010B5044650B1036817
:10BCB000054918682246FEF7B0FD2046BDE8104051
:10BCC000EBF35AB710BD00BF999B020070B5054653
:10BCD00086B00820EBF33EF70446002800F0B98058
:10BCE0005F4B05604FF49071009301903022D5F8BE
:10BCF00094065C4B03F0D6FA002840F0AA805A4B19
:10BD0000D5F894068DE818004FF49071F422574B43
:10BD100003F0C8FA002840F09C80554BD5F89406F3
:10BD20008DE818000A21F422504B03F0BBFA0028DA
:10BD300040F08F804F4BD5F894068DE818004FF4F3
:10BD40009071A0224C4B03F039FB002840F0818019
:10BD50004A4BD5F894068DE8180005213022484B4F
:10BD600003F0A0FA002874D1464BD5F894068DE86C
:10BD700018000521F422444B03F094FA002868D1FE
:10BD8000424BD5F894068DE818000521A022404BBF
:10BD900003F014FB00285CD1D5F89406052130226D
:10BDA0003C4B009403F034FD002852D1D5F89406A2
:10BDB0000521F422384B009403F02AFD002848D1D5
:10BDC000D5F894060521A022344B009403F0A6FD7B
:10BDD00000283ED1D5F89406C0213022304B009483
:10BDE00003F016FD002834D1D5F89406C021A02216
:10BDF0002C4B009403F092FD58BBD5F89406C0215B
:10BE0000F422294B009403F003FD10BBD5F89406EF
:10BE10000A21F422254B009403F0FAFC0646C0B92F
:10BE20008DE8110001212846214A224B02F072F8C8
:10BE3000002860600DDB204B28688DE848001F4912
:10BE40001F4A23460296039604960596FEF740FD88
:10BE500018B12046FFF728FF0024204606B070BD29
:10BE600059638300216383003BA10000D59C00003F
:10BE7000E5A000006D6383003D6383009962830049
:10BE80002161830077A0000031A00000E9628300F7
:10BE900071618300A96183000D9D00001D62830014
:10BEA0003D668300556683005D9C00008F9C00000A
:10BEB0008563830081638300B964830038E288006E
:10BEC000999B02002023402180E80A00C0F8B010AE
:10BED000C16218214FF4F0628163016401651D2184
:10BEE0002DE9F04182600B251022C16505210A244D
:10BEF000C2604561856142620425C0F8B8200166D0
:10BF000080224FF4F0714FF480660461C461856251
:10BF1000012409254FF0140C426311270822816681
:10BF20004FF027080321C0F8B43004624466C464AB
:10BF300043658567C0F830C0C2638765C66606671B
:10BF40004167C0F87C80C0F8A440B024C0F8C0406D
:10BF50004824C0F8C4406024C0F88450C0F8885019
:10BF6000C0F8C84002253024C0F8E030C0F8F030F6
:10BF7000D3234FF01208C0F88C50C0F89050C0F88E
:10BF80009C50C0F8A050C0F8CC404FF4FA6506248D
:10BF9000C0F8F4300023C0F88080C0F894C0C0F826
:10BFA0009810C0F8A810C0F8AC20C0F80021C0F864
:10BFB0000421C0F8D040C0F8D470C0F8D850C0F800
:10BFC000DC20C0F8E840C0F8E460C0F8FC30C0F8FD
:10BFD000F810BDE8F08101207047704738B504467D
:10BFE000D0F82C0320B1EBF3C7F50023C4F82C33B1
:10BFF000D4F8340320B1EBF3BFF50023C4F8343395
:10C00000D4F8180730B1236823B1EBF3B5F500235A
:10C01000C4F81837D4F8C40218B123680BB1EBF395
:10C02000ABF5D4F8C8020025C4F8C45228B123687F
:10C030001BB1EBF3A1F5C4F8C852D4F8640208B1FF
:10C04000EBF39AF5D4F854030025C4F8645218B100
:10C05000EBF392F5C4F85453D4F8140320B1EBF386
:10C060008BF50023C4F81433D4F8D40208B1EBF3F1
:10C0700083F500256319D3F8A032D3F8E00008B1A6
:10C08000EBF37AF50435102DF4D1D4F8A00208B101
:10C09000EBF372F5D4F8840420B1EBF36DF50023D3
:10C0A000C4F88434D4F8DC0420B1EBF365F5002344
:10C0B000C4F8DC34D4F8280520B1EBF35DF5002397
:10C0C000C4F8283538BD10B50C46D1B1C86918B1CF
:10C0D000EBF352F50023E361D4F8880020B1EBF3D1
:10C0E0004BF50023C4F88830D4F88C0020B1EBF372
:10C0F00043F50023C4F88C302046BDE81040EBF334
:10C100003BB510BD70B504464FF4B8701646EBF35E
:10C1100027F50546A8B14FF48470EBF321F5E861EB
:10C1200078B13146FFF7CEFE4FF45470EBF318F5BB
:10C13000C5F8880028B1C420EBF312F5C5F88C00CF
:10C1400020B929462046FFF7BEFF0025284670BDCE
:10C150002DE9F0411D4600260368C0F8C46293F83B
:10C16000B430044638205843EBF3FAF4C4F8C40260
:10C17000002855D0236893F8B4008000EBF3F0F466
:10C18000C4F8C80210B940F2F53394E04FF40070DF
:10C19000EBF3E6F4C4F81807002800F09580C4F823
:10C1A00064622020EBF3DCF4C4F8640210B94FF4AD
:10C1B0007E7380E0C820EBF3D3F4C4F8540310B9C5
:10C1C00040F2F23377E04FF4B870EBF3C9F4C4F8FF
:10C1D000840410B940F2F9336DE08020666AEBF315
:10C1E000BFF4B06210B940F2034364E04FF48470CE
:10C1F000EBF3B6F4C4F82C0310B940F2EF335AE075
:10C200004FF48470EBF3ACF4C4F8340310B94FF47A
:10C210007C7350E01220EBF3A3F4C4F8140310B9BC
:10C220004FF47D7347E0B420EBF39AF4C4F8D402E2
:10C2300010B940F2F6333EE04FF46470EBF390F443
:10C24000C4F8A002F0B100F1E403C4F8A43200F590
:10C25000E47300F52B70C4F8A832C4F8AC0226468B
:10C2600004F110072368D6F8A082DB69D3F8D40064
:10C270004001EBF375F4C8F8E000D6F8A032D3F82B
:10C28000E00010B940F2F73315E00436BE42E9D1C0
:10C290004FF48470EBF364F4C4F8DC0410B940F29A
:10C2A000FB3308E04FF48670EBF35AF4C4F828052A
:10C2B00020B940F2FF332B60BDE8F0813820EBF36A
:10C2C0004FF4C4F8780610B94FF48163F3E7012006
:10C2D000BDE8F08138B50D46044600282BD0FFF7A5
:10C2E0007CFE20462946FFF779FEA06A08B1EBF3F1
:10C2F00043F4636A5BB1986A20B1EBF33DF4636A7F
:10C3000000229A62606AEBF337F400236362D4F888
:10C31000780620B1EBF330F40023C4F878362168B6
:10C3200021B12846FFF7CFFE002323602046BDE859
:10C330003840EBF321B438BD2DE9F341064640F611
:10C340007400884615461F46EBF30AF4044610B9FC
:10C3500040F2EA3310E02623C0F8E035C0F8E435B7
:10C36000089B4146C0F81C373A463046FFF7CAFEE4
:10C37000206018B940F2EB332B602DE040231A4ABD
:10C3800080F8B430236812680460C3F898204FF432
:10C390000870EBF3E5F3A06240B100F58870E0624D
:10C3A0002C20EBF3DDF3606230B902E040F2F233AF
:10C3B000E2E740F2F333DFE72046314642462B46C0
:10C3C0000097FFF7C5FE38B12046314642462B465E
:10C3D0000097FFF700FE20B920463146FFF77AFFAD
:10C3E00000242046BDE8FC814404000003680B22C1
:10C3F000DB69C3F8BC205A619A61704710B50446E6
:10C40000F8B1D0F8500208B1EBF3B6F3D4F8E80273
:10C4100020B1EBF3B1F30023C4F8E832D4F8FC0305
:10C4200020B1EBF3A9F30023C4F8FC3323680549DA
:10C4300018682246FEF7F1F92046BDE81040EBF3FC
:10C440009BB310BD6E7D890080F8C013704700005B
:10C45000F0B587B00546FFF7C9FF4FF48160EBF3F5
:10C4600079F30446002800F0D48000214FF4816263
:10C470004026E6F359F3256084F8E163BC20EBF332
:10C4800069F3C4F85002002800F0BA800021BC22F1
:10C49000E6F34AF30123A3726373A373E373A374F4
:10C4A00094F8E13300223F2BE67498BFE374FF2336
:10C4B00084F828300B23227462742273E2720521FF
:10C4C000022284F8DE33002384F8271084F82D201C
:10C4D00041F2285084F82C306085286890F89C0040
:10C4E000217501280CBF0120104684F82E00012080
:10C4F00084F8C0034FF40060A275606322462146B1
:10C500000520D0750220D07723B94FF48070A4F8AD
:10C51000E40302E02020A1F8E403013301320231F8
:10C52000082BEDD100260127204641F2285184F83E
:10C530002F6084F8307018F0D1DA0221204685F897
:10C54000DA721AF011DE84F8D86304212846324AE0
:10C55000324B0096019401F0DDFCB042C4F80004B7
:10C560004EDB042128462E4A2E4B0096019405F0FE
:10C5700017FFB042606043DB4FF43E70EBF3EAF22A
:10C58000C4F8E80200283BD031464FF43E72E6F38F
:10C59000CBF21020EBF3E4F2C4F8FC0300282FD018
:10C5A000214B28680093214B21490193214B224ABA
:10C5B00003932346029604960596FEF789F9F8B987
:10C5C0001E4B84F854721A1D07CA8DE807002246D4
:10C5D0001B6828460721FEF7C7FAFF2384F8DD33DE
:10C5E0002B68204693F841101BF03CDDC823C4F8AB
:10C5F000EC3220461BF04AD8202384F8E23308E0CE
:10C60000D4F8500208B1EBF3B7F22046EBF3B4F2E2
:10C610000024204607B0F0BD01918300E59083001F
:10C62000A1918300819183006199830099B7830070
:10C630005CE2880015AA83006E7D8900A09B020041
:10C64000024618B100680249FEF7E7B8704700BF1C
:10C650005D89890010B5044686B00E490E4A23460E
:10C6600000680AF0F1D90D4B206800930023019374
:10C6700002930393049305930949064A2346FEF760
:10C6800027F920B12046FFF7DBFF4FF0FF3006B05F
:10C6900010BD00BF5D89890021CF830015CE8300C6
:10C6A0004CE3880038B50446D0F834011546FFF74E
:10C6B000CBFED4F838012946BDE8384000F02CB84C
:10C6C00010B50446002824D0416969B190F829309A
:10C6D0001BB103689868F7F355F52368616998689A
:10C6E000F7F3BCF500236361A06908B1EBF344F2F2
:10C6F000E06918B1EBF340F20023E36123680549D8
:10C7000018682246FEF789F82046BDE81040EBF392
:10C7100033B210BD7686890080F82810704700007B
:10C7200070B5054686B03420EBF314F204460028B9
:10C7300000F0928000213422E6F3F6F140232560D8
:10C7400084F82A305020EBF305F2A06100287BD05A
:10C7500000215022E6F3E8F1012384F8203084F828
:10C76000213084F8223084F8233084F8243084F88F
:10C77000253084F8263084F8273023721023637222
:10C7800094F82A300F2B98BF63722B6A0026186921
:10C79000EDF7F2FD4FF47A73E381C823238200F0B2
:10C7A0001000012300280CBF0520072084F8283042
:10C7B00003232073E3722046A6721DF0FDDC0421E2
:10C7C0002846274A274B0096019401F0A3FBB0426C
:10C7D000206339DB04212846234A244B0096019428
:10C7E00005F0DEFDB04260602EDBA86820492246DD
:10C7F0003346F7F34BF5606130B34FF4BA70EBF3A7
:10C80000A9F1E06100B331464FF4BA72E6F38CF15E
:10C81000184B28680093184B18490193184B194A74
:10C820000393194B02960493184B05932346FEF786
:10C830004FF8064640B92B68204693F842101DF089
:10C840006DDC84F8296007E0A06908B1EBF394F18E
:10C850002046EBF391F10024204606B070BD00BFE6
:10C8600005DF8300EDDE830061DF830041DF8300AD
:10C8700071E28300DDDF830045E5830088E3880003
:10C8800029E18300768689004457010025A3000032
:10C890000023037440F6FB63C381704710B5044660
:10C8A00090B11EF025D9606808492246FDF7B5FF12
:10C8B000E06E08B1EBF360F1206EEBF35DF1204622
:10C8C000BDE81040EBF358B110BD00BF6E88890081
:10C8D00030B5054687B07020EBF33CF104460028E4
:10C8E00034D000217022E6F31FF12B6825606360CD
:10C8F0001820EBF32FF1206620B300211822E6F375
:10C9000013F16420EBF326F1E066D8B10021642234
:10C91000E6F30AF10F4A104B0292104A00930023EB
:10C92000019303920493059360680D490D4A2346D1
:10C93000FDF7CEFF30B901236382A3822046FFF7C3
:10C94000A7FF03E02046FFF7A9FF0024204607B019
:10C9500030BD00BFDDF1830095EE830075F08300EC
:10C96000DCE388006E88890070B50446E8B185690B
:10C97000C669284600F016F9616C41B1A868F7F362
:10C9800001F4A868616CF7F369F40023636422463C
:10C9900030460649FDF741FF28682146FEF75CF85E
:10C9A0002046BDE87040EBF3E7B070BD826A8900B5
:10C9B0002DE9F0433C234FF005090A27D0F8008009
:10C9C000C0F80435C0F80895C0F8107587B0044663
:10C9D000A020EBF3BFF00546002800F0B180002155
:10C9E000A0220026E6F3A0F02E70AC61C5F81C80F2
:10C9F000284620F0AFDF0421A862554A204633467E
:10CA00000096019501F086FAB042A866C0F29880BF
:10CA1000204600F0E1F80646002840F09180A0682A
:10CA20004C492A463346F7F331F46864002800F095
:10CA30008780494B40460093484B49490193494BF5
:10CA4000494A02932B46039604960596FDF740FF4C
:10CA50000346002874D1009029462068434AFDF718
:10CA60008AFF014600286BD1D4F888040122404B8C
:10CA700003F03CFF002863D13E4BD4F894068DE8C8
:10CA80001800394601223C4B02F00CFC002857D11B
:10CA90003A4B32228DE81800D4F894063946384BC8
:10CAA00002F000FC024600284AD1D4F89406494618
:10CAB000344B009402F0ACFE002841D1D4F8940627
:10CAC00049460122304B009402F0A2FE002837D1E3
:10CAD000D4F89406494632222C4B009402F098FE7A
:10CAE00070BBD4F894064946A422294B009402F066
:10CAF00015FF28BBD4F8940649463022254B0094F4
:10CB000002F086FEE0B9D4F89406C0212D22224B13
:10CB1000009402F07DFE98B9D4F8940690212D225D
:10CB20001E4B009402F0D6FC50B9D8F8D8001C492E
:10CB3000E6F372F64FF47A7390FBF3F36B8103E044
:10CB40002846FFF711FF0025284607B0BDE8F0830F
:10CB500001FD8300DD16840009FD8300AD0F840014
:10CB6000A8E4880089118400826A8900650684002F
:10CB7000F9078400F5138400A5118400D9138400FB
:10CB80009511840091128400C9128400551284000A
:10CB9000791384000D138400A9148400A514840063
:10CBA0006885890038B5D0F81455044675B1084930
:10CBB000024660F0B5D9074922462068FDF72DFEF0
:10CBC0002846EAF3D9F70023C4F8143538BD00BF6E
:10CBD0001139840066570100F0B5044687B04FF460
:10CBE0000A60EAF3B7F7054620B9C4F814054FF018
:10CBF000FF3005E100214FF40A62E5F395F7226862
:10CC000005F120032B60002608236B612E61F821BB
:10CC1000D36520467B4A7C4B0096019405F0C0FB0F
:10CC2000B042A86105DA2046FFF7BCFF6FF00100B3
:10CC3000E6E0764B002243F8042BF2071FD5744937
:10CC400001270A780D2A07FA02FE03DCD21917FA27
:10CC500002F001E04FF40040CA78012111FA02F716
:10CC60000D2A47EA0E0747EA000003DC521811FAC2
:10CC700002F201E04FF40042024343F8042CB007F3
:10CC800023D5634901274A7853F804EC0D2A07FAA3
:10CC900002FC03DCD21917FA02F001E04FF4004065
:10CCA0008A78012111FA02F70D2A47EA0C0747EAB0
:10CCB000000003DC521811FA02F201E04FF40042C6
:10CCC000024342EA0E0243F8042C710723D550496F
:10CCD00001270A7953F804EC0D2A07FA02FC03DC59
:10CCE000D21917FA02F001E04FF400404A7901210D
:10CCF00011FA02F70D2A47EA0C0747EA000003DCA5
:10CD0000521811FA02F201E04FF40042024342EAE3
:10CD10000E0243F8042C320723D53D4901278A79B6
:10CD200053F804EC0D2A07FA02FC03DCD21917FAB7
:10CD300002F001E04FF40040CA79012111FA02F734
:10CD40000D2A47EA0C0747EA000003DC521811FAE3
:10CD500002F201E04FF40042024342EA0E0243F8BD
:10CD6000042C0136102E7FF465AF2A4B002103936B
:10CD70002068294A2346009101910291049105916E
:10CD8000FDF7A6FD70BB0121D4F888040A46234BA9
:10CD900003F0ACFD48BBD4F8880401210222204BEB
:10CDA00003F0A4FD20BB1F4BD4F894068DE81800B7
:10CDB000802105221C4B02F0F3F9E0B91B4B1A1D30
:10CDC00007CA8DE807002046032122461B68FDF7AD
:10CDD000CBFE20461649224660F09CD870B9C4F8B4
:10CDE00014550DE06FF003000AE06FF0040007E057
:10CDF0006FF0050004E06FF0060001E06FF008003E
:10CE000007B0F0BDC5388400453884007465010062
:10CE100060E188000D32840066570100CD2F840048
:10CE200009368400F9398400FD318400B09B02008A
:10CE30001139840070B51E468B89154642F25602A0
:10CE400093420C4608D842F2550293422DD242F248
:10CE50005002934229D108E042F2600293421AD074
:10CE60004EF2F542934220D11AE0CB89012B04D136
:10CE70006FF03B032B600F2303E06FF045032B6043
:10CE8000142333600368D3F88030D90412D52B689B
:10CE9000023B2B600EE06FF04A032B600F2308E08B
:10CEA0006FF095032B60962303E06FF04A032B602D
:10CEB00014233360D4F8080130B300214022E5F395
:10CEC00033F6D4F8082180231370D4F80821296898
:10CED0005170D4F808219370D4F808313268DA70B0
:10CEE000D4F80831BF221A71D4F8083100225A71DF
:10CEF000D4F808310322DA8046221A810A225A81A4
:10CF000001229A810A22DA81D4F80C0128B1002189
:10CF10001022BDE87040E5F307B670BD10B50446B9
:10CF2000E0B103680E4918682246FDF776FCE36815
:10CF300033B1214651F80C3BD3F83C06F7F712F910
:10CF4000A36833B1214651F8083BD3F83C06F7F704
:10CF500009F92046BDE81040EAF30EB610BD00BF47
:10CF6000969F890070B5054686B01020EAF3F2F569
:10CF70000446002837D000211022E5F3D5F5D5F876
:10CF80003C06E421194A04F10803F7F7DFF830BB47
:10CF9000D5F83C06E821164A04F10C03F7F7D6F859
:10CFA0000646E0B98DE8110004212846114A124BCB
:10CFB00005F0F6F90028606011DB104B286800933B
:10CFC0000F4B10490193104B104A039323460296CE
:10CFD00004960596FDF77CFC08B9256003E0204621
:10CFE000FFF79CFF0024204606B070BD6B57010080
:10CFF00071570100DDBD84009DBD840075B68400BD
:10D0000051BE840050E6880079B68400969F89005E
:10D0100001207047012970B50E46144607D1174B01
:10D0200003211046D3F8B8300A46984770BD19BBA3
:10D03000124BD3F8C050FFF7EBFF314602462046B3
:10D04000A847204601213246A84720460221324601
:10D05000A847204603210122A84720464FF48171AA
:10D060000122A84720464FF480713246A847204647
:10D0700040F201113246A84770BD00BF10A78800DA
:10D08000806C20381F2805D8802333FA00F000F088
:10D090000100704700207047C16FB0F84E3010B5E6
:10D0A0008A6AB3B1FF2B16D9180B0138012814D89E
:10D0B00003F47060000A09280FD878B103F0F0007B
:10D0C00090280AD803F00F0009288CBF0020012007
:10D0D00004E0184602E0012000E000200C6B41F261
:10D0E000E4418C4215D1A2F582610739012903D8A8
:10D0F0003F2B98BF002010BD40F20C418A4207D060
:10D1000040F221418A4204D1502B98BF002010BD2B
:10D11000002010BD90F8763010B504463BB9044BA2
:10D1200004491A682CF03CDA012384F8763010BDEB
:10D1300078B802007CB8020070B50C460546164669
:10D1400008460A220021E5F3EFF463881E432B6DA5
:10D150006680980603D5238843F480632380D5F83E
:10D16000943042F25002198C914205D15B8C052B10
:10D170009CBF46F00406668070BD0000D0F88000B9
:10D180000149E6F36DB300BF119C020010B50446DF
:10D190000C20EAF3DFF4C4F80C0138B10C220021B2
:10D1A000E5F3C2F4D4F80C3110229A7210BD10B518
:10D1B0000446D0F80C0120B1EAF3DEF40023C4F8F1
:10D1C0000C3110BD70B5064605460024686938B1BB
:10D1D000064B1B6898473046214600223BF03ADE5A
:10D1E00001340435062CF1D170BD00BF10A78800B2
:10D1F0002DE9F043046985B00546EC20A66FEAF3FB
:10D20000A9F43062002875D01020A66FEAF3A2F4CA
:10D21000706200286ED0002637460F216846384AD3
:10D220003346E5F3E7F4D4F880006946E6F318F3F3
:10D2300008B10137BFB2013640F2F1339E42ECD162
:10D2400037B9D4F880002F49E6F30AF3002843D019
:10D25000B8000630EAF37EF4C5F85C06002849D031
:10D260000023838000260F216846254A3346E5F3D4
:10D27000C1F4D4F880006946E6F3F2F298B1D5F82B
:10D280005C866946D4F88000B8F80490E6F3C4F2EE
:10D2900008EB89031881D5F85C369A8803EB820184
:10D2A0000132CE809A80013640F2F1339E42DAD1CB
:10D2B000D4F880001349E6F3D3F2D5F85C6650B198
:10D2C000D4F880000F49E6F3A7F2D5F85C360122C6
:10D2D00070801A7000E03070A36F586A60B101234B
:10D2E00003808380C38003810223438104238381DD
:10D2F000002001E06FF01A0005B0BDE8F08300BF28
:10D30000629C02006F9C02002DE9F04F0568C66820
:10D310002B688FB0DF6900230446009388460BA872
:10D320000921944A3346E5F365F4D4F81490B9F131
:10D33000000F40F01081D4F888103A6801F50071B0
:10D34000E06FD4F808A00992D7F804B0FAF798FE75
:10D350000146A868FCF776FD002800F00581092148
:10D36000844A0BA83346CDF80090E5F343F4E26F0E
:10D37000D4F88810B8F1000F02D001F5007300E076
:10D380004346099801F50871B8F1000F08BF002065
:10D3900001900091CDF808B0B9684FF0FF390391C2
:10D3A000CDF81090F968DFF8DC810591D5F8E0152B
:10D3B000504606910BA9CDF81C80FAF7D1FC054622
:10D3C000002800F0D1802A466B4B20460021FFF751
:10D3D00021FE2A46204600213BF03CDD00250921A4
:10D3E000644A33464FF0010B0BA8CDF800B0E5F3CB
:10D3F00001F400953A68D4F88830019250460BA9A0
:10D40000E26F03F5107302950395CDF81090059522
:10D410000695CDF81C80FAF7A3FC0746002800F01B
:10D42000A4803A46544B20462946FFF7F3FD59465F
:10D430003A4620463BF00EDD4FF0020B09214D4AE3
:10D4400033460BA8CDF800B0E5F3D4F3099AD4F82D
:10D450008830019250460BA9E26F03F520730095C6
:10D4600002950395CDF8109005950695CDF81C8092
:10D47000FAF776FC0746002877D03A463E4B20461E
:10D480002946FFF7C7FD59463A4620463BF0E2DC05
:10D490004FF0030B0921374A33460BA8CDF800B0F3
:10D4A000E5F3A8F3099AD4F88830019250460BA905
:10D4B000E26F03F53073009502950395CDF8109057
:10D4C00005950695CDF81C80FAF74AFC074600281A
:10D4D0004BD03A46284B20462946FFF79BFD3A465B
:10D4E000204659463BF0B6DC042733460921214A41
:10D4F0000BA80097E5F37EF3099AD4F888300192DF
:10D5000050460BA9E26F03F5407300950295039511
:10D51000CDF8109005950695CDF81C80FAF720FC03
:10D52000064608B3324620462946134BFFF772FDE4
:10D530003246204639463BF08DDC2646706930B1D4
:10D540000E4B0F49D3F88C309847C6F8C000013510
:10D550000436062DF2D1D4F894102046083100226A
:10D56000FFF7EAFD012700E0074638460FB0BDE8A7
:10D57000F08F00BFE29B0200F05D010010A7880061
:10D58000D4318900C403000010B5BDE81040FCF799
:10D590007DBA11B10846FCF721B87047F8B50469A7
:10D5A0000546002C42D0E06F08B1FCF74DF820464C
:10D5B000FFF708FED4F89460B4F846000BF0A0D84A
:10D5C000706A28B103F04BFC00230746736200E049
:10D5D0000746D4F8900003F021FC00263F18D4F849
:10D5E0008C0004F0D9F92046C4F88060E667FFF7A4
:10D5F000DEFDD5F85C0618B1EAF3BEF2C5F85C664C
:10D60000A36F186A20B1EAF3B7F2A36F00221A627F
:10D61000A36F586A20B1EAF3AFF2A36F00225A62F7
:10D62000204601F03BFD00232B6100E027463846F1
:10D63000F8BD0000F0B587B04FF480350021042319
:10D6400003AA0446D0F8887000952CF05BDC234BCD
:10D6500006AE46F8083D00210423204632460095D8
:10D660002CF09CDC0423002105AA204600952CF018
:10D6700049DC049B059A9A422AD1194B0021049354
:10D6800020460423324600952CF088DC0423002138
:10D6900005AA204600952CF035DC049B059A9A4299
:10D6A00016D104230021204603AA00952CF076DC35
:10D6B0000023C7F88C31D7F82031B3F1042F09D0FB
:10D6C0000848C0EB030CDCF1000040EB0C0002E06A
:10D6D000002000E0012007B0F0BD00BFAA5555AA08
:10D6E00055AAAA5500040084224B70B54FF0006182
:10D6F000002603660A464666044605682DF0C6DD28
:10D700004FF08073C4F820310323A4F8A83002231B
:10D71000A4F8AA300723A4F8A4300423A4F8A63060
:10D7200041F2010384F8A260A4F8BC304FF41673F0
:10D73000A5F810362B6893F89C20012A0CBF0C2208
:10D740000622A5F80E2693F864211AB1226E42F043
:10D750008072226693F89C20074812F1FF3218BFAE
:10D7600001220649E5F306F2FF2384F83431012350
:10D77000637470BD60A8E7B878570100787502003F
:10D780002DE9F04F97B09B464FF0000916AB8A4643
:10D79000174643F8049D21995A46054601F097FC27
:10D7A0000446002800F01D839DF880302861037432
:10D7B0002B6840F61201D3F8D400D3F8D860D3F820
:10D7C000DC304A46C4F88430E067C4F88060F0F387
:10D7D00021F0C4F888008046E860E06FEFF380F243
:10D7E000A0642046FFF780FF30469749E6F338F003
:10D7F00028B149464A46E5F3CFF51FFA80FA30468C
:10D800009249E6F32DF048B100210A46E5F3C4F54C
:10D810004FF6FF7380B2984218BF0746504639460C
:10D82000FDF734F908B90C23DAE28949A4F844A0D9
:10D83000A4F846703046E5F3EFF78649C4F8600176
:10D840003046E5F3E9F7C4F86401B4F846000AF09D
:10D8500057DF003018BF0120263054F82030B4F8CC
:10D860004600C4F894300AF04BDF003018BF0120A6
:10D870000A3055F8203020462B62FFF701FC08B92A
:10D880000D23ADE2E06FEFF3E5F1E06FEFF39CF60F
:10D89000204600212BF0B0DB20464FF0FF312CF06A
:10D8A00021DC2046FFF7C6FE08B90E2398E2304679
:10D8B0006949E5F3B1F7FF2808BF0120A4F84E003D
:10D8C0002046FFF7E9FB08B90F2389E26349304698
:10D8D000E5F3A2F7624984F84C003046E5F39CF783
:10D8E000604920653046E5F397F794F84C30606561
:10D8F0000B2B05D930465C49E5F38EF7C4F850018F
:10D900005A493046E5F388F7594984F835013046DD
:10D91000E5F382F784F836012B6893F86A312BB16E
:10D9200030465449E5F378F7C4F85401524930467B
:10D93000E5F372F7514984F858013046E5F36CF786
:10D94000E36F41F26B02196BA4F86801914220D198
:10D950009B6A4E2B08D1B4F84E30402B19D9236D59
:10D9600043F00203236514E0E42B04D1B4F84E30F5
:10D97000B3F5A85F06E0EF2B0BD1B4F84E2041F2CF
:10D9800001239A4205D8236D43F4800323650023C5
:10D9900063653B493046D4F85C71E5F33DF739499E
:10D9A00038603046D4F85C71E5F336F73649786074
:10D9B0003046D4F85C71E5F32FF73449B86030464F
:10D9C000A76FE5F329F73876A36F1A7E012A01D0F5
:10D9D00003221A76236D990604D5012120460A46B2
:10D9E0002DF0F6D8D4F880002949E5F339F720B1B5
:10D9F000D4F880002649E5F30FF781462549D4F88D
:10DA00008000E5F32DF720B1D4F880002149E5F33B
:10DA100003F707462049D4F88000E5F321F720B149
:10DA2000D4F880001C49E5F3F7F62B6893F8282119
:10DA3000BAB3226D920504D5B9F1000F01D007B138
:10DA400060BB00222BE000BF259C0200B49C0200BA
:10DA50004C9C0200579C0200AB9C0200BA9C020046
:10DA6000069C0200869C02009F9C0200CC9B020048
:10DA7000D79B0200799C0200369C0200C29C0200E7
:10DA8000419C02002C9C0200C09B0200ED9B020006
:10DA9000199C0200F29B0200929C0200012283F872
:10DAA00028212B6893F8692132B1226D12F001020E
:10DAB00018BF012283F86921B4F846200123C4F875
:10DAC000B830B4F844002B68A5F8AA21E26FA5F895
:10DAD000A801C3F8D420A26C1A6194F84C2083F8F2
:10DAE0007C202B68226DB4F84E00C3F88020626D54
:10DAF000A3F87A00C3F8842094F84C2020460B2A1F
:10DB000084BFD4F85021C3F84821D4F8B8200127A5
:10DB100083F83D705A62A9682A4603F02BFFC4F8C7
:10DB20008C0008B919235BE1219AE36F0292A26C81
:10DB300004900692B4F84620B4F84400ADF82A20C8
:10DB4000DA6B03930B921A6CADF828000C925A6CA6
:10DB500002A80D9294F84C20CDF814B00E929A6A57
:10DB600009960F92B4F84E2010921A6B1192226D02
:10DB70001292626D13925A68DB680792089303F061
:10DB8000AFFAC4F8900008B9102329E12623C5F89C
:10DB9000E035C5F8E4354FF4FF73C4F83831B4F814
:10DBA00046000AF0ADDD10F1000918BF4FF0010981
:10DBB000494620462EF0FCD8B9F1000FD4F8943035
:10DBC0000CBF02220122C3F804901A602B6A14BF12
:10DBD00001220222C3F804901A60E06FD5F81C906D
:10DBE000EFF376F0D8F85C31C9F8000023F0004379
:10DBF0007E4AE3662367A36C0C2101FB0323303BC1
:10DC0000C4F8D830204639462BF0ACDDD4F89490D7
:10DC1000D4F890004146D9F80020334603F066F965
:10DC2000C9F8240008B91123DAE04FF0FF3120468B
:10DC30002DF04EDAD4F89430E16E586A03F00CF906
:10DC4000D4F8943003F12202009203F11C0103F195
:10DC50001E02586A203303F0ECF8D4F89480D8F808
:10DC6000240003F0F4F888F82800D4F89430D5F8AC
:10DC70002080586A03F0EBF888F81400D4F89480F8
:10DC8000D8F8240003F0E6F8D4F89430C8F8180067
:10DC9000DA8B37FA02F1C90701D41223A0E0296A0E
:10DCA000586A0861988B4A8108811A8C588C8A813D
:10DCB000C8810F2240F2FF30D8829A82204639462E
:10DCC000FFF722FB08B913238AE02B6893F8693128
:10DCD000002B32D0002120462BF0F6DF304644499D
:10DCE000A76FE5F399F5236DC0B2DA07386020D548
:10DCF000636D1B061DD4E36F9A69900002D5DA6943
:10DD0000D10704D5DB69DA0701D4580711D5E36ED2
:10DD100099000ED530463649E5F3A2F530B13449C5
:10DD20003046E5F379F5C1B2204604E020460821EB
:10DD300001E0204600212BF073DDE06FEBF358F497
:10DD400020462DF017DF0094E06F2A492A4A00236D
:10DD5000FBF76CFC204600212DF0EEDE2046FFF79D
:10DD60000DFA08B915233BE004F1FC063146E5F352
:10DD7000A9F13046E5F338F518B93046E5F340F53A
:10DD800008B116232CE02046FFF700FA2846A16CC4
:10DD900001F0E2F92B68DA69526AC5F84425013AC4
:10DDA00085F84225D3F89800A8B103789BB11349B0
:10DDB0002246E5F3C7F62B681149D3F898002246AE
:10DDC000F9F78AFE606930B12B68D3F898100D4BD3
:10DDD000D3F8B03098472846FFF70AFA10B11B2352
:10DDE0001593159817B0BDE8F08F00BF005E0100D5
:10DDF000FD9B020001DC840015DC84005DD98400F9
:10DE0000BDD9840010A7880010B50446002828D08A
:10DE10000368144918682246FCF7FFFC236A1BB10B
:10DE200004F12000E4F396F0E3691BB104F11C0057
:10DE3000E4F390F0A3691BB104F11800E4F38AF055
:10DE400063691BB104F11400E4F384F023691BB18E
:10DE500004F11000E4F37EF02046BDE81040E9F341
:10DE60008BB610BD8A570100036830B5DB690546E3
:10DE7000586D87B000012430E9F372F6044600289B
:10DE800038D0034643F8245BC36004F11001D5F891
:10DE90003806E4F349F068BBD5F8380604F11401FC
:10DEA000E4F342F030BBD5F8380604F11801E4F38E
:10DEB0003BF0F8B9D5F8380604F11C01E4F334F06E
:10DEC000C0B9D5F8380604F12001E4F32DF088B983
:10DED0004FF4856363600B4B019000930A4B0390F2
:10DEE00002930490059009492868094A2346FCF7E3
:10DEF000EFFC18B12046FFF787FF0024204607B04B
:10DF000030BD00BFC10B85007513850080E6880019
:10DF10008A570100F0B5D0F828410068A568C069AB
:10DF2000406D854211D2E7682E01B8194360059B08
:10DF300001358360069BBA51C3606068A560C31C4D
:10DF4000591821F003016160F0BD6FF01500F0BDBC
:10DF5000D0F828311869E3F3C3B7D0F8280110B11D
:10DF60000069E4F31FB07047D0F82831D869E3F3B3
:10DF7000B7B7D0F82831D869E4F314B0D0F8283115
:10DF8000186AE3F3ADB7D0F82831186AE4F30AB0A1
:10DF900073B505462EF058DC0446B8B12B684FF037
:10DFA0000052C5F86802009293F82F20284601928B
:10DFB0002146002204332EF0D3D9064650B9284614
:10DFC00021462FF0B1DB064620B901E06FF01A06BA
:10DFD00030467CBD284621462FF01EDBF8E7F8B519
:10DFE0001F4603680D461E691146D6F88000144688
:10DFF000E5F32AF440B3B84224D121460022D6F8F2
:10E000008000E5F315F4287021460122D6F880003F
:10E01000E5F30EF4687021460222D6F88000E5F39D
:10E0200007F4A87021460322D6F88000E5F300F437
:10E03000E870D6F8800021460422E5F3F9F3287150
:10E040000120F8BD4FF0FF30F8BD000038B50446A0
:10E05000B8B103680B4918682246FCF7DEFB606B19
:10E0600008B1E9F389F5D4F880000025656318B19B
:10E07000E9F382F5C4F880502046BDE83840E9F362
:10E080007BB538BD915701002DE9F04105698CB091
:10E0900007468420E9F364F50446002800F0D281A5
:10E0A00007603C20E9F35CF58046002800F0CA8157
:10E0B0003B69012680F8386080F8396043603B6A2C
:10E0C000046031461869ECF77EFAD8F80430B64996
:10E0D000D3F88000E5F3A0F3D8F80430C8F81400B2
:10E0E000B249D3F88000E5F397F3D8F80430C8F8C4
:10E0F0001800AF49D3F88000E5F38EF3D8F8043068
:10E10000C8F81C00AB49D3F88000E5F385F3D8F8D4
:10E110000430C8F80800A849D3F88000E5F37CF380
:10E12000D8F80430C8F81000A449D3F88000E5F30B
:10E1300073F3A34BC8F80C00C4F880800093A14B84
:10E14000A1490193A14BA24A0293A24B0393A24B74
:10E150000493A24B059338682346FCF7B9FB80462D
:10E16000002840F06F8184F82C003B699C49D3F86B
:10E170008000E5F351F384F86F003220E9F3F0F406
:10E1800007466063002800F05D8141460A2206A828
:10E19000E4F3CAF40C238DF8193099238DF81A3062
:10E1A000A6238DF81B3008238DF81E30B7238DF879
:10E1B0001F30E2238DF820308A4AC4238DF82130A5
:10E1C0008DF818608DF81D601068516809AB03C3A5
:10E1D000128985491A80854B3E70A363844B84F86D
:10E1E0005A80E363636B9E71D5F88000E5F338F3E2
:10E1F000002800F093807C49D5F88000666BE5F339
:10E200000BF370707B49D5F88000666BE5F304F37F
:10E21000B0707949D5F88000666BE5F3FDF2F070D7
:10E220007649D5F88000666BE5F3F6F230717449F3
:10E23000D5F88000666BE5F3EFF270717149D5F89F
:10E240008000666BE5F3E8F2F0716F49D5F8800065
:10E25000666BE5F3E1F2B0716C49D5F88000E5F347
:10E26000DBF284F844006A49D5F88000666BE5F378
:10E27000D3F230726749D5F88000666BE5F3CCF2D3
:10E280007072616B05230A31634A2046FFF7A7FECF
:10E29000616B05230F3186B2604A2046FFF79FFE6F
:10E2A000616B0523143136185D4A2046FFF797FE4F
:10E2B000616BB6B21931052336185A4A2046FFF76A
:10E2C0008EFE616BB6B236180B7AB6B2B34225D168
:10E2D0001E310523544A2046FFF781FE616B05235A
:10E2E000233186B2514A2046FFF779FE616B052340
:10E2F000283136184E4A2046FFF771FE616BB6B2E0
:10E30000052336182D3120464A4AFFF768FE636B15
:10E31000B6B236185B7AB6B2B34225D0626B002330
:10E320005370626B0C219370626BD370626B1171CE
:10E33000616B02224A71A86F616B0068C871616BE2
:10E340000A72616B4A72606B812284F8402006A9D0
:10E350000A2284F841300A30E4F362F3606B09A9C1
:10E360001E300A22E4F35CF3626BAB6FD2790021BA
:10E370001A6004F14D000822E4F3D6F3002384F878
:10E38000583084F85930A4F85630D5F880002A491E
:10E39000E5F366F2002851D0D5F880002649E5F370
:10E3A0003BF284F85F0051E0E49D0200D19C020042
:10E3B000FA9C02000A9E0200629D0200D09D0200AB
:10E3C0005128850085DA0000A4E68800E12B85004D
:10E3D00091570100D52B8500A45701006DD3000093
:10E3E000989E02003B380100479E020011278500DD
:10E3F00089278500919D0200319E02001B9E02002C
:10E40000F39D0200E29C0200A89D02004E9D0200C6
:10E41000819D02003D9D02000D9D02001D9D020098
:10E420002D9D0200719D0200549E0200659E020017
:10E43000769E0200879E0200BD9D0200BA2384F8EA
:10E440005F3003E02046FFF701FE002420460CB0B9
:10E45000BDE8F08130B5044685B0002840D0D0F842
:10E46000201131B103689868F5F3F8F60023C4F879
:10E47000203123681A6892F82F2022B3D3F82401A0
:10E4800001A900225EF0A2DA0FE043685A060CD51B
:10E49000D4F83051451904E00368C5F81031E9F3A8
:10E4A0006BF3D5F810010028F6D1236801A9D3F841
:10E4B00024015EF0A1DA0028E7D104E00368C4F883
:10E4C0004431E9F359F3D4F844010028F6D1236824
:10E4D000044918682246FCF7A0F92046E9F34CF3FA
:10E4E00005B030BD5DB3890030B5054687B04FF447
:10E4F000A670E9F32FF30446002875D000214FF4ED
:10E50000A672E4F311F33C4B256000933B4B3C4A6D
:10E5100001930023029303920493059328683949D9
:10E52000394A2346FCF7D4F900285DD12B6A1A68D2
:10E53000022A05D15B7D002B0CBF1623302300E09F
:10E54000302322184430B0F5887F1374EED1A868C8
:10E550002E492A460023F5F399F6C4F82001002835
:10E5600042D04FF47A7345F27352C4F81C31A4F8C8
:10E570003C2100234622C4F84431A4F83E21284619
:10E580008DE828004FF48A71214A224B03F008FFDE
:10E590000028C4F8300127DB1F4BD5F894068DE81E
:10E5A00018000521B0221D4B00F008FFE0B91C4BFC
:10E5B000D5F894068DE818000521B222194B00F019
:10E5C000FDFE88B9D5F894060A21B022164B0094B6
:10E5D00001F0A4F940B9D5F8C006B021134A144B94
:10E5E000009401F005FC18B12046FFF733FF00242A
:10E5F000204607B030BD00BF9150850011658500F1
:10E60000654E850018E888005DB38900554985008E
:10E6100011568500ED558500955D8500E94A850018
:10E62000D15C8500514A850095538500854E850053
:10E63000994E850010B5044630B133F091DE204686
:10E64000BDE81040E9F398B210BD10B5044624208F
:10E65000E9F386F200B1046010BD000010B5044675
:10E66000E0B143680E4918682246FCF7D6F8D4F8A2
:10E670003C01FFF7DFFFD4F83401FFF7DBFFD4F8EC
:10E680009C0008B1E9F378F2D4F8940008B1E9F3FA
:10E6900073F22046BDE81040E9F36EB210BD00BF32
:10E6A000BC5701002DE9F041754B00271F60754BE9
:10E6B000056888B006461F604FF4A070E9F34AF27F
:10E6C0000446002800F0D78039464FF4A072E4F3E6
:10E6D0002BF284E860003046C6F85841FFF7B5FFDA
:10E6E0008046C4F8340130B13046FFF7AEFF8046B3
:10E6F000C4F83C0120B92046E9F33EF24446BAE0B2
:10E700007F21042204F14400E4F30EF27F2104226D
:10E7100004F17000E4F308F2042207A83946E4F398
:10E7200003F2336893F87C20D3F8D800012A13D978
:10E730005549E5F395F0014658B107A80322E4F3E3
:10E74000CBF207A8042137F0B7D990B107A84F49F9
:10E750000CE007A84E4909E04E49E5F35DF00928B1
:10E76000034606D84C4907A801EB83010322E4F3D2
:10E77000B3F2032207A904F10800E4F3ADF2336811
:10E780004649D3F8D800E5F347F0D5F8D43041F244
:10E790006B02196BE06091420ED19B6A8B2B01D00A
:10E7A000902B09D1022807D107A83D490422E4F3A0
:10E7B0006FF208B90323E360D5F8D43041F26B025D
:10E7C000196B91420DD19B6A932B0AD107A8354949
:10E7D0000422E4F35DF220B9E368042B01D106239F
:10E7E000E360D5F8D43041F26B02196B914218D135
:10E7F0009A6A40F235139A4213D107A82A49042293
:10E80000E4F346F258B107A828490422E4F340F2A1
:10E8100028B107A826490422E4F33AF208B91323E1
:10E82000E3600025EAF786FF35F058DF07A90422E8
:10E83000C4F89450C4F89850C4F89C50C4F8A05040
:10E84000C4F8A45084F8F450204633F0C3DE194BCA
:10E8500030688DE828001849184A23460295039528
:10E8600004950595FCF734F828B12046C6F85851B0
:10E87000FFF7F4FE2C46204608B0BDE8F08100BF4B
:10E88000B4650100B8650100A89E0200BF570100F1
:10E8900041B58900AE9E020094E98800B19E020055
:10E8A000C257010068EB880078E9880080E9880099
:10E8B00084E98800F16D85003CE98800BC570100BF
:10E8C00030B5054687B00C20E9F34AF10446D0B1D3
:10E8D000114B05604FF49071009301900722D5F819
:10E8E00094060E4B00F0DEFC80B90D4B01900093B6
:10E8F00002900390049005900A4928680A4A23462A
:10E90000FBF7E6FF10B9204607B030BD2046E9F31B
:10E9100033F10024F7E700BFC19D8500299B8500E6
:10E92000659B8500ECED880034590100036810B543
:10E930000446054918682246FBF76FFF2046BDE8EC
:10E940001040E9F319B100BF3459010070B5054614
:10E9500086B00C20E9F304F10446002863D005607A
:10E960000026019004212846334A344B0096FFF7D5
:10E97000D1FAB042606059DB04212846304A314B5D
:10E980000096019403F00CFDB042A0604EDB2846D7
:10E990002D492246FFF7DCFA002847D12B4BD5F84A
:10E9A00094068DE818004FF490712522284B00F052
:10E9B00079FC00283AD1274BD5F894068DE8180049
:10E9C0004FF490713C22244B00F06CFC00282DD1B8
:10E9D000D5F8940605219C22204B009500F036FFC7
:10E9E000002823D1D5F89406802125221C4B0094C1
:10E9F00000F070FDD0B9D5F8940680213C22194B67
:10EA0000009400F067FD88B9174B01900093174BF5
:10EA1000039002930490059015492868154A2346EF
:10EA2000FBF756FF10B9204606B070BD2046E9F34B
:10EA3000A3F00024F7E700BF51A3850011A38500D0
:10EA400059A7850045A78500CDA38500E5A98500C8
:10EA5000F1A3850015AA850019A4850031A28500BF
:10EA6000D1A28500F1A2850009A58500E1A9850054
:10EA700028EE880050B9890038B50568044622465A
:10EA800028680649FBF7C9FE284605492246FFF7D4
:10EA900064FA2046BDE83840E9F36EB050B9890009
:10EAA000CDA38500024602490068FBF7B6BE00BF51
:10EAB0003A59010030B50D4B87B00093002304464E
:10EAC000019302930393049305930949094A23464A
:10EAD0000068FBF7FDFE002814BF4FF0FF3500254E
:10EAE000204638F071D8284607B030BDA1B0850067
:10EAF000445901003A5901002DE9F043064687B018
:10EB000038200F4691469846E9F324F00446002841
:10EB100038D000213822E4F307F0D7F83C06402132
:10EB20001A4A04F12003F5F711FB054620B12046EF
:10EB3000E9F322F0002425E0154BC4F81C80A760FF
:10EB4000C4F80C9026611349009301900290039041
:10EB500004900590234630460F4AFBF7B9FE034662
:10EB600060B9E0680D492246F5F390F30546A061CF
:10EB700040B920690A492246FBF74FFE2046E8F3D8
:10EB8000FBF72C46204607B0BDE8F08314C6890089
:10EB9000EDB4850058EE8800B89E02004DB58500A2
:10EBA0005C59010010B5044638F042DA0F4920697B
:10EBB0002246FBF732FEA16961B1237D23B1E068F3
:10EBC000F5F3E0F200232375E068A169F5F346F35D
:10EBD0000023A361A36804F12001D3F83C06F5F7F4
:10EBE000C1FA2046E8F3C8F7002010BDB89E020025
:10EBF00010B50446C0B122460C494068FFF7C3F97E
:10EC0000224660680A4903F00EFE22466068094900
:10EC1000FFF7A3F9A06808492246FBF7FEFD20464E
:10EC2000BDE81040E8F3A8B710BD00BF21BF8500C4
:10EC300081C5850029BB85006359010070B5054673
:10EC400086B01820E8F386F70446002800F0E98033
:10EC500000211822E3F368F72B680022A360AB6859
:10EC60006560E3606B68042123610423A382284666
:10EC70006D4B8DE81400FFF74DF900282060C0F2BD
:10EC8000CC80284669492246FFF778F9002840F0F1
:10EC9000C480284666492246FFF75AF9002840F00A
:10ECA000BC8028466349224603F0B8FD002840F0A6
:10ECB000B480614B01900093029003900490059002
:10ECC0005E4928685E4A2346FBF702FE002840F0B2
:10ECD000A4805C490322D5F8BC063CF039DA5A4ED0
:10ECE0005A490222D5F8C0063CF032DAD5F894062B
:10ECF000B0213022564B0096019400F051FA0028C2
:10ED000040F08B80534BD5F894068DE8180040F600
:10ED100005013622504B00F0C5FA00287DD14F4B3B
:10ED2000D5F894068DE8180040F6040137224C4BC4
:10ED300000F0B8FA002870D1D5F8BC063021444A5A
:10ED40003346009401F009F8002866D1D5F8BC06D6
:10ED50003621414A3F4B009400F0FFFF00285CD170
:10ED6000D5F8BC0637213E4A3C4B009400F0F5FF35
:10ED7000002852D1D5F8C00639213A4A3A4B0094BE
:10ED800000F0EBFF002848D1D5F89406C0213622C8
:10ED9000364B009400F03CFD00283ED13021D5F8E0
:10EDA00094060A46324B009400F094FB002834D1BC
:10EDB000D5F8940640F60A0136222E4B009400F056
:10EDC00027FD50BBD5F8940640F60A0137222A4B9E
:10EDD000009400F01DFD00BBD5F8940630213922C7
:10EDE000264B009400F014FDB8B9D5F8BC063021CC
:10EDF0001F4A234601F044F878B9D5F8BC063621FD
:10EE00001C4A234601F03CF838B9D5F8BC06372136
:10EE1000194A234601F034F818B12046FFF7E8FEFE
:10EE20000024204606B070BDA1BA850021BF850030
:10EE300029BB850081C5850035BC850080EE880032
:10EE4000635901007CEE880019BA8500A4EE8800A1
:10EE500071B8850085C68500A5BB8500C1C5850044
:10EE600035BB850021BC8500DDC68500C9C4850091
:10EE700005C28500C9C0850011C0850035C1850067
:10EE800008B1E8F379B6704737B505463820E8F39E
:10EE900067F6044650B14FF0FF3305600549019312
:10EEA000054A064B009539F0ABDD01E0FFF7E8FFBE
:10EEB00020463EBDE9CD8500F1CD8500E1CD850040
:10EEC00070B5054686B01020E8F344F604460028E5
:10EED00038D000211022E3F327F600262560012117
:10EEE000C5F8CC462846194A194B00960194FFF7FD
:10EEF00011F8B042E06021DB164B28688DE848002D
:10EF00001549164A23460296039604960596FBF782
:10EF1000DFFC98B9124BD5F894068DE8280005213E
:10EF2000BE22104B00F04AFA40B9D5F89406C02131
:10EF3000BE220D4B009500F0F1FC18B12046E8F31D
:10EF40001BF60024204606B070BD00BF8DD08500A2
:10EF500089D08500E1CF8500A8EE8800BF9E020021
:10EF60005DD085003DD0850091D0850010B5044668
:10EF700088B1037923B18068E8F3FEF5002323719B
:10EF80002368054918682246FBF747FC2046BDE880
:10EF90001040E8F3F1B510BDBF9E020008B1E8F3E0
:10EFA000EBB5704737B505460420E8F3D3F50446C2
:10EFB000002855D02D4B056040F23F110093019081
:10EFC0002D22D5F894062A4B00F06CF9002847D181
:10EFD000284BD5F894068DE818004FF495713D2222
:10EFE000254B00F05FF900283AD1244BD5F8940660
:10EFF0008DE818004FF495714A22214B00F052F928
:10F0000070BB204BD5F894068DE8180015215022CE
:10F010001D4B00F0D3F918BBD5F8940605212D221D
:10F020001A4B009400F0F4FBD0B9D5F89406C02137
:10F030002D22174B009400F0EBFB88B9D5F894060D
:10F04000C0213D22134B009400F0E2FB40B9D5F8FB
:10F050009406C0215022104B009400F05FFC18B1C0
:10F060002046FFF79BFF002420463EBDC5D2850009
:10F07000CDD0850011D38500E1D085000DD385006A
:10F08000DDD0850071D28500B5D0850041D18500E5
:10F0900001D2850021D285007DD1850010B50446BE
:10F0A000A0B10368806F00225A6108B1E8F364F5EB
:10F0B000D4F8980008B1E8F35FF5606808B1E8F3A8
:10F0C0005BF52046BDE81040E8F356B510BD2DE9CC
:10F0D000F04104464FF4B6700D4616469846E8F3E4
:10F0E0003FF5074610B940F2F2331EE00460856038
:10F0F000C6602820E8F334F5B86710B940F2F3335E
:10F1000013E05820E8F32CF5C7F8980040B12C30F4
:10F11000C7F89C003020E8F323F5786060B902E07E
:10F120004FF47D7301E040F2F5333846C8F8003003
:10F13000FFF7B4FF002703E00023C8F80030606148
:10F140003846BDE8F0810023C218D2F8C020CA506A
:10F150000433182BF8D170474FF4C863C0F86436F5
:10F160006823C0F868364FF48073C0F86C36022309
:10F17000C0F87036C0F874367047000010B5044609
:10F1800050B10368054918682246FBF746FB204644
:10F19000BDE81040E8F3F0B410BD00BF0D5A010007
:10F1A00001F0F0012DE9F04F0E110168B0F8108068
:10F1B000096889B0C9699446D1F8C0100793884599
:10F1C0000446B0F812A0838AC78AB2B25CDA8179A9
:10F1D00000295CD1324D05EBC200808806E055F86D
:10F1E000329019F80190E14502D001318142F6D305
:10F1F00081424FD0E71937F812B0013237F8125078
:10F20000A244454523441AD2C5EB080805F101097B
:10F210000AEB050142460AEB0900CDF814C006933B
:10F22000E3F35EF4069B0C2202FB093002FB05317E
:10F2300002FB08F2E3F354F4DDF814C0069B3146F8
:10F24000002207E007EB460030F802E00EF1010E65
:10F2500020F802E0013102320D29F3D91299CBEBEB
:10F260000502009113990AEB0B0001910C2101FB9F
:10F270000B3192B2079BCDF808C000F0A1FB238AA6
:10F2800000200133238207E06FF0150004E06FF0E7
:10F29000160001E06FF01D0009B0BDE8F08F00BF5F
:10F2A000685901002DE9F347DDF82890DDF82CA01E
:10F2B00007460E4615469846002456FA04F3DB0727
:10F2C0000AD52101384601F0F0012A4643468DE86F
:10F2D0000006FFF765FF18B901340D2CEDD10020B1
:10F2E000BDE8FC872DE9F04F89B007920268B0F8BD
:10F2F000188012689C46D2690446D2F8C420B0F83F
:10F300001AA09045838BC78B50DA8279002A50D19E
:10F3100001F0F0063611C719B2B237F812B0013257
:10F3200037F812508244454503441AD2C5EB080809
:10F3300005F101090AEB050142460AEB0900CDF887
:10F3400014C00693E3F3CCF3069B0C2202FB0930B6
:10F3500002FB053102FB08F2E3F3C2F3DDF814C04F
:10F36000069B3146002207E007EB460030F802E03A
:10F370000EF1010E20F802E0013102320D29F3D91D
:10F380001299CBEB0502009113990AEB0B00019146
:10F39000079992B202910C2101FB0B31634600F0F8
:10F3A0000FFB238B00200133238304E06FF0150053
:10F3B00001E06FF0160009B0BDE8F08F2DE9F347CA
:10F3C000DDF82890DDF82CA007460E461546984635
:10F3D000002456FA04F3DA070AD52101384601F071
:10F3E000F0012A4643468DE80006FFF77BFF18B977
:10F3F00001340D2CEDD10020BDE8FC872DE9F04F44
:10F4000089B007920268B0F8308012689C46D269D1
:10F410000446D2F80021B0F832A09045838EC78E02
:10F4200050DA8279002A50D101F0F0063611C7195E
:10F43000B2B237F812B0013237F812508244454563
:10F4400003441AD2C5EB080805F101090AEB0501CE
:10F4500042460AEB0900CDF814C00693E3F340F3EB
:10F46000069B0C2202FB093002FB053102FB08F26D
:10F47000E3F336F3DDF814C0069B3146002207E0C3
:10F4800007EB460030F802E00EF1010E20F802E032
:10F49000013102320D29F3D91299CBEB050200910B
:10F4A00013990AEB0B000191079992B202910C217A
:10F4B00001FB0B31634600F083FA238E00200133F9
:10F4C000238604E06FF0150001E06FF0160009B02C
:10F4D000BDE8F08F2DE9F04F87B005920268B0F8D3
:10F4E000208012689C46D2690446D2F8C820B0F841
:10F4F00022A09045838CC78C4CDA8279002A4CD1AB
:10F5000001F0F0063611C719B2B237F812B0013265
:10F5100037F8125082444545034419D2C5EB080818
:10F5200005F101090AEB050142460AEB0900CDF895
:10F530000CC00493E3F3D4F2049B4FEAC80203EB3C
:10F54000C90003EBC501E3F3CBF2DDF80CC0049B6B
:10F550003146002207E007EB460030F802E00EF1EA
:10F56000010E20F802E0013102320D29F3D9109981
:10F57000CBEB0502009105990AEB0B00019192B2C9
:10F5800003EBCB01634600F02BFA238C0020013300
:10F59000238404E06FF0150001E06FF0160007B05F
:10F5A000BDE8F08F0368F0B5DB690C25B3F8C02027
:10F5B000064605FB02F4433222F003020134A4188C
:10F5C000B3F8C4204FF6FE7102F11F006A432140D8
:10F5D0004118501C4FF6FC720A408218B3F8000123
:10F5E0004FF6FE7100F11F046843114061184FF699
:10F5F000FC7201300A408218B3F8C8004FF6FE7161
:10F6000000F11F0411406118C0004FF6FC72013078
:10F610000A408218B3F8CC004FF6FE7100F11F04C7
:10F6200011406118C0004FF6FC720A40B3F8043173
:10F63000013080184FF6FE7203F11F010240DB001B
:10F640008A18591C4FF6FC731340CB184FF6FE77FF
:10F650001F401C37BFB287B03846E8F37BF2044640
:10F66000002800F0BC8000213A46E3F35DF240231D
:10F67000638233684FF6FC72DB692660B3F8C01012
:10F68000A78001F14300024005FB0121A282013164
:10F690004FF6FE720A40B3F8C410E2821C3292B2F6
:10F6A000C81C101862834FF6FC72024005FB012152
:10F6B000A28301314FF6FE720A40B3F80011E283D3
:10F6C0001C3292B2C81C101862864FF6FC720240BF
:10F6D00005FB0121A28601314FF6FE720A40B3F804
:10F6E000C810E2861C3292B2C81C101862844FF611
:10F6F000FC72024002EBC1010131A2844FF6FE729E
:10F700000A40B3F8CC10E2841C3292B2C81C101824
:10F7100062854FF6FC72024002EBC1010131A28505
:10F720004FF6FE720A40B3F80411E2851C3292B221
:10F73000CB1C6287D2184FF6FC731340A38703EBF0
:10F74000C10301334FF6FE721A40E2870025274FAE
:10F7500057F8353063B1264B29018DE81800DD22BA
:10F76000204601F0F001234BFFF71AFD002836DB9D
:10F7700001350D2DEBD1002557F8353053B1290156
:10F78000DD22204601F0F0011B4B0094FFF7A2FEA2
:10F79000002824DB01350D2DEED1184BB0218DE86A
:10F7A0001800FF222046164BFFF7FAFC002816DB54
:10F7B000B021FF222046134B0094FFF78BFE002858
:10F7C0000DDB114B002102933068104A2346009153
:10F7D0000191039104910591FBF77AF818B1204645
:10F7E000FFF7CCFC0024204607B0F0BD68590100AB
:10F7F0000DD5850061D58500ADD58500F1E000000F
:10F8000043E1000091E0000099D485000D5A010009
:10F810002DE9F743DDF8289007460E461546984631
:10F82000002456FA04F3D8070AD52101384601F01E
:10F83000F0012A464346CDF80090FFF74BFE18B979
:10F8400001340D2CEDD10020BDE8FE832DE9F04FF1
:10F8500087B005920268B0F8288012689C46D26989
:10F860000446D2F8CC20B0F82AA09045838DC78DED
:10F870004CDA8279002A4CD101F0F0063611C71912
:10F88000B2B237F812B0013237F81250824445450F
:10F89000034419D2C5EB080805F101090AEB05017B
:10F8A00042460AEB0900CDF80CC00493E3F318F1CB
:10F8B000049B4FEAC80203EBC90003EBC501E3F365
:10F8C0000FF1DDF80CC0049B3146002207E007EB86
:10F8D000460030F802E00EF1010E20F802E001319E
:10F8E00002320D29F3D91099CBEB0502009105994D
:10F8F0000AEB0B00019192B203EBCB01634600F0DF
:10F900006FF8238D00200133238504E06FF015008C
:10F9100001E06FF0160007B0BDE8F08F2DE9F74366
:10F92000DDF8289007460E4615469846002456FAFC
:10F9300004F3DB070AD52101384601F0F0012A461D
:10F940004346CDF80090FFF781FF18B901340D2C24
:10F95000EDD10020BDE8FE832DE9F047089F9A46CF
:10F9600004469DF82460034600250CE013F8010BC3
:10F9700086420AD01DB113F802ECB64501D2864288
:10F9800003D90135ADB29542F0D1AA4207FB051863
:10F990000ED9C5EB0209414607FB09F208EB070047
:10F9A000E3F39EF0681C201861194A46E3F398F0CF
:10F9B000404651463A46E3F333F06655BDE8F087DA
:10F9C0007FB50393089B0493099B05930C23009335
:10F9D0009DF82830019303ABFFF7BEFF07B000BDD1
:10F9E0001FB50293069B0393082300939DF81C30D8
:10F9F000019302ABFFF7B0FF05B000BD37B5254B53
:10FA0000D0F8945604460093019040F23F112846E6
:10FA10007F22214BFFF746FC00283AD11F4B284696
:10FA20008DE8180041F63F5140221D4BFFF7C6FC00
:10FA300078BB1C4B28468DE8180040F63F119822F1
:10FA4000194BFFF7BBFC20BB184B28468DE818006C
:10FA500040F22F11A822164BFFF7B0FCC8B9284678
:10FA600040F20F117F22134B0094FFF7D1FE80B9B3
:10FA7000284640F20F1198220F4B0094FFF74EFFDB
:10FA800038B9284640F20F11A8220C4B0094FFF71A
:10FA900045FF3EBD55F0850081EC8500A1F0850055
:10FAA000A1EC850009F0850007E2000019F185004E
:10FAB00015ED8500C5ED850085ED850001EE85001D
:10FAC00037B5104BD0F894560446009301900521A9
:10FAD000284600220C4BFFF7E5FB90B90B4B28465C
:10FAE0008DE8180005210122094BFFF7DBFB40B927
:10FAF000084B28468DE8180005213222064BFFF7F7
:10FB0000D1FB3EBD49E7850011E7850065E785002B
:10FB10001DE785002DE7850001E7850037B5254BFA
:10FB2000D0F894560446009301904FF49071284603
:10FB30000022214BFFF7B6FB00283AD11F4B284685
:10FB40008DE818004FF4907101221D4BFFF7AAFBBE
:10FB500078BB1C4B28468DE818004FF49071322278
:10FB6000194BFFF79FFB20BB184B28468DE8180068
:10FB70004FF490710322164BFFF794FBC8B9154B55
:10FB800028468DE818004FF490710622124BFFF7BB
:10FB900089FB70B9284680210522104B0094FFF79D
:10FBA00099FC30B92846802105220D4B0094FFF7BF
:10FBB00091FC3EBD01EC850089E985003DEC8500A6
:10FBC00091E98500A5EB850045E9850079EB850085
:10FBD00031E98500CDEB850061E985009DE985006F
:10FBE00019EB850037B5154BD0F8945604460093B1
:10FBF0000190402128460022114BFFF7D1FAE0B9CD
:10FC0000104B28468DE81800402101220E4BFFF7CB
:10FC1000C7FA90B90D4B28468DE8180040213222D2
:10FC20000B4BFFF7BDFA40B90A4B28468DE8180088
:10FC300040210322084BFFF7B3FA3EBD8DF2850049
:10FC400031F28500A5F285003DF2850071F2850054
:10FC500021F2850049F2850011F2850037B50A4B83
:10FC6000D0F89456044600930190B0212846102203
:10FC7000064BFFF795FA30B92846B0211022044B05
:10FC80000094FFF727FC3EBD65E8850081E785000D
:10FC9000ADE7850037B5D0F8945604460090C021F2
:10FCA00028460022114BFFF7B3FDF0B92846C021CA
:10FCB00001220F4B0094FFF7ABFDB0B92846C021DD
:10FCC00006220C4B0094FFF7A3FD70B92846C02113
:10FCD000A822094B0094FFF721FE30B92846C02125
:10FCE0009822064B0094FFF719FE3EBDF9F28500FD
:10FCF00021F38500D9F285003DF38500C1F285002E
:10FD000010B5044650B10368054918682246FAF751
:10FD100084FD2046BDE81040E7F32EB710BD00BFBC
:10FD2000AA5A010038B505460C20E7F313F704463C
:10FD300038B100210C22E2F3F7F60C232560A380F2
:10FD400001E0FFF7DDFF204638BD28B18368DA887F
:10FD5000013ADA80E7F310B770472DE9F04F9B4680
:10FD6000038B87B0C518C65AB5F80480438AC6EB22
:10FD70000808984505919446878AB0F816A032DAAB
:10FD80006C88C7194445824416DAC4EB080804F1AC
:10FD900001093919424607EB0900CDF810C0E2F31A
:10FDA0009FF60C2202FB09A002FB04A102FB08F251
:10FDB000E2F396F6DDF810C06B88A21B01336B806E
:10FDC000AB880C210133AB80109BB8190193059BC4
:10FDD00001FB06A1029392B26346CDF800B0FFF793
:10FDE000EFFD002001E06FF0150007B0BDE8F08FD7
:10FDF0002DE9F04F9B46038B9446C518AC8830F82C
:10FE00000380428AC8EB040387B093420591878A36
:10FE1000B0F816A02FDA9C42074482446E8816DAA6
:10FE2000C8F1000804F101093919424607EB09003D
:10FE3000CDF810C0E2F354F60C2202FB09A002FB3D
:10FE400004A102FB08F2E2F34BF6DDF810C0AB8828
:10FE5000A21B0133AB80109B0C210193059BB819A9
:10FE6000029301FB06A192B26346CDF800B0FFF702
:10FE7000A7FD002001E06FF0150007B0BDE8F08F8E
:10FE80002DE9F04F9B46038C85B0C518C65AB5F8CE
:10FE90000480438BC6EB0808984503919446878BF2
:10FEA000B0F81EA02EDA6C88C7194445824415DAD2
:10FEB000C4EB080804F101093919424607EB0900AF
:10FEC000CDF808C0E2F30CF60AEBC9000AEBC40156
:10FED0004FEAC802E2F304F6DDF808C06B88A21B03
:10FEE00001336B80AB88B8190133AB80039B0AEBFD
:10FEF000C601019392B26346CDF800B0FFF770FDE2
:10FF0000002001E06FF0150005B0BDE8F08F0000A3
:10FF10002DE9F04F036885B003931B681546DB6934
:10FF2000C288D3F8D03007469A420E465BDA09B150
:10FF30004E1CB6B20DB10135ADB206F127034FF636
:10FF4000FC7A03EA0A0A0C2303FB06A34FF6FE78A9
:10FF5000013303EA080808F10903EB184FF6FC7BAC
:10FF600003EA0B0B0BEBC50201324FF6FE73134095
:10FF700003F106091FFA89F948460293E7F3EAF507
:10FF80000446002830D000214A46E2F3CDF5029B1A
:10FF900003992384FB88A4F81880242208F106081A
:10FFA00001332160A760A4F81090A282A4F816A0E3
:10FFB000A4F81C80A4F81EB066826583FB8046B15D
:10FFC000DD2120460C4A0D4B0094FFF7C6FE0028A9
:10FFD0000ADB6DB1DD212046094A2346FFF750FFB9
:10FFE000002805DA00E000242046FFF7AEFE0024DA
:10FFF000204605B0BDE8F08F85F5850041F5850008
:020000041004E6
:10000000BDF585007FB50A4A0346009200220192A1
:1000100002920392049205920649074A0068FAF791
:1000200057FC002814BF4FF0FF30002007B000BD80
:10003000991E860078F08800AE5A010002460249F7
:100040000068FAF7EABB00BFAE5A010010B50446DB
:1000500048B1036821461868FAF7FEFC2046BDE85F
:100060001040E7F389B510BD37B505460820E7F322
:1000700077F50446A0B10560002201900C212846C6
:100080000A4B0092FDF746FF0028606008DB084B32
:10009000286800932146074A0423FAF76CFC18B13C
:1000A0002046FFF7D3FF002420463EBD1D268600D4
:1000B0002CF188003126860010B50446C06818B1BE
:1000C000E7F35AF50023E36010BD10B50446A02005
:1000D000E7F340F570B1E060A06000F190020346E4
:1000E0001033934243F8103CFAD10023C0F890300B
:1000F000184610BD6FF01A0010BD000038B5044658
:10010000002852D0002105683FF04EDA20463FF02B
:100110002BD8636933B12046002141F015DA6069BC
:1001200038F044DCA36933B12046012141F00CDAF8
:10013000A06938F03BDC236933B12046022141F04D
:1001400003DA206938F032DCE36F33B12046032153
:1001500041F0FAD9E06F38F029DC204641F09AD915
:10016000D4F89800E7F308F501E03EF027DEE169F6
:1001700020460029F9D1FFF79FFFD5F8440118B1B7
:100180000A492A4600F08FF9286809492246FAF7F9
:1001900044FBD4F8A8301BB104F1A800E1F3DAF66F
:1001A0002046BDE83840E7F3E7B438BD1142860089
:1001B000F4C8890030B5054687B0B020E7F3CAF42B
:1001C0000446002800F099800021B022E2F3ACF44C
:1001D0000A2384F84330012384F84830FF2384F84D
:1001E000203084F8213084F8223084F823302560D0
:1001F000C420E7F3AFF4C4F8980000287DD020466F
:100200003FF0C4D920463FF047DD2B6841F26B0236
:10021000D3F8D43020F07F00196BA087914220469C
:1002200008D19B6A932B05D13FF036DDC0F58440A1
:10023000683001E03FF034DDE087E38F204623F0B3
:100240007F03E3873FF02CDD41F2883222652E4A9E
:10025000002320F07F00A4F84000E36400922B4AC2
:10026000049301922A4A059302922A4A286803922B
:1002700029492A4A2346FAF72BFB00283DD1D5F815
:10028000E80538F069DB6061002836D0D5F8E8056C
:1002900038F062DBA06180B3D5F8E80538F05CDBAC
:1002A000206150B32046FFF710FF30BBD5F8E805BA
:1002B00038F052DBE06700B3012384F87830D5F8DA
:1002C000440141F27073A4F87A3020B114492A46EF
:1002D00000F0E6F888B9204601213FF065D94FF4D7
:1002E0004843A3650023E36532232366D5F8380627
:1002F00004F1A801E1F318F618B12046FFF7FEFE5D
:100300000024204607B030BD59348600B152860023
:1003100039528600ED3686004CF18800F4C8890019
:100320001142860038B50446002827D005681449D4
:1003300028682246FAF771FA236A1BB104F12000FB
:10034000E1F308F6E3691BB104F11C00E1F302F6E6
:10035000A3691BB104F11800E1F3FCF563691BB15B
:1003600004F11400E1F3F6F5284606492246FDF7AC
:10037000F4FD2046BDE83840E7F3FEB338BD00BFCA
:10038000B0CB89002D62860070B5054686B030205E
:10039000E7F3E6F30446002859D04FF0FF3303613A
:1003A0000422FF2105600A30E2F3BEF30B2104F1C1
:1003B0000E00E3F391F700238DE81800042128468E
:1003C000264A274BFDF7A6FD002860603FDB284644
:1003D00024492246FDF7BCFD002838D1D5F83866FF
:1003E00004F114013046E1F39FF500282FD1304687
:1003F00004F11801E1F398F548BB304604F11C0103
:10040000E1F392F518BB304604F12001E1F38CF5DD
:10041000E8B9154B01900093144B04900293144BD0
:100420000590039328681349134A2346FAF750FAB4
:1004300068B9204641F09ADF20B12046012141F001
:10044000C9DF20B93223A3622623636203E020467A
:10045000FFF768FF0024204606B070BD45638600A4
:10046000FD6286002D628600A962860051658600C5
:10047000F96286003CF28800B0CB89004069E1F364
:100480002FB54069E1F38EB58069E1F329B5806944
:10049000E1F388B5C069E1F323B5C069E1F382B542
:1004A000006AE1F31DB5006AE1F37CB538B5044696
:1004B00060B10568224606492868FAF7AEF9204679
:1004C000E7F35AF32B68002283F84E2038BD00BFB3
:1004D00054CC890070B50368002686B0054683F8C1
:1004E0004E600C20E7F33CF30446002843D0234B36
:1004F000056023498DE848002868224A2346029671
:10050000039604960596FAF7E3F9064600282ED1DD
:100510008DE811001C2128461B4A1C4BFDF7FAFCF4
:100520000028606023DB0C212846194A194B0096ED
:10053000019401F035FF0028A06018DB164BD5F8B8
:1005400094068DE818000A213822144BFEF7AAFE03
:1005500068B9D5F894060A213822114B0095FFF7A7
:1005600057F920B92B68012283F84E2003E020467A
:10057000FFF79CFF0024204606B070BDD9718600AD
:1005800054F2880054CC8900A97186007D718600E0
:10059000917686005D7686007D77860019778600E5
:1005A0004977860070B5064686B00820E7F3D2F298
:1005B0000446A0B10B4B0025066045600A498DE852
:1005C00028003068094A234602950395049505954D
:1005D000FAF77EF918B12046E7F3CEF22C46204612
:1005E00006B070BD4D7E860098F28800B0C68900C6
:1005F00010B5044650B10368054918682246FAF759
:100600000CF92046BDE81040E7F3B6B210BD00BFBC
:10061000B0C6890070B5044600282AD00668224674
:1006200030681449D6F84451FAF7F7F822463046B4
:100630001149FDF792FC224630461049FDF799FC1E
:10064000224628460E49FFF71CFF224628460D4940
:10065000FFF71DFF224628460B49FFF71EFF2846DD
:100660000A492246FFF71FFF2046BDE87040E7F326
:1006700083B270BD35D289005D8786006D97860094
:10068000FD848600E9868600CDAA8600A5928600B4
:10069000F0B5D0F8446187B005465820E7F35AF228
:1006A0000446002800F0938000215822E2F33CF237
:1006B00020462021494A40F8205BE2F39BF20127C3
:1006C0004FF0FF33E06184F84070A4F84C303046BE
:1006D00043492246FFF7D2FE002878D130464149EF
:1006E0002246FFF7D1FE002871D130463E4922460E
:1006F000FFF7D0FE00286AD130463C492246FFF77A
:10070000CFFE002863D1284639492246FDF72CFC4C
:10071000064600285BD18DE8110004212846354AA1
:10072000354BFDF7F7FB0028206150DB28463946A2
:100730003246334600960194FDF7ECFB00286061D9
:1007400045DB042128462D4A2D4B0096019401F0EB
:1007500027FE0028A0613ADB28462A492246FDF7F9
:10076000F7FB002833D1284B03EBC60253F8363091
:1007700063B1526852B131018DE81400D5F8940686
:1007800001F0F001C022FEF7ADFD00BB01360D2ED9
:10079000E9D11E4B1E4A009300230193029203935A
:1007A0000493059328681B491B4A2346FAF790F8DF
:1007B00068B9204646F0F6D820B12046012144F021
:1007C000C3D820B9636C43F00403636403E020469C
:1007D000FFF720FF0024204607B0F0BDB15A01000A
:1007E000FD848600E9868600CDAA8600A592860053
:1007F0006D9786000192860089918600059E86008D
:10080000F19D86005D878600C49E0200198A8600DD
:1008100055AB8600ECF2880035D2890038B5044625
:10082000D0B1806808B1E7F3A7F1236943B90EE0BE
:10083000236953F8350008B1E7F39EF1013500E074
:100840000025E3689D42F3DB2069E7F395F120463C
:10085000BDE83840E7F390B138BD00002DE9F04124
:1008600005461820E7F37CF10446002833D02B68B6
:100870000560DB690C20DB6901335843E7F370F155
:10088000A06040B32B681820DB69DA695B6F626097
:10089000E360E7F35FF12061E8B112491822002616
:1008A000E2F3BEF037460EE00E4BD4F810809B19F1
:1008B00018798000E7F354F1236948F806009B5942
:1008C000083643B10137E3689F42EDDB6B68064AA7
:1008D000DC609A6003E02046FFF7A0FF002420467A
:1008E000BDE8F0812C9F0200B9BC860010B5C46839
:1008F000A1420BDA006900EBC1042479A24208DAB4
:1009000050F83110002041F8223010BD6FF0150072
:1009100010BD6FF0150010BD47F06C9B10B504467C
:10092000FFF7FAFFE084000C84F82800002010BDD7
:10093000D0F8F03310B5044683B1D3F8280830B1AD
:10094000E7F31AF1D4F8F0330022C3F82828D4F8DA
:10095000F003E7F311F10023C4F8F03310BDC36BCB
:1009600010B5044683B1836B5B6B0B2B07D1D0F8BA
:10097000E00320B1E7F300F10023C4F8E033E06BBB
:10098000E7F3FAF00023E36310BD10B5044601203D
:10099000E7F3E0F00346E063A8B100210122E2F3AF
:1009A000C3F0A36B5B6B0B2B0CD14FF49470E7F38C
:1009B000D1F00346C4F8E00328B100214FF494724B
:1009C000E2F3B2F00123184610BD70B5044640F6BC
:1009D00078100D46E7F3BEF0C4F8F003002831D0DC
:1009E000002140F67812E2F39FF0B4F85220D4F8D8
:1009F000F03300261A70D4F8F033204683F8B6603E
:100A0000C3F8B060D4F8F03383F8B460A36B83F814
:100A10008460A36B1E679E673C23C4F8BC30102320
:100A2000C4F8C030C4F8C46000F09AFFA36B022D74
:100A30000CBF1A6F9A6F0020DA6684F8C36284F8DC
:100A4000C26270BD6FF01A0070BD0000B0F8C6320F
:100A5000F7B504460E46FBB10846E2F311F107462E
:100A60001348E2F30DF13F181037BFB23846E7F3F1
:100A700071F00546B8B1B4F8C632394600930D4A54
:100A80003346E2F3B7F0E06C2946E2F3E9F60746B5
:100A90002846E7F371F03FB9E06C314603B0BDE89A
:100AA000F040E2F3DDB60746384603B0F0BD00BFC4
:100AB0008F9F02007A9F0200044B1B78012B02D10A
:100AC000002000707047FFF7C1BF00BFFC030000AB
:100AD0002DE9F3471C46B0F8C632074688469146D2
:100AE000C66C002B32D00846E2F3CAF08246224898
:100AF000E2F3C6F082440AF1100A1FFA8AFA50465D
:100B0000E7F328F0054600282FD0B7F8C632514643
:100B100000931A4A4346E2F36DF038462946FFF740
:100B2000CBFF074668B130462946E2F38DF640B167
:100B3000484506DD304629464A46E2F379F68246C4
:100B400000E0A2462846E7F317F08FB93046414649
:100B5000E2F37AF658B1484509DD304641464A4647
:100B600002B0BDE8F047E2F363B6824600E0A24679
:100B7000504602B0BDE8F0878F9F02007A9F0200C6
:100B800010B51446FFF798FF28B100210A46BDE8CA
:100B90001040E2F301B4204610BD000038B5002239
:100BA0000D4608490446FFF7EBFFC0B22823A842D0
:100BB00084F8660384F8D531CCBF84F8663384F8B2
:100BC000D50138BDD69F0200012238B580F86020DB
:100BD0000A23826B002580F89E31032380F89F3121
:100BE00080F86F5380F8715380F8735380F8755311
:100BF00080F8775380F8BA5182F88A304FF6CE7376
:100C0000A0F8783214491422C0F874520446FFF751
:100C1000B7FF124984F866032A462046FFF7B0FF63
:100C20007F2384F87B304FF0FF33A4F8983004F52D
:100C3000F673C4F88C31642384F858300423C4F864
:100C4000280384F86C50C4F8E453C4F8745284F850
:100C5000D43184F8D63138BDD69F02005E9F0200A1
:100C60000022FFF78DBF000010B517490446FFF7BB
:100C7000F7FFC0B284F8E8030138C0B2FD2802D9FA
:100C8000732384F8E83394F8E833204684F8E93392
:100C90000E49FFF7E5FFC0B284F8EA0308B10F2858
:100CA00002D1052384F8EA3394F8E82394F8EA3370
:100CB000D31A84F8EB33002384F8EC3384F8EE3352
:100CC000112384F8ED3310BD849F0200E79F0200DA
:100CD0002DE9F04105460C4617461E46FFF7ECFE8F
:100CE00038B1284621463A463346BDE8F041FFF781
:100CF000EFBE3046BDE8F0810023FFF7E9BF0000FA
:100D000070B501220D463C490446FFF739FF3B49C7
:100D100084F8680300222046FFF732FF384984F840
:100D20002C0307222046FFF72BFF364984F82D03BA
:100D30002046FFF7C1FE88B132492046A66BFFF777
:100D40008FFF304930672046A66BFFF789FFA36B02
:100D5000B067022D0CBF1A6F9A6FDA662A4900221B
:100D60006FF095032046FFF7B3FF274984F834035B
:100D7000012220466FF09503FFF7AAFF022584F8B1
:100D8000350300232A4620461F49FFF7A1FF6319B8
:100D90000135052D83F83403F3D100252A4620467A
:100DA0001A49FFF7A9FF631901350E2D83F8570380
:100DB000F4D1012384F86733062220461449FFF753
:100DC000DFFE002284F8650312492046A56BFFF779
:100DD000D7FE114985F82C0100222046FFF7D0FEEE
:100DE000002384F83E034021204684F82433BDE8E4
:100DF0007040FFF7D3BE00BF6E9F0200449F020009
:100E0000C89F0200A09F0200F89F0200C19F02003D
:100E1000959F0200AD9F0200699F020010B5044635
:100E200028B10468003418BF0124E6F3A5F6204673
:100E300010BD10B5848B0C80018C118040F2DA3229
:100E40001A8090F83520029B01201A8010BD90F87E
:100E500034007047C06A7047836B9961704738B53A
:100E6000044600283ED0C56D013DC565002D39D131
:100E7000FFF75EFD2046FFF772FDD4F8801229B11E
:100E8000A36B186900F08CFDC4F88052002584F82B
:100E90009551204646F0E4DEA26B1368A34202D1CE
:100EA000A36C136003E09A6CA2421DD19D64D4F838
:100EB000943A0BB120469847A36B186951F094D827
:100EC000D4F8E41320B141B1204647F08FD804E0B4
:100ED00019B1A36B986852F0CDDC2046E6F34CF6CE
:100EE000002038BD012038BD012038BD2DE9F04774
:100EF0008A46002104461546C0680A467646994649
:100F0000EBF3DCF6804600070CD5276857B1BB6BC6
:100F1000C7F84C901869F96A51F02CD8FB6D013371
:100F2000FB65CEE04FF42F60E6F314F6074628B9D0
:100F30006FF01A00314648F0A3DDC5E000214FF400
:100F40002F62E1F3F1F5FB6DC7F844A00133FB65B7
:100F50002368BC63BB640123C7F84C90276087F803
:100F60005930E26C41F26B039A4205D1636C932BCA
:100F70000CBF0123182300E01823022DA7F88A30A4
:100F800005D118F0010F1CBF4FF40053FB62BB6B7F
:100F9000F96A186950F0EEDF7B6CB3F8E0831FFA52
:100FA00088F808F470631B0AFB615FFA88F33B6200
:100FB000BB6BD868F8F739FCFB69A7F8C602092BA8
:100FC00004D10423FB613B6A10333B62012387F8A1
:100FD00024304FEA18333B633846FFF79FFC002864
:100FE00075D14FF48053A7F856304DF2240241F2E8
:100FF0000103022D18BF1346A7F85230384637496F
:10100000FFF75AFD38B138463449D7F83880FFF732
:1010100027FEC8F868003846FFF7B7FC002856D00E
:1010200038462946FFF76CFE3846FFF7CDFD3846B7
:1010300000F0D2FB00284AD029463846FFF7C5FC0D
:101040000546002843D13846FFF70EFE384647F0E4
:1010500001DD3846012146F0AFDD3846294648F02B
:1010600083DB4FF0FF33C7F8D432C7F8D832C7F864
:10107000DC32C7F8E032C7F8E432C7F8E832C7F824
:10108000EC32C7F8F032384607F11C011C22E1F3BC
:10109000C7F4206950F0A8DF60B1BB6B986852F0CC
:1010A00035DEC7F8F80328B96FF01A00314648F06A
:1010B000E7DC0CE03846002148F04CDA002387F8E2
:1010C000FC3907F14C03FB643846BDE8F08738462D
:1010D000FFF7C5FE0020BDE8F08700BF519F02006A
:1010E00070B505464FF498707646E6F333F504463E
:1010F00028B96FF01A00314648F0C2DC39E000210F
:101100004FF49872E1F310F52B68A3606B68E3600D
:10111000AB682361EB6863602B6963612B8CA384EC
:101120006B8CE3846B6AA362AB6AE362EB6A236352
:101130002B6B63636B6B6364AB6BA364EB6BE364FC
:101140002B6C23656B6C6365AB6CC4F81C316B69ED
:10115000A365AB69E3650F2323663D2363667923AB
:10116000A3660123C4F818310323E366002384F83F
:101170008B30204670BD00007FB50A4B0A490093B2
:10118000002301930293039304930593074A036892
:10119000F9F79EFB002814BF4FF0FF30002007B086
:1011A00000BD00BF05E3860068F48800B95A01005D
:1011B00001490268F9F731BBB95A01000023F0B5C3
:1011C0001C4607E0CE183568C718C550756801344D
:1011D0007D6008339442F5D1F0BD000038B5046C51
:1011E0000023C4F8243690F86D53094B094A4FF494
:1011F0008060002D0CBF15461D46E6F3ABF4C4F825
:10120000240620B129468022FFF7D8FF012038BDEF
:1012100066AD020066B1020070B517494FF0FF32AB
:10122000046C0546FFF7ACFC1449C4F850051722BE
:101230002846FFF7A5FC0026C4F8540510496FF0B6
:10124000250284F858652846FFF79AFC0D49A4F852
:10125000480532462846FFF793FC0B49A4F8040CD6
:101260006FF003022846FFF78BFCB4F84835C3182B
:10127000A4F8063C70BD00BF1DA0020046A80200F5
:101280002FA802009CAC020007AD020038B5274928
:101290000446FFF7E5FCC0B228288CBF00230123D9
:1012A00084F8690384F8CA0384F86D332046204922
:1012B000FFF7D6FC082820461CD81E490022FFF75D
:1012C0001BFD80B20022C4F8FC001B492046FFF73A
:1012D00013FD1A49C4F800012046FFF7C1FC184964
:1012E00005462046FFF7BCFC80B240EA0545C4F83D
:1012F000045113E013490022FFF7FEFC80B2C4F84A
:10130000FC00114900222046FFF7F6FC0F49C4F803
:1013100000012046FFF7A4FCC4F8040120460C4954
:10132000FFF79EFC84F8080138BD00BF1EA4020030
:10133000EFAC020014A802003DA802004CA002007D
:1013400038A0020090AC020035AD0200A1A8020056
:10135000C4A70200F8B5A4490022056C0446FFF7B3
:10136000CBFCA14985F8BC0401222046FFF7C4FC50
:101370009E4985F8BD04002207232046FFF7A8FCFC
:10138000922385F8BE04994901222046FFF7A0FC6C
:10139000974985F8BF0400222046FFF7F1FB9549E5
:1013A000C5F8C40400222046FFF7EAFB0026A5F892
:1013B0005804914985F8336420463246FFF7E0FB34
:1013C0008E49A5F80A042046FFF74AFCB8B101236C
:1013D00085F833342F464223324620468749FFF7AB
:1013E00077FCAB19C0B283F82604B5F80A3401368D
:1013F000C018A7F80C0402370D2EECD10DE080497F
:1014000042222046FFF7BCFBC2B285F808242046E2
:101410007C49FFF7B5FBA5F806047B49002220466E
:10142000FFF7AEFB794985F838044FF0FF322046CC
:10143000FFF7A6FB7649A5F868054FF0FF32204676
:10144000FFF79EFB7349A5F86A054FF0FF3220466F
:10145000FFF796FB7049A5F86E054FF0FF32204666
:10146000FFF78EFB6D4985F8700500222046FFF7D7
:1014700087FB002684F87400324620466849FFF74F
:101480003BFCAB1901360E2E83F80606F4D1A122DF
:1014900064492046FFF774FB6349C5F8C00546F26E
:1014A0000F622046FFF76CFB0822C5F8C4055F49B0
:1014B0002046FFF765FB5E49C5F8C8056FF00802D6
:1014C0002046FFF75DFB5B49C5F8CC0540F6BB72D3
:1014D0002046FFF755FB0A22C5F8D005564920469D
:1014E000FFF74EFB5549C5F8D4056FF0440220467E
:1014F000FFF746FB5249A5F802066FF04A02204664
:10150000FFF73EFB0122A5F804064E492046FFF7EF
:1015100037FB80B2031C18BF012300F0020085F8DE
:101520004A353F2285F84B0547492046FFF728FBFF
:10153000642285F84C0545492046FFF721FB4449C4
:10154000C5F85C054FF0FF322046FFF719FBC5F8E0
:101550006005013018BF012085F864053D4900226F
:101560002046FFF70DFBC0B200F00F03000900F0AA
:10157000010085F8143685F817063749002226231E
:101580002046FFF7A5FB3449A5F81806012242239F
:101590002046FFF79DFB5023A5F81A062E4902228C
:1015A0002046FFF795FB0622A5F81C062B4920468E
:1015B000FFF7E6FA85F81E062046FFF767FE94F867
:1015C0006D232046002A4DD12549FFF795FB24497C
:1015D000A4F8820301222046FFF78EFB2049A4F8DD
:1015E0007E0320464DE000BFC8AC020073A8020095
:1015F00087AC020054AC02007FA8020074AC020069
:10160000B1AC0200E3AC020008A0020055A0020049
:10161000F7AC020061A802001CA80200BAAC0200EC
:101620004CAD020025A802008DA80200D2AC020039
:10163000D9AC020014A002005FAD02002AAD020086
:1016400067AC0200DFA70200ADA80200FAA7020003
:10165000E8A7020041A0020080AC0200D1A702006E
:1016600045AD020025490022FFF746FB2349A4F8B7
:10167000820301222046FFF73FFB2049A4F87E03A6
:1016800020460222FFF738FB0023A4F880031C4900
:1016900085F8333620460222FFF71AFB10B10123EA
:1016A00085F8333695F833362BB31549002220469A
:1016B000FFF722FB1249A4F82C0A01222046FFF76B
:1016C0001BFB0F49A4F8280A02222046FFF714FB4F
:1016D0000C49A4F82A0A00222046FFF751FA0A49C9
:1016E00085F8310628222046FFF74AFA002385F8BC
:1016F000320684F867330120F8BD00BF0AA8020053
:10170000A5AC0200DAA702005AAD020038B50E49B6
:10171000046C0546FFF7A4FA0C4984F8290628460C
:10172000FFF79EFAFF2284F82A0609492846FFF7A8
:1017300027FA084984F830062846FFF791FAC4F8DA
:101740002C06012038BD00BF5EAC020096A8020046
:101750002BA0020051A8020038B50446056C4FF4D6
:101760006770E6F3F7F1C5F82006236CD3F820067E
:10177000B0B1D4F8DC300B4A934207D00A4A934206
:1017800006D00A4A93420AD1094902E0094900E019
:1017900009494FF46772E1F343F1012038BD00209D
:1017A00038BD00BFC0AD3A0280BA8C0100F82401F8
:1017B000B8A8020082A0020028A4020010B50446C6
:1017C0004EF00AD8236CD3F82006E6F3D5F1206C4E
:1017D000BDE81040E6F3D0B170B5044640F60840CD
:1017E000E6F3B8F105462064002800F0838000216C
:1017F00040F60842E1F398F10125A36B84F882508A
:1018000084F8F050D868EBF3BDF13B4BC4F8DC0032
:10181000C4F8483A394B2046C4F84C3A384BC4F81F
:10182000503A384BC4F8543A374BC4F8A03A374BC7
:10183000C4F85C3A364BC4F8643A364BC4F86C3A98
:10184000354BC4F8703A354BC4F87C3A344BC4F885
:10185000B43A344BC4F8B03A334BC4F8C03A334BC3
:10186000C4F8BC3A324BC4F8C43A324BC4F8C83A54
:10187000314BC4F8CC3A314BC4F8943A304BC4F8ED
:10188000D03A304BC4F8D43A2F4BC4F8D83A2F4B47
:10189000C4F8DC3A2E4BC4F8E03AFFF75BFD40B3E6
:1018A0002046FFF759FF20B32046FFF797FC00B30F
:1018B0002046FFF7B1FC236C204683F8C054FFF7A5
:1018C00025FF244900222046266CFFF759F92249BA
:1018D00086F8340600222046FFF752F91F4984F8A3
:1018E00090022A462046266CFFF74AF986F835060C
:1018F00000E00546284670BD554B8700114A870019
:10190000154A8700B95E87008D358700214B870017
:10191000915E8700CDEC8600296487001D4B87000F
:10192000895F870015F98600D5F886004938870059
:1019300061498700CD218700C5F90000415D0200A3
:10194000F50A8700F90A8700F10A8700FD0A870077
:101950000D0B870072A0020064A0020014AD02000B
:10196000836B93F82C210AB1042200E003221A674A
:10197000DA667047F8B507460C200D461646E6F3C2
:10198000E9F0044630B100210C22E1F3CDF02760EC
:101990006660A5602046F8BD08B1E6F3EDB070477B
:1019A0008068F2F35BB4000070B5064686B06C2028
:1019B000E6F3D0F00446D0B100216C22E1F3B4F09C
:1019C0000823A3610E4B26600025009330680D4963
:1019D0000D4A234601950295039504950595F8F760
:1019E00077FF38B93268012382F89230237120469C
:1019F00006B070BD2046E6F3BFF02C46F7E700BF07
:101A00000D698700B00A8900665B010010B50446C5
:101A100068B10368064918682246F8F7FEFE2046BA
:101A200051F048D82046BDE81040E6F3A5B010BDFF
:101A3000665B010010B5044648B10549224640687E
:101A4000F8F7EBFE2046BDE81040E6F395B010BD78
:101A50005CF4890070B5064686B01020E6F37AF093
:101A6000044630B300211022E1F35EF033682660B3
:101A7000636073680025A360042130460E4A0F4B53
:101A800000950194FCF746FAA842E0600DDB0C4B90
:101A900030688DE828000B490B4A234602950395D0
:101AA00004950595F8F714FF18B12046FFF7C2FF1B
:101AB0000024204606B070BD297487001174870089
:101AC0007D7487007C0B89005CF4890030B5054685
:101AD00087B01420E6F33EF0044638B30021142208
:101AE000E1F322F06B682868A360124B2560606008
:101AF000002500931049114A23460195029503954C
:101B000004950595F8F7E4FE60B90A2323730F23C3
:101B100063736423A3730223E373062323740123F3
:101B2000637403E02046E6F327F02C46204607B016
:101B300030BD00BF217B8700940B89000CE3890036
:101B400010B5044648B1054922464068F8F765FEDD
:101B50002046BDE81040E6F30FB010BD0CE389004D
:101B600010B5044658B1064B21461B88C358186867
:101B7000F8F772FF2046BDE81040E5F3FDB710BD51
:101B8000D403000073B505460C20E5F3E9F70446DD
:101B9000C8B1104B04221A80022145600023019035
:101BA0000D4A28460093FCF7B5F9002820600ADBAF
:101BB00001232381094B286800932146084A022308
:101BC000F8F7D9FE18B12046FFF7CAFF00242046D7
:101BD0007CBD00BFD40300007D858700FC0B89001D
:101BE000A985870038B5044680B1094B21461B887A
:101BF000C5582868F8F730FF286806492246F8F7E4
:101C00000CFE2046BDE83840E5F3B6B738BD00BF4E
:101C1000D6030000845B0100F0B5054687B01420B0
:101C2000E5F39EF70446002856D02F4B04221A8075
:101C3000456000260190042128462C4A2C4B009632
:101C4000FCF768F9B042206046DB0123A3810C2336
:101C50002382284B0722E2810093274B28680193B7
:101C60002649274A23460296039604960596F8F7D6
:101C70002FFE002830D1234B286800932146224AAA
:101C80000523F8F778FE38BB204BD5F894068DE88D
:101C900018004FF490712A221D4BFDF703FBD8B9B1
:101CA000D5F8940680212A221A4B0094FDF712FCE5
:101CB00090B9B5F8AA0106F023DD801B18BF0120FA
:101CC0000A3055F820301B68022B09D1012120462B
:101CD0000A4652F0ABDD03E02046FFF783FF002405
:101CE000204607B0F0BD00BFD60300005D89870025
:101CF00049898700DD8B8700F58B8700340C8900CC
:101D0000845B01000C0C8900098B8700F98C87002B
:101D1000E9898700F9888700084B10B51B880446BD
:101D200050B1C358064918682246F8F776FD204698
:101D3000BDE81040E5F320B710BD00BFD803000098
:101D40008B5B010070B5054686B01420E5F308F7FB
:101D50000446002844D0264B08221A8000238560C0
:101D6000042100930190234A2846234BFCF7D2F824
:101D70000028206034DB0223A38105220C23E281AA
:101D80002382D5F8940680213D221C4B0094FDF758
:101D9000A1FB28BB1A4B029000931A4B03900193AE
:101DA0000490059018492868184A2346F8F790FDD2
:101DB000B0B9B5F8AA0106F0A3DC2B6893F84F2060
:101DC0001AB1032A14BF032201222046012153F035
:101DD00063DA204602214FF0FF3253F05DDA03E070
:101DE0002046FFF799FF0024204606B070BD00BFD3
:101DF000D8030000319287001D928700E991870087
:101E00009993870001958700400C89008B5B010046
:101E100038B5044698B10568224628460849FCF7BB
:101E20009CF821462868F8F717FE286805492246DD
:101E3000F8F7F3FC2046BDE83840E5F39DB638BD21
:101E40001D9E8700C9E3890030B5054687B008208C
:101E5000E5F386F6044600283ED000230560042101
:101E600000930190204A2846204BFCF753F80028A5
:101E7000606031DB28461E492246FCF769F858BBF2
:101E80001C4B0190009302900390049005901A4916
:101E900028681A4A2346F8F71BFDE8B9184B28684A
:101EA00000932146174A0123F8F765FDA0B9164BA8
:101EB000D5F894068DE818004FF490712822134B42
:101EC000FDF7F0F940B9D5F8940680212822104B8F
:101ED0000094FDF7FFFA18B12046FFF799FF0024A0
:101EE000204607B030BD00BFA19D8700619D8700DF
:101EF0001D9E8700A59E87009C0C8900C9E3890070
:101F0000940C8900799E87009D9F8700459E8700DD
:101F1000459D870070B5064686B09C20E5F320F607
:101F20000446002834D006601B4B306800256060F2
:101F30001A4900931A4A2346019502950395049580
:101F40000595F8F7C5FCF8B9D6F884341E229B78BD
:101F500022610422E27202222377227301230A22E1
:101F6000E376237263616273A3764FF6AF72A37751
:101F700084F899301023A0736072A072228384F8D1
:101F80009A3084F8983003E02046E5F3F5F52C46C6
:101F9000204606B070BD00BF19AE8700001C890046
:101FA00066B50200C0F88410C0F88820C0F88C30F4
:101FB0007047000010B5044648B105492246406804
:101FC000F8F72BFC2046BDE81040E5F3D5B510BD71
:101FD00066B5020038B5044600B3436B05680BB123
:101FE000E9F7C6FC04F11400DBF38AF404F11800ED
:101FF000DBF386F404F11000DFF382F504F1240032
:10200000DBF372F4224606492868F8F706FC2046FE
:10201000E5F3B2F52B68002283F8622138BD00BFDA
:102020007AE689002DE9F041054686B03820E5F3CF
:1020300097F5044600287FD0056000260190042112
:102040002846414A414B0096FBF764FFB04260606E
:1020500072DB042128463E4A3E4B0096019400F074
:102060009FF9B042A06067DB0127E76038463A4934
:102070003A4A6B68DFF32EF1206100285CD006211C
:102080003246D5F80480DFF36BF534490346424607
:102090003148DBF317F4606200284DD00721324647
:1020A0002069DFF35DF539460346E0613246606A38
:1020B000DBF3E8F239460246A0612069DFF350F510
:1020C000E36939463246606ADBF3DCF202210246FC
:1020D00060612069DFF344F5214B4FF00308C4F839
:1020E0002C808DE848001F4B286804931E4B1F4925
:1020F00005931F4A234602960396F8F7E9FBD8B9E1
:102100001C4BD5F894068DE81800B02142461A4BB6
:10211000FDF746F880B9194BD5F894068DE81800FC
:10212000B0215D22164BFDF769F928B91423A3628B
:102130002B6883F8627103E02046FFF74BFF002411
:10214000204606B0BDE8F08115D28700B90601002F
:10215000890501004DE08700FDD0870005D187008B
:1021600099D38700945B010019050100181C8900B0
:102170007AE68900171501008F1601005514010039
:10218000C11401002DE9F043074687B04FF44170B8
:102190000E4615469846E5F3DDF40446002878D04F
:1021A00000214FF44172E0F3BFF42820E5F3D2F4AC
:1021B0008146206020B92046E5F3DEF4484668E019
:1021C00000212822E0F3B0F423684FF441721C6030
:1021D0006261E5604FF0FF320025A261A760C4F89C
:1021E00004809D711423A4F808322823A4F8063231
:1021F0002D23A4F804326E23A4F80A32022384F8B3
:102200000C326423A4F8383284F80D523046224947
:1022100022462B46F2F33AF0C4F8F80130B304F545
:102220001473C4F81832C4F814321C4B0526C4F8D1
:102230001C6200931A4B029501931A4B0495039369
:102240000595234638681849184AF8F741FB0346B4
:1022500060B9009038682168154AF8F78CFB28B9F6
:1022600084F8406284F84162206812E0D4F8F811E2
:1022700019B1A3689868F1F3F1F7206908B100F08B
:102280003FF8206808B1E5F377F42046E5F374F4ED
:10229000002007B0BDE8F08365F68700C5EF870032
:1022A00049F6870039FF87006C1C890000E8890027
:1022B0006500880038B50546F0B10468E4B1D4F88B
:1022C000F81131B1A3689868F1F3C8F70023C4F896
:1022D000F831A368224618680849F8F79EFAA368FF
:1022E00021681868F8F7B8FB2846E5F345F420465E
:1022F000BDE83840E5F340B438BD00BF00E88900D0
:1023000010B5044630B159F0B9DE2046BDE81040A2
:10231000E5F332B410BD0000F7B506680546F36971
:102320001F6D02373F013846E5F314F4044610B33D
:1023300000213A46E0F3F8F384E86000102100261B
:1023400028460E4A0E4B00960194FBF7E3FDB0427F
:10235000A0610CDB04F1200363614FF44773E36079
:10236000D5F8380604F11C01DFF3DEF518B120467C
:10237000E5F302F434462046FEBD00BFB9088800EC
:102380009D08880010B5044648B1C36913B11C30DC
:10239000DFF3E0F52046BDE81040E5F3EDB310BDF6
:1023A000F0B5D0F8244100682569C069006D854208
:1023B00011D267692E01B819013525614360059B6B
:1023C000BA518360069BC360E068C31C591821F0B2
:1023D0000301E160F0BD4FF0FF30F0BD37B50546B9
:1023E0001820E5F3B7F3044638B300211822E0F3D0
:1023F0009BF32B68256063606B682846A360FFF73A
:1024000065FBE06088B15BF0AFD8002301468DE842
:10241000180028460A4A0B4BFFF7C2FF002820612C
:1024200003DB51F04DD8606107E0E06808B1FFF7C9
:1024300087FB2046E5F3A0F3002420463EBD00BF05
:102440001D1B8800F91A880010B5044638B1C06811
:10245000FFF776FB2046BDE81040E5F38DB310BDD5
:1024600073B505461820E5F375F30446002838D007
:1024700000211822E0F358F30C20E5F36BF3064635
:1024800000282DD000210C22E0F34EF32B6866616A
:10249000256063602846FFF73DFDA060B8B15BF0A2
:1024A0009DD8002301468DE8280028460E4A0F4B90
:1024B000FFF776FF0028E06009DB56F013DA0C49DD
:1024C00020610C4AA0680C4BFFF76CFD09E0A06886
:1024D00008B1FFF76FFD2046E5F34EF3002400E05E
:1024E000044620467CBD00BFCD1B8800A91B880088
:1024F000C1218800B5218800A91E880010B50446B6
:1025000050B18068FFF756FD6069E5F335F320466A
:10251000BDE81040E5F330B310BD000070B5444B8A
:1025200086B000930023019302930393414B04462A
:102530000493414B414905930068414A2346F8F70B
:10254000C7F9054600286FD1D4F884341421A3F8C4
:102550006410A36A012683F84C00E36A204683F8DE
:102560004C60A16A5EF0E8D8E16A20465EF0E4D8EB
:10257000204629465DF0EADBA36A83F84D50E36A02
:1025800083F84D50236A1869E7F7F6FE830707D5ED
:10259000D4F884344FF0FF325E73D4F88434DA8197
:1025A0002368D4F884545E6951F0BCD901463046A2
:1025B00051F052D9E862002836D0D4F884341F2272
:1025C00083F87820D4F88404052257304FF0FF3187
:1025D000E0F3AAF22368D4F88424B3F8C810D3F83F
:1025E000D80051850A2151631649E1F315F1431EC4
:1025F0000D2BD4F88454236898BF68631249D3F82C
:10260000D800E1F309F185F88A00D4F88434012276
:1026100083F85120D4F8843400201A7883F84E20AF
:10262000D4F88434586701E04FF0FF3006B070BD35
:10263000E9398800105C0100AD1E0100341D8900DD
:102640006EB5020081B5020072B50200D0F8843484
:1026500010B5D96A044611B1406851F00BD9206811
:1026600002492246BDE81040F8F7D7B86EB502001F
:1026700038B503680446D0F884542749D3F8D80005
:10268000E1F3CAF0287023682449D3F8D800D4F8BD
:102690008454E1F3C1F0E870D4F884341A78013A34
:1026A000D2B2FD2A01D901221A70D4F884341A78E2
:1026B0005A700023D4F88424D11812780133052BE2
:1026C00081F85220F6D1D4F8845401212846E0F351
:1026D0008BF4A870D4F88434DA78013AD2B2FD2AA7
:1026E00001D90122DA70D4F884340121DA785A71E0
:1026F000D4F88454E81CE0F377F42871D4F88434D7
:1027000020461A799A715DF053DAB4F858142046CD
:10271000BDE838405DF0A49A8EB5020096B502007F
:1027200010B50446D8B140680D492246FBF72BFC92
:10273000236A1BB104F12000DFF30CF4237F23B1E3
:10274000606808492246FBF708FCA0680649224653
:10275000F8F763F82046BDE81040E5F30DB210BD70
:10276000D1568800515488007E5C010030B5054682
:1027700087B02420E5F3EEF1044600283ED0002186
:102780002422E0F3D1F12B680022A360AB686560DE
:10279000E3606B68042123610823A3822846194B58
:1027A0008DE81400FBF7B6FB0028206022DB2846EA
:1027B00015492246FBF7CCFBE0B9012323772846D5
:1027C00012492246FBF7DAFBA0B9D5F8380604F126
:1027D0002001DFF3A9F368B90D4B0190009302903B
:1027E0000390049005900B4928680B4A2346F8F79C
:1027F0006FF818B12046FFF793FF0024204607B07A
:1028000030BD00BFC954880051548800D15688009B
:10281000555588001C1F89007E5C0100D0F8D03619
:10282000186ADFF35DB3D0F8D036186ADFF3BAB3B5
:10283000F8B5D0F8846404460D46D1F8D800C149F3
:10284000E0F3EAF786F81C01D5F8D800BE49E1F3B9
:1028500007F0D4F8846438B1D5F8D800BA49E0F369
:10286000DBF786F8E80002E0022386F8E830D5F8C6
:10287000D800B649E0F3F4F7D4F8846438B1D5F859
:10288000D800B249E0F3C8F786F8580102E0FF2308
:1028900086F85831AE49D5F8D800D4F88464E0F30E
:1028A000BBF7AC49C6F82001D5F8D800D4F8846449
:1028B000E0F3B2F7A849A6F82A01D5F8D800D4F871
:1028C0008464E0F3A9F7A549A6F82C01D5F8D8004F
:1028D000D4F88464E0F3A0F7A149A6F82E01D5F856
:1028E000D800D4F88464E0F397F786F8E900D4F8C8
:1028F000843493F8E92012B9022283F8E920D5F84C
:10290000D8009849D4F88464E0F386F7A6F8C600A6
:10291000D4F88464B6F9C63013B90123A6F8C630DA
:10292000D5F8D8009049E0F377F7C6F8D800D4F886
:102930008464D6F8D8301BB94CF25033C6F8D8307E
:1029400096F8E93001229A40D6F8D810D5F8D80088
:102950008A4288BFC6F8D820022212FA03F38349BC
:10296000C6F8DC30E0F358F7C6F8E400D4F8846425
:10297000D6F8E4301BB94FF49673C6F8E430D5F8B6
:10298000D8007B49E0F348F7A6F8C400D4F8846483
:10299000B6F9C43013B91923A6F8C430D5F8D80055
:1029A0007449E0F339F786F86C01D4F8843493F86D
:1029B0006C2112B9052283F86C216F49D5F8D80033
:1029C000D4F88464E0F328F7D4F88434A6F8F0004F
:1029D00093F81C21694983F81D21D4F8843493F8B5
:1029E0001D2183F84821D4F88434DA7983F8AC20A7
:1029F000D4F884341A7A83F84521D4F884644FF6E5
:102A0000A273A6F8EA30A6F8EC30A6F8EE30D5F8B6
:102A1000D800E0F301F7A6F8F200D4F88464B6F920
:102A2000F2301BB94FF6A273A6F8F23096F8E930EF
:102A3000012212FA03F3D6F8D8205149934288BFF5
:102A4000C6F8D8300023A6F8B230A6F8B430A6F8FD
:102A5000B630C6F8B830C6F8BC30C6F8C030D5F8C5
:102A6000D8001F46E0F3D8F686F844014549D5F86A
:102A7000D800D4F88464E0F3CFF686F84B01D5F89B
:102A8000D8004149D4F88464E0F3C6F6D4F884341D
:102A9000C6F8240183F82971D4F88434D3F82421AA
:102AA0001AB94FF49B72C3F8242193F81D2102B187
:102AB0000322C3F84C21C3F850210022C3F854214B
:102AC000D5F8D8003149E0F3CBF640B1D5F8D800BD
:102AD0002E49D4F88464E0F39FF6C6F85401D5F883
:102AE000D8002B49E0F3BCF640B1D5F8D80028490E
:102AF000D4F88464E0F390F6C6F84C01D5F8D80019
:102B00002449E0F3ADF640B1D5F8D8002149D4F816
:102B10008464E0F381F6C6F850011F492246002381
:102B2000A068D4F88454F1F3B1F31C49C5F830011E
:102B30002246A0680023D4F88454F1F3A7F3C5F823
:102B40003401F8BD2CB60200A4B6020074B602002F
:102B500057B60200CBB50200EEB5020000B6020087
:102B600096B602009EB5020067B602001FB60200CC
:102B7000BEB50200CDB60200DDB5020081B602008E
:102B800012B60200AEB50200BFB6020045B60200A2
:102B900035B60200AFB602003F330100AD3301008D
:102BA00038B5044680B105682246D5F84401074986
:102BB000FDF779FC284606492246FBF7CEF9204668
:102BC000BDE83840E4F3D8B738BD00BF1D708800B9
:102BD000B16E880037B505460820E4F3C1F7044616
:102BE000C0B1056000220190042128460C4B0092E0
:102BF000FBF790F9002860600CDB28460949224663
:102C0000FBF7A6F930B9D5F8440107492246FDF78C
:102C100047FC18B12046FFF7C3FF002420463EBD05
:102C2000596F8800B16E88001D70880038B5044661
:102C300070B1056821462868F7F70EFF2868054936
:102C40002246F7F7EAFD2046BDE83840E4F394B7A2
:102C500038BD00BF845C010030B5054687B00C204C
:102C6000E4F37EF70446002846D0274B05604FF476
:102C70009071009301902022D5F89406234BFCF725
:102C800011FB002838D1224BD5F894068DE81800A6
:102C90004FF4907123221F4BFCF704FB00282BD12B
:102CA0001D4BD5F894068DE81800402188221B4B57
:102CB000FCF718FB00BBD5F8940680212022184BA6
:102CC0000094FCF707FCB8B9164B02900093164B22
:102CD000039001930490059014492868144A2346F0
:102CE000F7F7F6FD40B9134B286800932146124AC6
:102CF0000123F7F740FE18B12046FFF797FF0024A5
:102D0000204607B030BD00BF21768800E9738800F7
:102D1000557688000D748800C1758800D5738800C9
:102D2000BD7388005D748800BD758800781F8900B8
:102D3000845C0100701F89003174880010B504465E
:102D400060B1074B07491B882246C3581868F7F73C
:102D500064FD2046BDE81040E4F30EB710BD00BF8F
:102D6000DA030000885C0100F0B5074687B0142044
:102D7000E4F3F6F6054620B3154B0646002404227C
:102D800006F8044B1A80012347603372F4607472B2
:102D9000042101900F4A38460F4B0094FFF700FBC7
:102DA000A04270600DDB0D4B0094019302940394DC
:102DB0000494059438682146094A2B46F7F788FDA4
:102DC00018B12846FFF7BAFF0025284607B0F0BD26
:102DD000DA030000D9778800B9778800297888005D
:102DE000885C010070B5054686B01820E4F3B8F69B
:102DF000044600285AD02B68002601224360056053
:102E0000082183F8AD2001903246284633460096CB
:102E1000FFF7C6FAB04220614BDB10212846274A53
:102E2000274B00960194FBF775F8B042C5F898015E
:102E30003FDB0423E360234BA06005218DE81800ED
:102E4000D5F894064422204BFCF72CFA002830D108
:102E50001E4BD5F894068DE818004FF4907144226B
:102E60001B4BFCF71FFA002823D1D5F89406052147
:102E70004422184B0094FCF7CBFCD0B9D5F894064B
:102E8000C0214422144B0094FCF7C2FC88B9134BB8
:102E900001900093124B0390029304900590114906
:102EA0002868114A2346F7F713FD10B9204606B0EB
:102EB00070BD2046E4F360F60024F7E779818800CE
:102EC0005D818800DD80880035808800358188003C
:102ED00005818800558088003D858800C58288006E
:102EE000CD858800E01F89008C5C010010B5044688
:102EF00048B1054922464068F7F78FFC2046BDE8F7
:102F00001040E4F339B610BD8C5C010070B5054685
:102F100086B03020E4F31EF60446002831D00021AC
:102F20003022DFF301F61A4B256000930023019352
:102F3000029303930493059328681649164A23467F
:102F4000F7F7C6FC0646E0B9FF23A3750123E37536
:102F50002B681249D3F8D800E0F382F420B131464F
:102F60003246E0F319F2A0752B680D49D3F8D8006A
:102F7000E0F376F448B100210A46E0F30DF2E07583
:102F800003E0284661F094DD0024204606B070BDC1
:102F9000A98C88001C20890056FB8900E3B602003A
:102FA000EDB6020038B50446002820D061F0D4DD2B
:102FB000A36A73B1204661F099DA0AE02B68686869
:102FC0006360E4F3D9F52846E4F3D6F5237D013BAD
:102FD00023756568002DF1D12368054918682246DC
:102FE000F7F71BFC2068BDE8384061F0619D38BDF3
:102FF00056FB8900776C635F626D61635F696E6623
:103000006F5F696E6974000000000000000000003E
:1030100000000000000000000000000000000000B0
:1030200000000000000000000000000000000000A0
:103030000000000000000000000000000000000090
:103040000000000000000000000000000000000080
:103050000000000000000000000000000000000070
:103060000000000000000000000000000000000060
:103070000000000000000000000000000000000050
:103080000000000000000000000000000000000040
:103090000000000000000000000000000000000030
:1030A0000000000000000000000000000000000020
:1030B0000000000000000000000000000000000010
:1030C0000000000000000000000000000000000000
:1030D00000000000000000000000000000000000F0
:1030E00000000000000000000000000000000000E0
:1030F00000000000000000000000000000000000D0
:1031000000000000000000000000000000000000BF
:1031100000000000000000000000000000000000AF
:10312000000000000000000000000000000000009F
:10313000000000000000000000000000000000008F
:10314000000000000000000000000000000000007F
:10315000000000000000000000000000000000006F
:10316000000000000000000000000000000000005F
:10317000000000000000000000000000000000004F
:10318000000000000000000000000000000000003F
:10319000000000000000000000000000000000002F
:1031A000000000000000000000000000000000001F
:1031B000000000000000000000000000000000000F
:1031C00000000000000000000000000000000000FF
:1031D00000000000000000000000000000000000EF
:1031E00000000000000000000000000000000000DF
:1031F00000000000000000000000000000000000CF
:1032000000000000000000000000000000000000BE
:1032100000000000000000000000000000000000AE
:10322000000000000000000000000000000000009E
:10323000000000000000000000000000000000008E
:10324000000000000000000000000000000000007E
:10325000000000000000000000000000000000006E
:10326000000000000000000000000000000000005E
:10327000000000000000000000000000000000004E
:10328000000000000000000000000000000000003E
:10329000000000000000000000000000000000002E
:1032A000000000000000000000000000000000001E
:1032B000000000000000000000000000000000000E
:1032C00000000000000000000000000000000000FE
:1032D00000000000000000000000000000000000EE
:1032E00000000000000000000000000000000000DE
:1032F00000000000000000000000000000000000CE
:1033000000000000000000000000000000000000BD
:1033100000000000000000000000000000000000AD
:10332000000000000000000000000000000000009D
:10333000000000000000000000000000000000008D
:10334000000000000000000000000000000000007D
:10335000000000000000000000000000000000006D
:10336000000000000000000000000000000000005D
:10337000000000000000000000000000000000004D
:10338000000000000000000000000000000000003D
:10339000000000000000000000000000000000002D
:1033A000000000000000000000000000000000001D
:1033B000000000000000000000000000000000000D
:1033C00000000000000000000000000000000000FD
:1033D00000000000000000000000000000000000ED
:1033E00000000000000000000000000000000000DD
:1033F00000000000000000000000000000000000CD
:1034000000000000000000000000000000000000BC
:1034100000000000000000000000000000000000AC
:10342000000000000000000000000000000000009C
:10343000000000000000000000000000000000008C
:10344000000000000000000000000000000000007C
:10345000000000000000000000000000000000006C
:10346000000000000000000000000000000000005C
:10347000000000000000000000000000000000004C
:10348000000000000000000000000000000000003C
:10349000000000000000000000000000000000002C
:1034A000000000000000000000000000000000001C
:1034B000000000000000000000000000000000000C
:1034C00000000000000000000000000000000000FC
:1034D00000000000000000000000000000000000EC
:1034E00000000000000000000000000000000000DC
:1034F00000000000000000000000000000000000CC
:1035000000000000000000000000000000000000BB
:1035100000000000000000000000000000000000AB
:10352000000000000000000000000000000000009B
:10353000000000000000000000000000000000008B
:10354000000000000000000000000000000000007B
:10355000000000000000000000000000000000006B
:10356000000000000000000000000000000000005B
:10357000000000000000000000000000000000004B
:10358000000000000000000000000000000000003B
:10359000000000000000000000000000000000002B
:1035A000000000000000000000000000000000001B
:1035B000000000000000000000000000000000000B
:1035C00000000000000000000000000000000000FB
:1035D00000000000000000000000000000000000EB
:1035E00000000000000000000000000000000000DB
:1035F00000000000000000000000000000000000CB
:1036000000000000000000000000000000000000BA
:1036100000000000000000000000000000000000AA
:10362000000000000000000000000000000000009A
:10363000000000000000000000000000000000008A
:10364000000000000000000000000000000000007A
:10365000000000000000000000000000000000006A
:10366000000000000000000000000000000000005A
:10367000000000000000000000000000000000004A
:10368000000000000000000000000000000000003A
:10369000000000000000000000000000000000002A
:1036A000000000000000000000000000000000001A
:1036B000000000000000000000000000000000000A
:1036C00000000000000000000000000000000000FA
:1036D00000000000000000000000000000000000EA
:1036E00000000000000000000000000000000000DA
:1036F00000000000000000000000000000000000CA
:1037000000000000000000000000000000000000B9
:1037100000000000000000000000000000000000A9
:103720000000000000000000000000000000000099
:103730000000000000000000000000000000000089
:103740000000000000000000000000000000000079
:103750000000000000000000000000000000000069
:103760000000000000000000000000000000000059
:103770000000000000000000000000000000000049
:103780000000000000000000000000000000000039
:103790000000000000000000000000000000000029
:1037A0000000000000000000000000000000000019
:1037B0000000000000000000000000000000000009
:1037C00000000000000000000000000000000000F9
:1037D00000000000000000000000000000000000E9
:1037E00000000000000000000000000000000000D9
:1037F00000000000000000000000000000000000C9
:1038000000000000000000000000000000000000B8
:1038100000000000000000000000000000000000A8
:103820000000000000000000000000000000000098
:103830000000000000000000000000000000000088
:103840000000000000000000000000000000000078
:103850000000000000000000000000000000000068
:103860000000000000000000000000000000000058
:103870000000000000000000000000000000000048
:103880000000000000000000000000000000000038
:103890000000000000000000000000000000000028
:1038A0000000000000000000000000000000000018
:1038B0000000000000000000000000000000000008
:1038C00000000000000000000000000000000000F8
:1038D00000000000000000000000000000000000E8
:1038E00000000000000000000000000000000000D8
:1038F00000000000000000000000000000000000C8
:1039000000000000000000000000000000000000B7
:1039100000000000000000000000000000000000A7
:103920000000000000000000000000000000000097
:103930000000000000000000000000000000000087
:103940000000000000000000000000000000000077
:103950000000000000000000000000000000000067
:103960000000000000000000000000000000000057
:103970000000000000000000000000000000000047
:103980000000000000000000000000000000000037
:103990000000000000000000000000000000000027
:1039A0000000000000000000000000000000000017
:1039B0000000000000000000000000000000000007
:1039C00000000000000000000000000000000000F7
:1039D00000000000000000000000000000000000E7
:1039E00000000000000000000000000000000000D7
:1039F00000000000000000000000000000000000C7
:103A000000000000000000000000000000000000B6
:103A100000000000000000000000000000000000A6
:103A20000000000000000000000000000000000096
:103A30000000000000000000000000000000000086
:103A40000000000000000000000000000000000076
:103A50000000000000000000000000000000000066
:103A60000000000000000000000000000000000056
:103A70000000000000000000000000000000000046
:103A80000000000000000000000000000000000036
:103A90000000000000000000000000000000000026
:103AA0000000000000000000000000000000000016
:103AB0000000000000000000000000000000000006
:103AC00000000000000000000000000000000000F6
:103AD00000000000000000000000000000000000E6
:103AE00000000000000000000000000000000000D6
:103AF00000000000000000000000000000000000C6
:103B000000000000000000000000000000000000B5
:103B100000000000000000000000000000000000A5
:103B20000000000000000000000000000000000095
:103B30000000000000000000000000000000000085
:103B40000000000000000000000000000000000075
:103B50000000000000000000000000000000000065
:103B60000000000000000000000000000000000055
:103B70000000000000000000000000000000000045
:103B80000000000000000000000000000000000035
:103B90000000000000000000000000000000000025
:103BA0000000000000000000000000000000000015
:103BB0000000000000000000000000000000000005
:103BC00000000000000000000000000000000000F5
:103BD00000000000000000000000000000000000E5
:103BE00000000000000000000000000000000000D5
:103BF00000000000000000000000000000000000C5
:103C000000000000000000000000000000000000B4
:103C100000000000000000000000000000000000A4
:103C20000000000000000000000000000000000094
:103C30000000000000000000000000000000000084
:103C40000000000000000000000000000000000074
:103C50000000000000000000000000000000000064
:103C60000000000000000000000000000000000054
:103C70000000000000000000000000000000000044
:103C80000000000000000000000000000000000034
:103C90000000000000000000000000000000000024
:103CA0000000000000000000000000000000000014
:103CB0000000000000000000000000000000000004
:103CC00000000000000000000000000000000000F4
:103CD00000000000000000000000000000000000E4
:103CE00000000000000000000000000000000000D4
:103CF00000000000000000000000000000000000C4
:103D000000000000000000000000000000000000B3
:103D100000000000000000000000000000000000A3
:103D20000000000000000000000000000000000093
:103D30000000000000000000000000000000000083
:103D40000000000000000000000000000000000073
:103D50000000000000000000000000000000000063
:103D60000000000000000000000000000000000053
:103D70000000000000000000000000000000000043
:103D80000000000000000000000000000000000033
:103D90000000000000000000000000000000000023
:103DA0000000000000000000000000000000000013
:103DB0000000000000000000000000000000000003
:103DC00000000000000000000000000000000000F3
:103DD00000000000000000000000000000000000E3
:103DE00000000000000000000000000000000000D3
:103DF00000000000000000000000000000000000C3
:103E000000000000000000000000000000000000B2
:103E100000000000000000000000000000000000A2
:103E20000000000000000000000000000000000092
:103E30000000000000000000000000000000000082
:103E40000000000000000000000000000000000072
:103E50000000000000000000000000000000000062
:103E60000000000000000000000000000000000052
:103E70000000000000000000000000000000000042
:103E80000000000000000000000000000000000032
:103E90000000000000000000000000000000000022
:103EA0000000000000000000000000000000000012
:103EB0000000000000000000000000000000000002
:103EC00000000000000000000000000000000000F2
:103ED00000000000000000000000000000000000E2
:103EE00000000000000000000000000000000000D2
:103EF00000000000000000000000000000000000C2
:103F000000000000000000000000000000000000B1
:103F100000000000000000000000000000000000A1
:103F20000000000000000000000000000000000091
:103F30000000000000000000000000000000000081
:103F40000000000000000000000000000000000071
:103F50000000000000000000000000000000000061
:103F60000000000000000000000000000000000051
:103F70000000000000000000000000000000000041
:103F80000000000000000000000000000000000031
:103F90000000000000000000000000000000000021
:103FA0000000000000000000000000000000000011
:103FB0000000000000000000000000000000000001
:103FC00000000000000000000000000000000000F1
:103FD00000000000000000000000000000000000E1
:103FE00000000000000000000000000000000000D1
:103FF00000000000000000000000000000000000C1
:104000000000000000000000646561646D616E5F87
:10401000746F0072616D73746279646973006465B2
:1040200061646D616E5F746F007370695F70755F5E
:10403000656E6162005344494F4445560067737092
:104040006964776F72640050434D4349414445565B
:104050000073645F6F6F626F6E6C790073645F678B
:10406000706F757400475350492044776F72642015
:104070004D6F646520656E61626C65640A007364EF
:104080005F677064630073645F677076616C0025BE
:10409000733A2042726F6164636F6D2053445043E2
:1040A0004D4420434443206472697665720A00736C
:1040B0006470636D646364632564005344494F0016
:1040C0000A525445202825732D25732573257329FD
:1040D000202573206F6E2042434D25732072256486
:1040E00020402025642E25642F25642E25642F254D
:1040F000642E25644D487A0A0000434443006E6FE5
:10410000637263006E6F7469665F63006E6F7469DB
:10411000665F73006F66646D3267706F3D3078253F
:10412000780070612564677725646125643D307887
:10413000257800706131686962303D2564007061E6
:1041400031686962313D25640070613168696232AD
:104150003D2564006761696E6374726C7370683DBD
:104160002564007061316D61787077723D2564005F
:104170006D656173706F77657225643D3078257861
:104180000072786761696E73256467256374726570
:104190006C6E616279706125643D256400706132E6
:1041A000676125643D307825782C307825782C306F
:1041B0007825780072737369736D6335673D256484
:1041C00000757362666C6167733D307825780070A6
:1041D00061326763636B6125643D307825782C30EC
:1041E0007825782C30782578007064657472616E5B
:1041F000676532673D3078257800757362333075B6
:104200003175323D307825780073756276656E645D
:1042100069643D3078257800616725643D307825F4
:1042200078006F656D3D2530327825303278253045
:104230003278253032782530327825303278253082
:10424000327825303278006F66646D706F3D30785B
:1042500025780074656D706F66667365743D2564BE
:10426000006D656173706F7765723D3078257800F9
:1042700072737369736D6632673D25640070617097
:104280006172616D62777665723D256400646F745A
:10429000313161676F66646D6872627732303267A0
:1042A000706F3D3078257800697474326761303DF5
:1042B000307825780062786132673D25640072733A
:1042C0007369736D6332673D2564007061356762A1
:1042D0007734306125643D307825782C3078257826
:1042E0002C307825782C307825782C307825782C4F
:1042F000307825782C307825782C307825782C303B
:104300007825782C307825782C307825782C3078E2
:104310002578006D63736277323035676C706F3D5E
:10432000307825780000006D637362773230756CE9
:1043300035676C706F3D30782578006D63736277F8
:10434000343035676C706F3D30782578000000752B
:10435000736275746D695F63746C3D3078257800A5
:1043600065787470616761696E32673D3078257871
:1043700000616E74737763746C32673D30782578B2
:104380000070726F647563746E616D653D257300B6
:1043900074785F647574795F6379636C655F746862
:1043A000726573685F25645F35673D2564007278C8
:1043B0006761696E65727232676125643D30782588
:1043C0007800616730006D61787032676125643D07
:1043D00030782578006277647570706F3D3078258D
:1043E00078006E6F6973656C766C35676125643D26
:1043F00025642C25642C25642C25640062773430D8
:10440000706F3D307825780070613567627738309D
:104410006125643D307825782C307825782C3078EB
:1044200025782C307825782C307825782C30782514
:10443000782C307825782C307825782C30782578B1
:104440002C307825782C307825782C307825780019
:104450007573623330753175323D30782578007070
:1044600064657472616E676535673D3078257800E4
:104470006D6163616464723D25730074656D707372
:104480005F687973746572657369733D2564006D47
:104490006373256467706F25643D3078257800620A
:1044A0006F617264666C616773323D3078257800A5
:1044B000626F617264666C616773333D3078257832
:1044C000006C6564626825643D30782578007278F8
:1044D0006761696E732564672563747269736F61C0
:1044E00025643D256400616132673D3078257800A0
:1044F00070726F6469643D307825780074656D7002
:104500007468726573683D256400636869707265DC
:10451000763D2564006C65676F66646D6277323046
:1045200035676C706F3D307825780000006C6567EA
:104530006F66646D62773230756C35676C706F3D95
:1045400030782578006C65676F66646D627732300D
:1045500035676D706F3D307825780000006C6567B9
:104560006F66646D62773230756C35676D706F3D64
:1045700030782578006C65676F66646D62773230DD
:10458000356768706F3D307825780000006C65678E
:104590006F66646D62773230756C356768706F3D39
:1045A000307825780075736266733D256400746504
:1045B0006D70735F706572696F643D25640073622E
:1045C0003430616E64383025637235672563706FEF
:1045D0003D307825780063633D2564002004D002D7
:1045E000A6A9FFFF646F743131616764757025633C
:1045F00072706F3D307825780061676125643D30C9
:1046000078257800747269736F35673D3078257846
:104610000074656D7073656E73655F736C6F706544
:104620003D2564006D61787035676125643D3078A3
:1046300025782C307825782C307825782C30782502
:1046400078007061316974737369743D256400701A
:10465000613062303D25640070613062313D256417
:104660000070613062323D256400706135676125FC
:10467000643D307825782C307825782C3078257872
:104680002C307825782C307825782C307825782CAB
:10469000307825782C307825782C307825782C3097
:1046A0007825782C307825782C30782578006D6343
:1046B000736277383035672563706F3D30782578C1
:1046C0000073756262616E6435677665723D25645C
:1046D000007273736973617635673D2564006D639D
:1046E00073627732303267706F3D30782578000022
:1046F000006D637362773230756C3267706F3D3076
:10470000782578006D6373627734303267706F3D5F
:10471000307825780000007265677265763D3078E4
:104720002578006363746C3D30782578006E6F697E
:1047300073656C766C32676125643D256400757322
:1047400062333072656773303D307825782C30786D
:1047500025782C307825782C307825782C307825E1
:10476000782C307825782C307825782C307825787E
:104770002C307825782C30782578007573623330AA
:1047800072656773313D307825782C307825782C28
:10479000307825782C307825782C307825782C3096
:1047A0007825782C307825782C307825782C30783E
:1047B00025782C307825780063636B706F3D3078F6
:1047C00025780074726935673D25640063636B6406
:1047D000696766696C74747970653D2564007665F7
:1047E0006E6469643D307825780066656D63747227
:1047F0006C3D2564007573623330726567732564A0
:104800003D307825782C307825782C307825782C18
:10481000307825780070646F66667365743267253A
:10482000646D6125643D307825780075736265702C
:104830006E756D3D307825780070613168696D6105
:10484000787077723D2564007278636861696E3DA7
:104850003078257800626F617264666C6167733DC1
:10486000307825780070613162303D2564007061D8
:104870003162313D25640070613162323D25640052
:104880007478636861696E3D307825780072786766
:1048900061696E732564672563656C6E6167616924
:1048A0006E6125643D2564006770646E3D30782537
:1048B00078007061306D61787077723D25640062B8
:1048C000786135673D2564006167626725643D3026
:1048D0007825780075736273737068795F736C659F
:1048E0006570303D30782578007573627373706839
:1048F000795F736C656570313D307825780075732C
:104900006273737068795F736C656570323D30787F
:1049100025780075736273737068795F736C656571
:1049200070333D30782578006C656464633D307881
:1049300025303478006D63733332706F3D307825E5
:1049400078007273736973617632673D2564006F16
:10495000706F3D256400697474326761313D307851
:104960002578007278706F35673D2564006578742E
:1049700070616761696E35673D30782578006F66D4
:10498000646D356768706F3D307825780074776F97
:1049900072616E6765747373692564673D25640091
:1049A00073623230696E3430256372706F3D3078D7
:1049B0002578006D616E6669643D30782578006504
:1049C0006C6E6132673D3078257800727063616C7F
:1049D00032673D307825780000000000000000724A
:1049E0007063616C356762303D3078257800000077
:1049F000000000727063616C356762313D3078256C
:104A000078000000000000727063616C35676232EC
:104A10003D30782578000000000000727063616C02
:104A2000356762333D307825780000000000007063
:104A3000613062305F6C6F3D2564007061306231BF
:104A40005F6C6F3D25640070613062325F6C6F3D5A
:104A500025640073623230696E3830616E643136BD
:104A60003025637235672563706F3D307825780097
:104A7000636464706F3D3078257800626F617264A2
:104A8000747970653D3078257800616E747377694C
:104A90007463683D3078257800626F6172646E756A
:104AA0006D3D25640072646C69643D307825780042
:104AB0007874616C667265713D2564006D61787013
:104AC00035676861303D30782578007278676169B4
:104AD0006E73256467656C6E616761696E612564DC
:104AE0003D25640075736273736D64696F25643D61
:104AF000307825782C307825782C307825782C3033
:104B00007825780073756264657669643D30782530
:104B100078007061316C6F62303D256400706131E6
:104B20006C6F62313D2564007061316C6F62323DA3
:104B300025640073746263706F3D3078257800726D
:104B4000786761696E65727235676125643D30789A
:104B500025782C307825782C307825782C307825DD
:104B600078007061316C6F6D61787077723D25648B
:104B70000070646F666673657425646D6125643DBD
:104B8000307825780074656D70636F7272783D259A
:104B900064006F66646D3567706F3D30782578000E
:104BA0007573626E6F73733D30782578006161357F
:104BB000673D3078257800637573746F6D76617228
:104BC00025643D307825780074785F647574795F6A
:104BD0006379636C655F6F66646D5F25645F3567DD
:104BE0003D256400757569643D25730075736264C5
:104BF0006573635F636F6D706F736974653D307863
:104C000025780074656D7073656E73655F6F707481
:104C1000696F6E3D25640070617064636170256426
:104C2000673D2564006C65676F66646D627732303E
:104C30003267706F3D307825780000006C65676FD3
:104C400066646D62773230756C3267706F3D3078B4
:104C500025780070646761696E2564673D2564008E
:104C60006D617870356761303D30782578006D6111
:104C70007870356761313D30782578006D63732534
:104C800064672563706F25643D307825780070680F
:104C90007963616C5F74656D7064656C74613D25EA
:104CA0006400706125646725637725646125643D30
:104CB000307825780063636F64653D30783000722A
:104CC000656777696E646F77737A3D2564006F66F8
:104CD000646D6C72627732303267706F3D30782568
:104CE0007800776F776C5F6770696F706F6C3D25C8
:104CF0006400616E74737763746C35673D3078253A
:104D0000780063636B3267706F3D3078257800748C
:104D1000726932673D25640063636B6277323032BB
:104D200067706F3D3078257800000063636B6277B1
:104D30003230756C3267706F3D3078257800697459
:104D400074356761303D3078257800697474356753
:104D500061313D30782578006D63736C723567255D
:104D600063706F3D307825780070646F6666736598
:104D700074326725646D76616C69643D307825789E
:104D80000072786761696E732564677472656C6E12
:104D9000616279706125643D256400626F617264AF
:104DA0007265763D307825780072617774656D7034
:104DB00073656E73653D3078257800757362737323
:104DC0007068795F75746D695F63746C303D3078BD
:104DD00025780075736273737068795F75746D6997
:104DE0005F63746C313D307825780075736273733E
:104DF0007068795F75746D695F63746C323D30788B
:104E000025780000000000006F66646D35676C70E7
:104E10006F3D307825780070613069747373697400
:104E20003D25640074737369706F7335673D307826
:104E30002578007278706F32673D25640074737353
:104E400069706F73736C6F70652564673D256400CE
:104E50007472693567683D2564006D616E663D2535
:104E6000730074726935676C3D2564006D6373620D
:104E7000773230356768706F3D30782578000000F4
:104E80006D637362773230756C356768706F3D3073
:104E9000782578006D637362773430356768706F9A
:104EA0003D3078257800000073726F6D7265763D35
:104EB0002564006C65676F66646D3430647570706E
:104EC0006F3D30782578006D6178703567686131A5
:104ED0003D307825780064657669643D30782578C2
:104EE0000072786761696E73256467747269736FA5
:104EF0006125643D2564006D61787035676C6130B3
:104F00003D30782578006D61787035676C61313D92
:104F100030782578006570616761696E2564673D4A
:104F20002564007770736770696F3D256400776F43
:104F3000776C5F6770696F3D256400727373697386
:104F40006D6635673D256400747269736F32673D25
:104F5000307825780074737369706F7332673D30F1
:104F6000782578007770736C65643D256400656C06
:104F70006E6135673D3078257800706135676277FE
:104F8000343038306125643D307825782C307825F0
:104F9000782C307825782C307825782C3078257846
:104FA0002C307825782C307825782C307825782C82
:104FB000307825782C307825782C307825782C306E
:104FC000782578006D63736277323035676D706F66
:104FD0003D307825780000006D637362773230755C
:104FE0006C35676D706F3D30782578006D63736246
:104FF00077343035676D706F3D307825780000006C
:1050000063636F64653D25632563006D6373627739
:1050100031363035672563706F3D3078257800492B
:105020006E76616C69642F556E737570706F7274F3
:105030006564207874616C2076616C7565202564E8
:1050400000726D696E00636C646F5F627572737479
:1050500000706C6C2564006C6E6C646F310072259E
:1050600064640072256474007874616C66726571A2
:10507000000000000C00000002001600020000000A
:1050800004000D000700000001000A0008000000F5
:1050900004000D000A00000004000D000D000000D7
:1050A0000100070017000000040004001B000000BE
:1050B000040001001C0000000100070000000000C7
:1050C00002000200010000000100010003000000D6
:1050D00002000200040000000100010005000000C1
:1050E00001000100060000000100010009000000AD
:1050F000010005000B000000010001000C00000091
:10510000020030000E000000010001000F0000004E
:10511000010001001000000001000100110000006A
:105120000100010012000000030003001300000052
:105130000100010014000000010001001500000042
:10514000010001001600000001000100180000002D
:105150000200130019000000020013001A000000F2
:10516000020013001D000000010001001E000000ED
:10517000010001000C00000002003000726D617837
:105180000000004B00079065000C1892000F6C7037
:105190006C646F310000000001000000000000009E
:1051A00000000000000000000200000000000000FD
:1051B00001000000000000000400000000000000EA
:1051C00003000000000000000800000000000000D4
:1051D00000000000000000001000000000000000BF
:1051E0000700000000000000200000000000000098
:1051F0005711000000000000400000000000000007
:105200001701000000000000800000000000000006
:105210005701000000000000000100000000000035
:105220000300000000000000000200000000000079
:10523000000000000000000000040000000000006A
:105240000300000000000000000800000000000053
:105250000704000000000000001000000000000033
:1052600057010000000000000020000000000000C6
:10527000D715000000000000004000000000000002
:10528000F7BDC20E0000000000800000000000001A
:10529000F73DC20E00000000000001000000000009
:1052A00000000000000000000000020000000000FC
:1052B000F73DC00E000000000000040000000000E8
:1052C000F73DC20E000000000000080000000000D2
:1052D000F73DC20E000000000000100000000000BA
:1052E000F73DC006000000000000200000000000A4
:1052F000F73DDA0E00000000000040000000000052
:10530000F73D0006000000000000800000000000E3
:10531000F73D400600000000000000010000000012
:10532000000000000000000000000002000000007B
:10533000D701000000000000000000040000000091
:10534000D70D000000000000000000080000000071
:10535000F73DC00600000000000000100000000043
:10536000F73DCA0E00000000000000200000000011
:10537000F73DCA1E000000000000004000000000D1
:10538000F73DFA3E00000000726567256400636C1B
:10539000646F5F70776D0063686970632564006295
:1053A0006F617264747970650070726F6469640013
:1053B000737764656E61626C65006770646E00622D
:1053C0006F617264666C61677300627463787761A1
:1053D00072666C616773007874616C6672657100E7
:1053E000626F617264726576006465766964006DEF
:1053F0007578656E616200776C30696400776C2542
:10540000643A2042726F6164636F6D2042434D25A0
:1054100073203830322E313120576972656C6573D4
:105420007320436F6E74726F6C6C65722025730A03
:105430000074656D705F74686F72745F6D6F6E6914
:10544000746F725F74696D650074785F6D696E6901
:105450006D756D5F647574795F6379636C650074F5
:10546000785F647574795F6379636C655F63636BA0
:10547000006167626730006167626731006167627F
:1054800067320074656D7062617365645F64757422
:10549000795F6379636C655F656E0061613000748C
:1054A000785F647574795F6379636C655F6F666458
:1054B0006D000000113382002534820000000000DE
:1054C000000000004E5652414D52657600736172E5
:1054D0003267006161326700204325430343214363
:1054E0002443184319431A431143134312431443EB
:1054F000154316431B431C431D43284329432A439A
:105500002B432C432D43414340435043514352438B
:10551000534357439DA9760554435F433F434F434D
:105520002F433443354336433743384339431647D3
:105530004847274743436043464347434843314333
:1055400032433343AA43584359435A43A94355432B
:1055500056436343804381438243644365436643C8
:1055600074436743A043A143A243AE43AF43B04358
:10557000AB43AC43AD43E343E443E543E243D043B1
:10558000D143D243BA43BB43BC43B143B243B34319
:10559000A343A443A543B743B843B943C043C1435E
:1055A000C243D343D443D543D643D743D843D94347
:1055B000DA43DB43DF43E043E143EC43ED43EE43B7
:1055C000E943EA43EB432243D6A867A868A89CA90D
:1055D000D8A89DA91343144386A83143A7A9DBA8E3
:1055E000D1A8DCA8A4A952AAC6A902AA31AA32AAA3
:1055F00074785F74656D705F746872657368006459
:10560000657669640031316E5F64697361626C65EF
:105610000061673000616B6D000000002994830019
:105620005DB78300059283000000000045338400CD
:10563000DD39840000000000000000007A62637819
:105640006763696770696F00616E74737763746C08
:10565000326700616E74737763746C356700776CC2
:1056600025643A646D6125640061613267006C7481
:10567000656378666E73656C006274635F6D6F64FA
:105680006500626F617264666C616773006D61636F
:1056900061646472006C746563787061646E756DCA
:1056A0000076656E646964007A626378666E73651D
:1056B0006C00627463786C657363616E007A626318
:1056C000787061646E756D00637573746F6D76616B
:1056D000723100637573746F6D766172320062743B
:1056E000635F706172616D732564006274635F66ED
:1056F0006C6167730062746378776172666C61676E
:105700007300626F617264666C61677332006C74FF
:105710006563786763696770696F00626F6172645F
:10572000666C6167733400626F61726472657600E3
:1057300064657669640073726F6D72657600627479
:105740005F64656661756C745F616E74006D6F6E29
:1057500069746F725F74696D655F6F7574006274F0
:105760006364796E5F64656661756C745F627463AF
:105770005F6D6F64650070726F7465637465645FFC
:1057800074696D655F6F75740062746364796E5FD0
:105790006D73775F726F77300062746364796E5FE8
:1057A0006D73775F726F77310062746364796E5FD7
:1057B0006D73775F726F77320062746364796E5FC6
:1057C00064736E735F726F77730062746364796E73
:1057D0005F636F65785F74776F5F616E7400747874
:1057E000635F6475725F7468726573680062746386
:1057F00064796E5F6D73775F726F77330062746385
:1058000064796E5F6D73775F726F77730062746334
:1058100064796E5F64666C745F64736E735F6C65ED
:1058200076656C0062746364796E5F627472737320
:10583000695F6879737465720070726F745F627407
:10584000727373695F74687265736800637473322E
:1058500073656C665F6475725F7468726573680007
:10586000616C6572745F74696D655F6F75740062F9
:10587000746364796E5F686967685F64736E735F91
:105880006C6576656C007266615F636F756E745FE0
:105890007468726573680062746364796E5F6D69C1
:1058A000645F64736E735F6C6576656C00627463CD
:1058B00064796E5F6C6F775F64736E735F6C65762F
:1058C000656C0062746364796E5F666C6167730017
:1058D00062746364796E5F64736E735F726F773046
:1058E0000062746364796E5F64736E735F726F7766
:1058F000310062746364796E5F64736E735F726F9C
:1059000077320062746364796E5F64736E735F7282
:105910006F77330073636F5F727373695F7468725C
:105920006573680063636F64650063630072656735
:10593000726576006576656E74710068733230004A
:10594000B1968600F196860061848600B184860057
:10595000B1968600F196860061848600B184860047
:10596000B1968600F19686002D8586009986860080
:105970000000000000000000000000000000000027
:105980002D8586009986860000000000000000003A
:10599000B1968600F1968600B1968600F196860053
:1059A000B1968600F1968600000000000D060F00FB
:1059B000000000000406300400000000020640065B
:1059C00072737369636F72726E6F726D00676C6170
:1059D0006369616C74696D65720063616C5F7065A9
:1059E00072696F64006C64706300747373696C69CE
:1059F0006D75636F640025732E6661622E256400E9
:105A000074656D70746872657368002E6661622ECD
:105A100000747870777262636B6F6600696E74658C
:105A200072666572656E636500676C697463685F52
:105A300062617365645F6372736D696E0032675F84
:105A40006367610072737369636F72726174746506
:105A50006E0070687963616C5F74656D7064656C0D
:105A600074610074656D70735F68797374657265D5
:105A70007369730072737369636F727270657272A7
:105A80006732670074737369666C6F6F7232670098
:105A9000766261745F616464007061706476616CE9
:105AA0006964746573740073776469765F6770699D
:105AB0006F5F31006D63733267706F3000737075A4
:105AC00072636F6E666967006D63733267706F3102
:105AD0000063636B64696766696C747479706500F0
:105AE00065755F65647468726573683267007265B6
:105AF000645F7278626C6F636B696E6700000100AF
:105B00006C094B0076011300323016000300417E11
:105B10000006000AD90327002500000091090000B3
:105B20006C090000000005035BE708003F581212F3
:105B30002F141F1F1F1F20512761000009603F7095
:105B4000020071094B007601130032301600030089
:105B5000417E0006000AD9032700250000009109B4
:105B6000000071090000000007030D8208003F5883
:105B700012122F141F1F1F1F2051276100000960E0
:105B80003F70030076094B00760113003230160097
:105B90000300417E0006000AD9032700250000000B
:105BA000910900007609000000000903BF1C0800ED
:105BB0003F5812122F141F1F1F1F20512761000072
:105BC00009603F7004007B094B00760113003230FE
:105BD00016000300417E0006000AD90327002500B5
:105BE0000000910900007B09000000000A0371B762
:105BF00008003F5812122F141F1F1F1F205127612A
:105C0000000009603F70050080094B007601130019
:105C1000323016000300417E0006000AD903270037
:105C200025000000910900008009000000000C031D
:105C3000235208003F5812122F141F1F1F1F2151FB
:105C40002761000009603F70060085094B0076015E
:105C50001300323016000300417E0006000AD9030B
:105C600027002500000091090000850900000000C0
:105C70000D03D5EC08003F5812122F141F1F1F1FD1
:105C800021512761000009603F7007008A094B001D
:105C900076011300323016000300417E0006000A30
:105CA000D903270025000000910900008A0900009F
:105CB00000000F03878708003F5812122F141F1F80
:105CC0001F1F21512761000008603F7008008F09E5
:105CD0004B0076011300323016000300417E0006AF
:105CE000000AD903270025000000910900008F0950
:105CF000000000001103392208003F5812122F142F
:105D00001F1F1F1F21512761000008603F700900FD
:105D100094094B0076011300323016000300417ED7
:105D20000006000AD90327002500000091090000A1
:105D30009409000000001203EBBC08003F58121247
:105D40002F141F1F1F1F21512761000008603F6093
:105D50000A0099094B007601130032301600030047
:105D6000417E0006000AD9032700250000009109A2
:105D7000000099090000000014039D5708003F58D7
:105D800012122F141F1F1F1F2151276100000860CE
:105D90003F600B009E094B00760113003230160065
:105DA0000300417E0006000AD903270025000000F9
:105DB000910900009E090000000015034FF2080041
:105DC0003F5812122F141F1F1F1F2151276100005F
:105DD00007603F600C00A3094B00760113003230CE
:105DE00016000300417E0006000AD90327002500A3
:105DF000000091090000A309000000001703018DB5
:105E000008003F5812122F141F1F1F1F2151276116
:105E1000000007603F600D00A8094B0076011300E9
:105E2000323016000300417E0006000AD903270025
:105E30002500000091090000A809000000001903D6
:105E4000B32708003F5812122F141F1F1F1F215184
:105E50002861000007603F600E00B4094B00760126
:105E60001300323016000300417E0006000AD903F9
:105E700027002500000091090000B409000000007F
:105E80001D035E0108003F5812122F141F1F1F1F11
:105E900021512861000007603F606D6178703267B2
:105EA0006130000001006C09340004010D00233052
:105EB0004F000300417E0006000AD90327001A00A4
:105EC0000000A20900006C0900000000B20827765B
:105ED00008003F5817173C191F1F1F1F3B5119611E
:105EE000000009603F7002007109340004010D00D8
:105EF00023304F000300417E0006000AD90327002B
:105F00001A000000A2090000710900000000B70893
:105F1000B11308003F5817173C191F1F1F1F3B5193
:105F20001961000009603F70030076093400040124
:105F30000D0023304F000300417E0006000AD90304
:105F400027001A000000A2090000760900000000E6
:105F5000BB083BB108003F5817173C191F1F1F1FF4
:105F60003C511961000009603F7004007B09340056
:105F700004010D0023304F000300417E0006000A9B
:105F8000D90327001A000000A20900007B090000C5
:105F90000000C008C44E08003F5817173C191F1FC7
:105FA0001F1F3C511961000009603F700500800906
:105FB000340004010D0023304F000300417E000631
:105FC000000AD90327001A000000A2090000800976
:105FD00000000000C4084EEC08003F5817173C1999
:105FE0001F1F1F1F3C511961000009603F70060010
:105FF0008509340004010D0023304F000300417E69
:106000000006000AD90327001A000000A2090000B8
:10601000850900000000C908D88908003F581717F3
:106020003C191F1F1F1F3C511961000009603F7080
:1060300007008A09340004010D0023304F000300DB
:10604000417E0006000AD90327001A000000A209B9
:1060500000008A0900000000CE08622708003F58AF
:1060600017173C191F1F1F1F3C51196100000860C2
:106070003F7008008F09340004010D0023304F00E9
:106080000300417E0006000AD90327001A00000021
:10609000A20900008F0900000000D208ECC408002B
:1060A0003F5817173C191F1F1F1F3C511961000053
:1060B00008603F7009009409340004010D0023308A
:1060C0004F000300417E0006000AD90327001A0092
:1060D0000000A2090000940900000000D7087662C1
:1060E00008003F5817173C191F1F1F1F3C5119610B
:1060F000000008603F600A009909340004010D00A7
:1061000023304F000300417E0006000AD903270018
:106110001A000000A2090000990900000000DC0834
:10612000000008003F5817173C191F1F1F1F3C5144
:106130001961000008603F600B009E0934000401F3
:106140000D0023304F000300417E0006000AD903F2
:1061500027001A000000A20900009E0900000000AC
:10616000E008899D08003F5817173C191F1F1F1F83
:106170003D511961000007603F600C00A309340025
:1061800004010D0023304F000300417E0006000A89
:10619000D90327001A000000A2090000A30900008B
:1061A0000000E508133B08003F5817173C191F1F54
:1061B0001F1F3D511961000007603F600D00A809D5
:1061C000340004010D0023304F000300417E00061F
:1061D000000AD90327001A000000A2090000A8093C
:1061E00000000000E9089DD808003F5817173C1927
:1061F0001F1F1F1F3D511961000007603F600E0007
:10620000B409340004010D0023304F000300417E27
:106210000006000AD90327001A000000A2090000A6
:10622000B40900000000F4084EEC08003F581717AE
:106230003C191F1F1F1F3D511961000007603F607F
:1062400070726F70627732303267706F0072636F96
:10625000725F61636900706D696E00706170646D7A
:106260006F64650063616C696478657374746172EE
:1062700067657432670063616C6964786573746222
:106280006173653267007061326761305F6C6F0007
:1062900063636B3267706F0063636B7363616C651C
:1062A0000074656D705F6D756C740070617064650D
:1062B00070736F6666736574006F66646D326770C5
:1062C0006F00706163616C69647832670073776432
:1062D00069765F73776374726C5F656E006F666476
:1062E0006D64696766696C74747970656265004194
:1062F00076566D6964495163616C0063636B6964D0
:10630000787063686F6666730074656D705F616452
:10631000640073776469765F6770696F006D63739B
:10632000627732303267706F0070617064656E64DE
:106330006964780001006C092600C0000A001A3068
:1063400080000300417E0006000AD90327001300E5
:106350000000B00900006C0900000000C70B00003D
:1063600008003F5817173C191F1F1F1F5051196174
:10637000000009603F70020071092600C0000A0099
:106380001A3080000300417E0006000AD90327006E
:1063900013000000B0090000710900000000CD0BDF
:1063A000004008003F5817173C191F1F1F1F51516D
:1063B0001961000009603F70030076092600C000E3
:1063C0000A001A3080000300417E0006000AD9034B
:1063D000270013000000B00900007609000000004B
:1063E000D30B008008003F5817173C191F1F1F1FB1
:1063F00051511961000009603F7004007B092600BB
:10640000C0000A001A3080000300417E0006000A26
:10641000D903270013000000B00900007B09000029
:106420000000D90B00C008003F5817173C191F1F68
:106430001F1F51511961000009603F70050080095C
:106440002600C0000A001A3080000300417E0006CA
:10645000000AD903270013000000B00900008009DA
:1064600000000000E00B000008003F5817173C191F
:106470001F1F1F1F51511961000009603F70060066
:1064800085092600C0000A001A3080000300417E02
:106490000006000AD903270013000000B00900001D
:1064A000850900000000E60B004008003F58171760
:1064B0003C191F1F1F1F51511961000009603F70D7
:1064C00007008A092600C0000A001A308000030075
:1064D000417E0006000AD903270013000000B0091E
:1064E00000008A0900000000EC0B008008003F5803
:1064F00017173C191F1F1F1F515119610000086019
:106500003F7008008F092600C0000A001A30800082
:106510000300417E0006000AD90327001300000093
:10652000B00900008F0900000000F20B00C0080055
:106530003F5817173C191F1F1F1F525119610000A8
:1065400008603F70090094092600C0000A001A3054
:1065500080000300417E0006000AD90327001300D3
:106560000000B0090000940900000000F90B0000D1
:1065700008003F5817173C191F1F1F1F5251196160
:10658000000008603F600A0099092600C0000A0068
:106590001A3080000300417E0006000AD90327005C
:1065A00013000000B0090000990900000000FF0B73
:1065B000004008003F5817173C191F1F1F1F52515A
:1065C0001961000008603F600B009E092600C000B2
:1065D0000A001A3080000300417E0006000AD90339
:1065E000270013000000B00900009E090000000011
:1065F000050C008008003F5817173C191F1F1F1F6C
:1066000052511961000007603F600C00A309260089
:10661000C0000A001A3080000300417E0006000A14
:10662000D903270013000000B0090000A3090000EF
:1066300000000B0C00C008003F5817173C191F1F23
:106640001F1F52511961000007603F600D00A8092B
:106650002600C0000A001A3080000300417E0006B8
:10666000000AD903270013000000B0090000A809A0
:1066700000000000120C000008003F5817173C19DA
:106680001F1F1F1F52511961000007603F600E005D
:10669000B4092600C0000A001A3080000300417EC1
:1066A0000006000AD903270013000000B00900000B
:1066B000B40900000000210C000008003F58171723
:1066C0003C191F1F1F1F53511961000007603F60D5
:1066D0006974737369636F72720073776469765F4C
:1066E000656E0065646F66667468643230756C0050
:1066F000696E69747869647870636800647373663E
:106700007468007473736974696D650063636B62A8
:106710007732303267706F007061706474656D70CD
:10672000007061326761305F3270777200696E6944
:1067300074786964780063636B7077726F666673F0
:10674000657430004176566D69645F63300074652E
:106750006D705F7100766261745F6D756C7400635B
:10676000636B696E6974786964780073726F6D72B7
:106770006576006F66646D64696766696C747479C8
:106780007065007061706474656D7062696173003A
:106790006C636E32305F6E6F69736563616C5F74DA
:1067A000626C5F656E0065646F6E74686432306C35
:1067B000006C65676F66646D627732303267706F48
:1067C000007061326761300074787077726F66664E
:1067D000736574326700706D617800766261745F12
:1067E000710006073F038A00000006073F0384008C
:1067F000000006073F038000000006073F037B0000
:10680000000006073F037700000006073F03720001
:10681000000006073F036E00000006073F036A0002
:10682000000006073F036700000006073F03630000
:10683000000006073F036100000006073F035C00FD
:10684000000006073F035A00000006073F035700F9
:10685000000006073F035400000006073F035100F5
:10686000000006073F034F00000006073F034D00EE
:10687000000006073F034B00000006073F034800E7
:10688000000006073F034600000006073F034400E0
:10689000000006073F034200000006073F034000D8
:1068A000000006073F033F00000006073F033D00CE
:1068B000000006073F033B00000006073F033A00C5
:1068C000000006073F033800000006073F033600BC
:1068D000000006073F033500000006073F033400B1
:1068E000000006073F033200000006073F033100A7
:1068F000000006073F033000000006073E032F009C
:10690000000006073C032F00000006073B032F0092
:10691000000006073B032D00000006073A032D0088
:10692000000006073A032C00000006073A032B007C
:10693000000006073A032900000006073903290072
:106940000000060738032800000006073803270068
:10695000000006073803260000000607380325005C
:106960000000060738032400000006073703240050
:106970000000060737032300000006073703220044
:106980000000060737032100000006073503210039
:10699000000006073503200000000607340320002E
:1069A0000000060734031F000000060732031F0023
:1069B0000000060733031E000000060733031D0016
:1069C0000000060731031D000000060732031C000B
:1069D0000000060730031C00000006072F031C0000
:1069E000000006072D031C00000006072B031C00F7
:1069F000000006072A031C000000060729031C00EC
:106A00000000060728031C000000060728031B00DF
:106A10000000060727031B000000060727031A00D3
:106A20000000060726031A000000060724031A00C8
:106A30000000060723031A000000060722031A00BD
:106A40000000060721031A000000060721031900B1
:106A50000000060720031900000006071F031900A5
:106A6000000006071E031900000006071E03190098
:106A7000000006071E031900000006071E03190088
:106A8000000006071E031900000006071E03190078
:106A9000000006071E031900000006071E03190068
:106AA000000006071E031900000006071E03190058
:106AB000000006071E031900000006071E03190048
:106AC000000006071E031900000006071E03190038
:106AD000000006071E031900000006071E03190028
:106AE000000006071E031900000006071E03190018
:106AF000000006071E031900000006071E03190008
:106B0000000006071E031900000006071E031900F7
:106B1000000006071E031900000006071E031900E7
:106B2000000006071E031900000006071E031900D7
:106B3000000006071E031900000006071E031900C7
:106B4000000006071E031900000006071E031900B7
:106B5000000006071E031900000006071E031900A7
:106B6000000006071E031900000006071E03190097
:106B7000000006071E031900000006071E03190087
:106B8000000006071E031900000006071E03190077
:106B9000000006071E031900000006071E03190067
:106BA000000006071E031900000006071E03190057
:106BB000000006071E031900000006071E03190047
:106BC000000006071E031900000006071E03190037
:106BD000000006071E031900000006071E03190027
:106BE0000000060F3FFF62000000060F3FFF5E003F
:106BF0000000060F3FFF59000000060F3FFF550041
:106C00000000060F3FFF51000000060F3FFF4D0040
:106C10000000060F3FFF4A000000060F3FFF47003D
:106C20000000060F3FFF44000000060F3FFF410039
:106C30000000060F3FFF3E000000060F3FFF3C0034
:106C40000000060F3FFF3A000000060F3FFF37002D
:106C50000000060F3FFF35000000060F3FFF330026
:106C60000000060F3FFF32000000060F3FFF30001C
:106C70000000060F3FFF2E000000060F3DFF2E0014
:106C80000000060F39FF2F000000060F3AFF2D000D
:106C90000000060F39FF2C000000060F37FF2C0004
:106CA0000000060F36FF2B000000060F36FF2A00FB
:106CB0000000060F35FF29000000060F35FF2800F1
:106CC0000000060F33FF28000000060F31FF2800E8
:106CD0000000060F30FF27000000060F2FFF2700DF
:106CE0000000060F2DFF27000000060F2EFF2500D5
:106CF0000000060F2CFF25000000060F2BFF2500CB
:106D00000000060F29FF25000000060F28FF2400C1
:106D10000000060F26FF25000000060F24FF2600B6
:106D20000000060F22FF26000000060F21FF2600AC
:106D30000000060F21FF25000000060F22FF2300A0
:106D40000000060F20FF23000000060F1FFF230096
:106D50000000060F1FFF22000000060F1FFF21008A
:106D60000000060F1CFF22000000060F1CFF210080
:106D70000000060F1CFF20000000060F1CFF1F0074
:106D80000000060F1CFF1E000000060F1AFF1F0068
:106D90000000060F1AFF1E000000060F19FF1E005C
:106DA0000000060F19FF1D000000060F18FF1D0050
:106DB0000000060F18FF1C000000060F16FF1D0044
:106DC0000000060F16FF1C000000060F17FF1B0037
:106DD0000000060F17FF1A000000060F17FF19002A
:106DE0000000060F16FF19000000060F15FF19001E
:106DF0000000060F14FF19000000060F16FF170011
:106E00000000060F15FF17000000060F17FF150002
:106E10000000060F16FF15000000060F15FF1500F5
:106E20000000060F14FF15000000060F15FF1400E8
:106E30000000060F14FF14000000060F14FF1300DB
:106E40000000060F15FF12000000060F12FF1300CE
:106E50000000060F13FF12000000060F12FF1200C1
:106E60000000060F11FF12000000060F10FF1200B5
:106E70000000060F0DFF14000000060F0FFF1200A8
:106E80000000060F0EFF12000000060F0CFF13009B
:106E90000000060F0DFF12000000060F0CFF12008D
:106EA0000000060F0BFF13000000060F0CFF11007F
:106EB0000000060F08FF14000000060F09FF130072
:106EC0000000060F08FF13000000060F0AFF110064
:106ED0000000060F08FF12000000060F07FF130056
:106EE0000000060F08FF11000000060F07FF120048
:106EF0000000060F07FF11000000060F05FF13003A
:106F00000000060F08FF0F000000060F09FF0E002B
:106F10000000060F08FF0E000000060F07FF0F001D
:106F20000000060F04FF11000000060F05FF10000F
:106F30000000060F03FF12000000060F04FF100000
:106F40000000060F01FF14000000060F02FF1200F0
:106F50000000060F01FF13000000060F02FF1100E2
:106F60000000060F01FF12000000060F02FF1000D4
:106F70000000060F01FF11000000060F01FF1000C6
:106F80000000060F01FF10000000060F01FF1000B7
:106F90000000060F01FF10000000060F01FF1000A7
:106FA0000000060F01FF10000000060F01FF100097
:106FB0000000060F01FF10000000060F01FF100087
:106FC0000000060F01FF10000000060F01FF100077
:106FD0000000060F01FF10000000060F01FF100067
:106FE00000007261746573656C007374660063639E
:106FF0006B5F6F6E65636F72655F74780074656D4B
:1070000070735F706572696F64007478636861693A
:107010006E007278636861696E0073776469765F89
:10702000736E727468726573680073776469765FF3
:1070300074785F7765696768740073776469765FF1
:10704000736E726C696D0073776469765F737763D2
:1070500074726C5F6D61736B0073776469765F63E4
:10706000636B736E72636F72720073776469765FBD
:1070700073776374726C5F616E74300073776469E8
:10708000765F73776374726C5F616E7431007377CF
:107090006469765F77656967687400737764697699
:1070A0005F736574746C650073776469765F656E91
:1070B0000073776469765F72785F706F6C6963796B
:1070C0000073776469765F63656C6C5F706F6C6981
:1070D00063790073776469765F73776374726C5F4A
:1070E000656E0073776469765F74687265736800B3
:1070F00073776469765F6770696F5F310073776477
:1071000069765F63636B6E6F6973656573746C69D1
:107110006D0073776469765F6C6F673261766700C4
:1071200073776469765F6770696F007377646976F7
:107130005F74785F706F6C696379007377646976E8
:107140005F74696D656F757400616E746469765FF4
:1071500072737369646966667468726573680077D0
:107160006F776C5F6770696F00776F776C5F6770C0
:10717000696F706F6C00000073B54369164600229A
:107180002F2B04460D46019208DD332B06D0134603
:107190000121E2F3D9F183059B0D07E00021204690
:1071A0000A46E2F331F2064B03401B0C1B02204659
:1071B000336001A92A4600F005F801987CBD00BFA4
:1071C0000000FF03F8B504460E461546E5F380F5CA
:1071D00040F61201002207462046E6F31BF3204644
:1071E000E5F37EF520463946E6F322F3024B3360A1
:1071F0004FF4C8632B60F8BD4C6403000B46C06FAE
:1072000011461A46FFF7B8BF10B501210446C06FFA
:10721000E2F35CF2E06FE6F337F3002010BD37B520
:107220000024694601AA054600940194FFF7E6FF91
:107230009DE806000346284624F052DC20463EBD69
:1072400038B50446C06FE2F3D3F148B12046FFF7EA
:10725000E6FF054638B92046FFF7D6FF284638BD79
:107260004FF0FF3038BD002038BD2DE9FF41074603
:107270004FF4B6700E4615469846E0F36BF404469C
:10728000002832D000214FF4B672DBF34DF40A9B94
:107290003846009304F18003019304F184030293C0
:1072A00031462A464346F2F7F1FBE067C0B10123BD
:1072B000637440F612010022E6F3ACF20C210022C6
:1072C000C4F88800E06FE5F3F7F42046F5F722FFF5
:1072D0002046FFF7B5FFE06FF2F780F9002500E0E8
:1072E0000B252046E0F348F400E01E25284604B0B4
:1072F000BDE8F081CDAB000001BC600300104E037F
:10730000BFDE02F00E5C0280C12700000403BFDE76
:1073100002F0105903A85E02F0001203A65E02F00C
:10732000001202825E5300001202855EAF0000125E
:10733000020200BF00000F03A85E02F000120282EA
:10734000DEBB0000120282DEB300001202845EB7D0
:1073500000001202845EB3000012028600C7000023
:1073600012028480C300001201BC63FF1FF04000C2
:10737000008000000000035B5E02F0001401BC60AE
:107380001300104300015E02F0000000025E02F0F4
:10739000182C020200BF0000B402045EFF00001BB4
:1073A000006B446556801B01846002F7F7BF01BC87
:1073B0006003000AA600025E02F012370202DEFF3E
:1073C000000020006B44655520200182E002F7F7A1
:1073D000BF03BFDE02F006C30201AC7B0000250044
:1073E000E844656177A101BC607F0817A2006D5E6B
:1073F00086F4402500A82C7B010B1E00682B4F0053
:10740000002A0280DEFF0000B4006B44655A60B4BD
:107410000184E006F577AB00025E02F0159B0204E2
:1074200080C700002C028180C700002E018060020E
:10743000F7F7BF01BC6003000ADA00902BE300D726
:10744000A200E02BDEF457A3006D446AF460320022
:10745000B02BD7000AF001876002F7F7BF00682B56
:10746000BF00003A00E944655DF7A300E8C4695E27
:1074700077A20068DE8B00003A006DDE8D5E003A78
:107480000286ABD300003A01876006F7F7BF020718
:10749000DEFF00003F00E844655A37A2006D5E89B8
:1074A0005A003F0187E002F7F7BF01BC6003000A02
:1074B000D100682C6F00004501BC61F70017A100E6
:1074C000E844656377A2006D5E8AF4204501BC60E4
:1074D00003000B1B00A82C7B002B1E00682AE70072
:1074E000005100E844655737A1006DDE8556404CD9
:1074F00000682B2300005100E844655917A1006D76
:10750000DE8556404E03BFDE02F0005101BC600331
:10751000000ABA01BC6003000AB901BC6003000A9A
:10752000C801BC6003000AC000A82C7B004B1E02EF
:1075300002DEB30000540200420300005400025E69
:1075400002F00D2F0203C57300005702845EB300E2
:1075500000B40068AAEF0000B40284DEB70000594E
:10756000020180C700007900B02AAB0017A2028098
:107570002BD300006000B02B030017A1006DDE8547
:107580005BE0AB00685E8700006000682BE70000EE
:107590006000B02BE70017A200682AEB000066002D
:1075A000E844655757A101856006F5D7AE006DDE4A
:1075B00086F440AB00E05E8554F7A1006DDE86F4F2
:1075C00040AB01856002F5D7AE0202DEBB00007958
:1075D00000682A9B00007900E8446555D7A100E0C7
:1075E0002A9B0157A2006EDE86F440720182E002FF
:1075F000F5D7AE0181600163CB1E01BC6003000AB8
:10760000EA01BC6003000AA601BC6003000AE503AE
:10761000BFDE02F00079006EAA9AF4207800E82A12
:107620009AF437A100902A9B0037A2006E2A9EF49C
:10763000407700B02A9F0017A20069DE86F44079E7
:1076400003BFDE02F000AB0284DEB700009E0288BA
:1076500081AB00009C02045EB70000B4020480C746
:1076600000008500682AF700208500682AF700805E
:107670008500682ADF00008400682AF702E08200A3
:1076800068AAF708608400E844655637A1006D5E7B
:107690008556E0B402005EFF00009C028080BF00BF
:1076A000009C00682B2300008B02802BD300008BF2
:1076B00000B02B2B0017BB006E2B02F760B403BF8A
:1076C000DE02F0009C0205DEB700008E00682AF79B
:1076D0000860B403BFDE02F0009C028400C7000013
:1076E00090028600C700009200682AEB00009C020E
:1076F000812C2700009C00E844655637A10206ABA8
:10770000D300009600E845C95AF7A203BFDE02F095
:10771000009700E845895AF7A20286ABD300009A89
:1077200000E85E86F457A10069DE8557009C006C76
:10773000C4655660B402855EB70000B400025E0204
:10774000F015BE03BFDE02F000B40285ABD300002B
:10775000A50206ABD30000A301BC63FF1FF7A10085
:107760006845C6F4209C03BFDE02F000A501BC639F
:10777000FF1FF7A100684586F4209C0203C5730033
:1077800000AB02855EB70000AB020100C70000B489
:10779000006B44655680B40020E3FE1460B402829E
:1077A000DEBB0000B402022C270000AE0282DEBB6A
:1077B0000000AE03BFDE02F0009C028881AB000037
:1077C000B40282DEB30000B4028080BF0000B402C5
:1077D00084DEAF0000B402825EBB0000B400025E33
:1077E00002F015EE018060020D906C03595E02F00C
:1077F00000B603D85E02F000B703D8DE02F000B88E
:1078000001BC618300112900B0007B00112B01BC79
:10781000630300112303125E02F00CB003975E02B3
:10782000F00D4303D05E02F0039403D0DE02F006B5
:107830003D03D5DE02F00C6203915E02F006980370
:1078400096DE02F00C5D0288C17300012303C45E62
:1078500002F0081003C75E02F0083403DCDE02F019
:10786000163503AA5E02F008A40386DE02F00CA11E
:107870000287C037000CA103835E02F00A500206A3
:1078800080C70000D00202B0E70000D0006C30EEEC
:107890002320D00182E001872C3901BC607F1FF7D3
:1078A000A201E05E8A1070830391DE02F0072002DD
:1078B0000680C7000107020601AB0000E3020030AA
:1078C000E70000E30068DE4B0620E302004203000D
:1078D00000E3028445230000E30280B0E70000E3F8
:1078E000006E45170020E301BC600300108000A873
:1078F000412300F04803D0DE02F000DC03D05E023A
:10790000F000DD03D5DE02F000DE00E001DF002044
:10791000770180E005872C3901BC6003000C3A0038
:10792000025E02F0180700025E02F0181B020E0150
:10793000AB0000F0028445230000F0020130E700B4
:1079400000F000E001E300207801816001872C391C
:107950000180E001872C39010C81430017A60068E3
:10796000DE9B0060ED01BC6003004C3A03BFDE0209
:10797000F000EF0068DE9B0040EF01BC6003002CCC
:107980003A00025E02F01807020681AB000107020E
:107990000230E70000FB028042030000FB02844546
:1079A000230000FB03915E02F0069800E001EB006B
:1079B000207A0180E005872C3901826001872C390B
:1079C00001BC6003000C3A00025E02F018070002DE
:1079D0005E02F0181B0201B0E70000FE006C30F2FE
:1079E0002320FE0181E001872C39020330E70001EA
:1079F00007006C30F623210701836001872C3902D0
:107A000000420300010700685E4B04410500685E08
:107A10004B00410503BFDE02F00107018260060949
:107A2000104801BC600300114503C2DE02F00D0ADC
:107A300000025E02F0123603D4DE02F007B903A39F
:107A4000DE02F0000203C85E02F005FB0204DEB3B2
:107A5000000110020145230001100184E002F597A6
:107A6000AC00025E02F006370201C52300011201DC
:107A700087E002F577AB00025E02F00EAF00025E17
:107A800002F0117702182E2700011600025E02F0A4
:107A9000118A03A25E02F0012003565E02F0011D6E
:107AA00001866006091048031F5E02F0011D006A8E
:107AB0005E2300011C00B0002700178800E85E2349
:107AC00000378803A65E02F0018E00025E02F0110C
:107AD000F80028600E08E1B403C4DE02F00D7A005D
:107AE00020C2030021BC03BFDE02F0020D03815E51
:107AF00002F001250300DE02F000C30188E0020B62
:107B0000905C03BFDE02F00391028740630001270F
:107B1000018EE00EF4301802874063000129000254
:107B2000DE02F000000287406300012B00B05E8B94
:107B3000001019018EE00AF430180002DE02F00095
:107B40000001BC606300107B01BC601B00107A0167
:107B5000AC607EF47075028741D70001320002DE0E
:107B600002F0000001BC606300107B01BC601B00E0
:107B7000107A01AC60BEF47075028741D7000137FE
:107B80000002DE02F0000001BC606300107B00B068
:107B90005E8B00107A01AC607EF43075028741D7AD
:107BA00000013C0002DE02F0000001BC6063001036
:107BB0007B00B05E8B00107A01AC60BEF4307502C1
:107BC0008741D70001410002DE02F0000001BC60E5
:107BD000030280060280DE0700014D01DA6002F038
:107BE000178002085E0700016101BC60031E17A137
:107BF00000E05E02F4306501BC60031C17A100E0E8
:107C00005E02F4306401BC600300281103BFDE0291
:107C1000F0016701105E030017A101035E03001766
:107C2000A200E05E86F457A100885E870037A200BC
:107C3000E05E86F457A100E0015AF430630286004A
:107C4000C300015800B0560B00106200B05403008E
:107C5000106201BC600300281103BFDE02F001695D
:107C600000B0418F0010620109DE030017A1006817
:107C7000DE8700415C00E05E870037A100885E87F8
:107C80000057A100E05E8504B7A100E05E8703C055
:107C90000601BC600300481103BFDE02F001690168
:107CA000BC60070217A100E05E02F4306501BC6011
:107CB000070017A100E05E02F4306401BC60031805
:107CC000000601BC600300081100B05A03001062F6
:107CD00000B058030010630002DE02F0000001BC97
:107CE000600306379201BC63FF1FF0C301BC600351
:107CF0001890E301BC60FB1C10E501BC6003005060
:107D00001000B0404300180000B040470010E700EA
:107D100002DE02F0000000E840330097A100B0400E
:107D20000B0017A3006D5E86F4617700905E8F00F4
:107D300037A303BFDE02F0017800905E870037A30F
:107D400001BC601B0437A100E05E8EF437A301F094
:107D500041970017A1006DDE86F4618C0287C19700
:107D600000018001385A030017A1013C5A03001793
:107D7000A203BFDE02F00182013C5A030017A101F9
:107D8000385A070017A200685E86F4818700D85E23
:107D90008B0037A200E14196F4506500E1C19700E5
:107DA000306503BFDE02F0017A00D85E8B0037A297
:107DB00000E14196F457A100E1DE870037A101F010
:107DC0005E870017A1006EDE86F4618D01BC63FF43
:107DD0001FF7A40002DE02F00000020681AB0001E2
:107DE0009001826001872C390020E38E0900020394
:107DF0001EDE02F00196039F5E02F0019601BC6058
:107E0000430117A100A84122F4304803BFDE02F06D
:107E100000020208411F00019301816005610B0807
:107E200000025E02F00D2F00B000AB00108600B023
:107E3000016300108A00025E02F0107301BC60034F
:107E400004179200B0003B00111D0190600609105C
:107E50004803A1DE02F001AE0181E00609104801ED
:107E6000BC600300904201BC600300112D039EDE44
:107E700002F001B101846002F2979400B04517004E
:107E8000178F00B05E170017900200441F0001AA70
:107E9000018560020910480181600700104701F068
:107EA000DE0F0037A1020400BF0001AD01F084C75E
:107EB0000037A100A044B6F43145039EDE02F00174
:107EC000B101BC613712B08003BFDE02F0000200D6
:107ED000A044B42A314501BC612712708003BFDE83
:107EE00002F000020020E082090002010CDE5300D3
:107EF00017A101885E8700104701BC600300504253
:107F00000108411F0017A1018CDE86F2979403BF80
:107F1000DE02F000020002DE02F000000020E07E3F
:107F200009000200025E02F012020283C21F00007A
:107F300002020280F30001C600B044670017A101ED
:107F40007C5E862357A302835EFF0001C500E0002C
:107F5000FAF4682901836006F7F7BF006BDE8D0530
:107F600021CA0206D0030001CE00E950862337A1C2
:107F700000E8D08A2357A20069DE8B0001CE000200
:107F80005E02F00D2F0191601684F42700E020A717
:107F900000882903BFDE02F0036E00025E02F003D8
:107FA00071020400BF0001D603945E02F0000200DB
:107FB00020C28F06000200A0428F01F78000685E99
:107FC000002DC00200025E02F00D2F03BFDE02F0A2
:107FD00000120201C28F000002011400630017A109
:107FE00000685E8700600200025E02F00D2F0194BF
:107FF000600F00001800025E02F001DD03BFDE0228
:10800000F00012011400630017A100B05E87001099
:10801000A501BC60131B906000685E870001E4004E
:10802000E0418306D06000E85E870037A103BFDE31
:1080300002F001E0028050C30001F20187600403F6
:1080400010A000B000630010B400B042D3001800CC
:10805000008841830030B601BC60030B10B500B04E
:10806000006300B0B40317DE02F001EB0397DE02F9
:10807000F001EC018060068614300068D0D3000166
:10808000F20068D0D70001F200B044670014340059
:10809000B0446B0014350002DE02F000000020E066
:1080A0001280420C018760040310A000B00063003E
:1080B00010B401BC60030E10B500B0006300F0B452
:1080C00001BC60570310B600B000630010B401BCDF
:1080D000600302D0B50207500B00020901BC600327
:1080E00003D0B5018E6002F297940204500B000297
:1080F000020204D00B00020201866006F29794008F
:10810000E042D700D0B500A0500B1117A10068DEE7
:10811000871102080186E006F2979400E042D7003A
:1081200050B50207D00B00020800E042D70090B51E
:1081300000B042D70011E100B0006300B0B40317F3
:10814000DE02F0020A0397DE02F0020B0002DE02FA
:10815000F00000006820C3000210006CC465060037
:108160001201BC6003000830006820BB000216004A
:10817000B044670017A2006C446988A215006B44E4
:108180006988A012006EDE8905E01201BC60030060
:10819000082E0020E0BE090002020681AB00021A90
:1081A0000281B0E70000020280B0E7000002039005
:1081B0005E02F0001203A25E02F0022C00025E02D8
:1081C000F01163020200BF00022B0284DEAF000246
:1081D0002302045EB700022B00025E02F015690262
:1081E000045EB700022B03BFDE02F0000202045E51
:1081F000B7000226020480C700022B02805EFF0047
:10820000022B00025E02F0150D0206ABD300022A1B
:1082100002052C2300022A03BFDE02F0022B03BF5B
:10822000DE02F0000200025E02F012020200421FB3
:10823000000243006842F300022F006D42F3006227
:1082400043011400630017A100B05E870017A2036A
:10825000A25E02F0023703145E02F00245006EC413
:108260005680624502814523000245006E5E87000C
:10827000624301BC60030077A200886006F457A344
:1082800000885E8B01001800E85E8B0037A200209A
:10829000C28EF4623D006ADE86F4423703BFDE021E
:1082A000F00243020400BF00026F0090006301016E
:1082B00065008085970217A100E064820DA1660029
:1082C000025E02F011DF03BFDE02F0026F01826086
:1082D0000209104803BFDE02F0000201BC60030087
:1082E000111500B0017F0017A6031F5E02F00254B3
:1082F000020300C300024A0020C28F02024E03257F
:108300005E02F002540020C28F02024E00688153C8
:10831000FFE01203BFDE02F0025001946013000080
:108320001803BFDE02F0026F039EDE02F00253006C
:1083300068DE980BC2530201411F000F25018560C2
:108340000209104800685E980BC25800695E9F00E1
:1083500062720298428F00025803BFDE02F002727E
:108360000201411F000F25020400BF00025F021836
:10837000428F000F2500025E02F011C100025E0272
:10838000F011DF0194058700001803BFDE02F00240
:108390006F0200150B000268020016BB00026B00A2
:1083A000B014970017A10068DE84B2226800B014F0
:1083B0009B0017A10068DE84B2426800B0149F00E1
:1083C00017A10068DE84B26268029E14E700026BA7
:1083D0000201C28F00026D0194600F00001803BFFC
:1083E000DE02F0026F0201C28F00026D01806006A2
:1083F0000D906C0200C28F000F25019460070000F1
:108400001800025E02F001DD020400BF0002A103B9
:10841000BFDE02F002A101BC600318106001295008
:108420000B00179200B0017B001065006800EB00A4
:10843000027A00885A130117A100E84466F437A1B4
:10844000006EDE8407427A03BFDE02F007B20190BD
:1084500060120910480194601F00001801085A0FAB
:1084600000178101885E0681540A01345A0F0017F3
:108470008000025E02F0014300B0017B0010650045
:10848000B056230017A100E05E86A097A100E85E29
:108490008400F40300E85E8400F41600B05A030080
:1084A000141300B05A0700141400B05A0B0014152E
:1084B0000068DE0700429200E800970057A101BC67
:1084C0005E86F0141B017C5E8700F41C00B0204720
:1084D00000178100025E02F0108400B0017B0010E2
:1084E0006501085A0F00178100B05E8700141E0353
:1084F000BFDE02F0029500B0561700141B00B05604
:108500001B00141C00B0541300141E00B0501300C4
:108510001086006D00A700829B0190016300108A05
:1085200000B0418F00106200025E02F0160200B03F
:10853000422B00140601BC60031817A1006DC18C0A
:1085400020029E01BC60030297A100E05E840377D5
:10855000A100E05E86B0111D03BFDE02F00337020A
:108560000300C70002B1020CD0030002B1011400E5
:10857000630017A1028500630002B10080DE87015D
:10858000F7A201BC601B1857A200E05E8A0DB0651F
:1085900000B041970014320080DE8700B7A201BC12
:1085A000601B15D7A200E05E8A0DB06400B0419355
:1085B0000014330068D8130002BF02005A1B0002E7
:1085C000B30180600684F42703BFDE02F006C30215
:1085D00001D0030002B300B0509B00142F0281D0E1
:1085E000C700036B00025E02F00371010BD00300B1
:1085F00017A1013C502B0017A2018C5E86F457A1F5
:10860000014801430017A2010C81430017A3006831
:108610005E8F0022BC018CE0000A17A200685E8613
:10862000F442BF0191601284F42703BFDE02F0031D
:108630006E00025E02F001F300B0501300108600DD
:10864000B0501700108A03A25E02F0030B020CD098
:10865000030002DE020300C70002DD00B050CB00C1
:10866000106500025E02F01698020350C70002CBAC
:1086700001BC60230097A100A85002F4340003BF9E
:10868000DE02F002E2020481AB0002CD006D424640
:10869000C0801200B05A1300178000025E02F00181
:1086A0004D00B0540F00141E00B05A070017A1006F
:1086B000B05A1300178001875A16F0178000B04196
:1086C0008F00106500025E02F0160B00E05E86A0CF
:1086D000740302875E030002DC0109DE030017A3B6
:1086E00000E05E8B0077A200E05E8AF477A200884B
:1086F0005E8B0037A100E05E86F4508903BFDE0286
:10870000F002E2006D424A84801201065007001711
:10871000A1028CD0030002E100685E870002E20142
:1087200082DE86863431018260028634310020D0B8
:10873000030402E800B0504F0011F200B0505300A3
:1087400011F300B050570011F401BC60030091F028
:10875000020601AB000304020150030003040206F9
:1087600001AB00030403A25E02F00304028030E7C1
:1087700000030401806005872C3900E001E7002038
:108780007901BC60430890E600025E02F0016A01D4
:10879000BC60031910E401BC600300000601BC606A
:1087A0000301D78201D2DE0877F0E000B00F0300AA
:1087B00010E100B0004700108600B00F1F00108AC3
:1087C00001BC600300378100025E02F0107000B04F
:1087D000059B00106400E8581A28F14500B0058B8D
:1087E000001064006A4516C082FF00025E02F010AD
:1087F00095006E451700430101BC6003005145011F
:10880000BC60030010BB01BC610303B08003BFDE8A
:1088100002F0001203945E02F0030B020650030004
:1088200003070287DEAF00030B028150030005DC63
:108830000202D0C700030A0208502B00030B028576
:10884000D0030005F3019060128634310110500707
:108850000017A60068DE9B004317013A5007001777
:108860008000885E0300778000E000AEF0106400B6
:10887000B05E0700081301BC602306D78100E04109
:108880008301706300E0418F00B06500025E02F07A
:1088900010AB00B0204F00178103A25E02F003234B
:1088A00000B0500F0011160202D0C700031B00B029
:1088B000505B0011160282D003000323028147C3DC
:1088C00000031C0280504F000321002047C73F8354
:1088D000230020C7DB00C36D03BFDE02F0032303C8
:1088E000A55E02F003230280C7DF00036D028850FB
:1088F000C700033F0129500B001792020300C70075
:108900000330020CD003000330028350C700033051
:1089100000B050CB00106501385A13001780018257
:108920005A17005781010E5A130017A1018E5E8657
:10893000F037810202D0C700033F00B0501B001087
:108940008A03BFDE02F0033F0282D0C70003370173
:10895000385027001780010850130017810102507A
:10896000130017A101825E86F0378100B0507F00AE
:10897000108903BFDE02F0033F0138506F001780FB
:108980000108502B0017810106D0070017A10182B2
:108990005E86F0378100B0501B00108A00B0508313
:1089A000001089010E50730017A1018E5E86F0370A
:1089B0008100025E02F0014300025E02F0107001CD
:1089C00002421B00178101825E0502378100025EB0
:1089D00002F01084020680C700034B010C814300A3
:1089E00017A60068DE9B00634900885E870057A1D8
:1089F00003BFDE02F0034B0068DE9B00434B0088A0
:108A00005E870037A100E05E840117A101D9DE87EF
:108A100000108301BC613703B79100685E4B02838D
:108A20007F020400BF000352028750030003520379
:108A3000945E02F0035303225E02F003600206819B
:108A4000AB00035E00685E4B04435700685E4B005A
:108A5000435703BFDE02F0035E00E001EF00207B1E
:108A600001BC600302914501836005872C3900E059
:108A700044670A0C3D018C600E1770BB01BC61039A
:108A800002308003BFDE02F0000201BC610300304F
:108A90008003BFDE02F0000201BC613303B7910224
:108AA000850063000366009000630097A100E06406
:108AB00082F43065006E5A130023660188E006F2E6
:108AC0003791020601AB00036A0068DE4B05A36A1A
:108AD00001BC610300308003BFDE02F0000203BF6F
:108AE000DE02F0037F0191600E84F42703BFDE02F3
:108AF000F0036E0191600684F42701BC600300104E
:108B0000B40181E00686343103BFDE02F006C30102
:108B10001C508F0017A10080DE870197A200E001A2
:108B20005E0DB06502805A7F00037E02815A7F008D
:108B3000037A0203DA7F00037E00685A8700037E0F
:108B400000886006F437A100201CBAF4237E0002DE
:108B50005E02F00D2F0191601E84F42700015E0279
:108B6000F0000003BFDE02F0036E0002DE02F00040
:108B70000003C4DE02F00D7A0206500300038702F0
:108B800007DEAF00038701BC610300379102075085
:108B90000300038501BC620300F79100E0010B00B4
:108BA000204203BFDE02F0038801BC6003002042C4
:108BB00000B05E47001080020400BF00039000B0C8
:108BC000058B001064006E45170000020068DE4B44
:108BD00002838F00A044B42A314503BFDE02F000B7
:108BE0000200025E02F010950068C5170000020343
:108BF000D05E02F0039400025E02F0109503BFDE27
:108C000002F00002020601AB0003970068DE4B058C
:108C1000A39701806001872C39020E01AB00039AF3
:108C20000200B0E700039A01816005872C3900E15A
:108C30000DB228E36C00E08DB700036D0183600284
:108C4000F7F7BF01BC600300900400A84123301077
:108C50004801BC620F0011E001816002F5D7AE024D
:108C60000200BF0003B80068DE4B0203A400025EEE
:108C700002F017BA0068DE4B0623B802045EB300A8
:108C800003B80206ABD30003A90204C5AF0003B8C2
:108C900003BFDE02F003AA0200456F0003B800E83C
:108CA00044655637A100E82A96F437A100695E872B
:108CB0000823B80206ABD30003B2006BAC422323F7
:108CC000B100E04467014B100183E0022B915C038B
:108CD000BFDE02F003B80183E0022B915C01BC60AF
:108CE0000318517800B045E3001800018360022F9B
:108CF000317900A84138F9D7A100B05E84FE704EEA
:108D00000187E002F577AB0068810B0023BB00B060
:108D100044670000430182E00609104800A841B3FF
:108D200010906C018260062891440188E0020B904B
:108D30005C00025E02F012360185E002F7F7BF0226
:108D400088421B0003C30185E006F7F7BF035B5EA3
:108D500002F003C501BC601300104301BC600300B6
:108D6000108501BC60030010B8008850770090B9EE
:108D70000208502B0003CC013850730017A1017C6E
:108D8000506EF437A100885E870090B9020047A3B7
:108D90000003D001BC60030011EA009042E700919B
:108DA000EB00B047A300D1E8020047B30003D201B3
:108DB000B0E08E3D91EC01D2E00210908403A95EF8
:108DC00002F004FD01BC600300108400E001C30058
:108DD000207000B04467000C0D00B0446B000C0E16
:108DE0000320DE02F0044B00685E4B18A3E300682A
:108DF000DE4B0783EC01BC63FF1F708401BC600382
:108E000000F085013813630010B500E042D700D0B0
:108E1000B501BC60030010A601BC602314D0B400EF
:108E2000E013570024D503BFDE02F004930184E071
:108E300006F597AC01BC60FF1FF08400025E02F0F3
:108E4000042801BC60030010B401BC60030010A63C
:108E500001BC600302D0B501BC602304D0B400E0C3
:108E6000135B0024D603BFDE02F004930181600689
:108E7000F5B7AD0068DE4B04A3FF0203DEBB0003C1
:108E8000F100E02E0B00106503BFDE02F003F201DB
:108E9000BC602301106500A05E7FFE10EC00B05A9C
:108EA000030010ED00B05A070010EE00B05A0B009E
:108EB00010EF00B05A0F0010F001BC63FF1EF084E9
:108EC00001BC600300308501BC60030010B401BC2C
:108ED000600301D0A601BC60030450B501BC60234F
:108EE00004D0B400E002AF0020AB03BFDE02F00408
:108EF0009301BC61FF1FF08401BC6003001085007A
:108F000068DE4B05240701BC60030010B401BC609F
:108F10000B0B50A601BC600302D0B501BC6023045A
:108F2000D0B403BFDE02F004130068DE4B02441E1F
:108F300000B030670010840285C38F00040B00E08E
:108F40005E2700378901DA5E270010EE01BC63FF5F
:108F50001FF0CE01BC60030010B40080E021831834
:108F60000000E069820DB0A601BC600303D0B5012A
:108F7000BC602304D0B400E001D3002074018460FD
:108F8000070011E00282DEB30005BC02045EB300FC
:108F900005BC0181E006F5D7AE0183E00609104863
:108FA00000B0412300180001BC600306B78E0188A1
:108FB000204610D78100025E02F0108400885E8790
:108FC00000708303BFDE02F005BC01BC60031FF02C
:108FD000840103DE530017A200680ECF00042300B3
:108FE000B00ECF0017A200901CBAF457A202005E88
:108FF000FF00042501BC60030037A200682B4F006E
:10900000042701BC60030037A201865E8A1C70E35E
:10901000006AC39300043100E8439000D0E40202E8
:10902000421B00042F0090001B0037A10020421BB0
:1090300000442E00B020970017A100E04392F430C6
:10904000E40069C39300043101BC60030010E40034
:10905000682B4F00043300E043915B30E401BC60B7
:10906000030010B401BC60030010A601BC60030241
:1090700010B501BC602304D0B400685E4B06A4495F
:1090800000E001CB002072020681AB000493028055
:10909000B0E70004930203B0E700049301BC60074B
:1090A00004F7A60288421B00044101BC600F0017B0
:1090B000A60282421B00044101BC60170017A601F2
:1090C0000C81430017A50068DE9700644400885EA9
:1090D0009B0037A600E04466F4CC3C0181E00587A4
:1090E0002C3901826005872C390183E001872C39F6
:1090F00003BFDE02F0049300E001CF00207303BF42
:10910000DE02F0049303205E02F0049A0181E00283
:1091100009104800E001D7002075031EDE02F004AC
:109120007A01BC60030017A2006A5E2300045301A9
:1091300002428F0017A201855E8A0910480180E073
:10914000061030810284DE5300045A00B00077001C
:1091500017A100E05E840437A100885E870057A154
:1091600000E05E870D57A103BFDE02F0045B01BC87
:1091700060030D57A10068002700047A00E05E84B8
:1091800001F7A101BC602300906500884197003081
:10919000B601BC60030010B400905E870050A601C9
:1091A000BC60030110B501BC602300B0B40317DE3E
:1091B00002F004630397DE02F004640020DE8700FF
:1091C000446D0020DE8700246A01B85E22D016803C
:1091D00001805E8AD0368103BFDE02F0047301BCD9
:1091E0005E22D0168001845E8AD0368103BFDE0203
:1091F000F004730020DE8700247101B85E22D036AF
:109200008101805E8AD0568203BFDE02F0047301C2
:10921000BC5E22D0368101845E8AD056820188608D
:1092200002F430A800B05A030010B000B05A070092
:1092300010B1028042A300047600E042A30090A88F
:1092400000B05A0B0010B000B05A0F0010B10187E7
:10925000600610908400E05E2700378901DA5E27FF
:109260000010EE01BC60030010B401BC60030350A9
:10927000A600B000330010B50284DE530004840061
:10928000E0606803B0A600E042980430A600B00099
:10929000370010B501BC602304D0B401846006F22D
:1092A000979401866002091048039EDE02F0048E46
:1092B0000280441F00049100B05E3F00114501BCD4
:1092C000600300178F00B05E4300178500B05E0F8B
:1092D00000179003BFDE02F0049100B05E0F00178C
:1092E000850280441F00049100A044B6F0B14501FE
:1092F000BC600301104201836006F2979401846010
:10930000070011E003A05E02F005BA02065EAF009E
:1093100005BC0186E006F577AB01BC600300108058
:1093200000025E02F00D3703BFDE02F0072003A14A
:109330005E02F00527011400630017A10068DE87B4
:1093400000E49F0181600609104803BFDE02F005BA
:1093500027028500630004A10183E0060D906C01E3
:10936000816006F5D7AE011C508F0003BD02065088
:109370008F0004A900B044670010F300B0446B00F4
:1093800010F401BC63FF1FF0D301BC63FF1FF0D4D6
:1093900000B042170310850020600E8624D001879C
:1093A00060040310A000B000630010B401BC6003AF
:1093B0000B10B500B0006300F0B4020300C7000456
:1093C000BB020CD0030004BB028050C70004B300F2
:1093D000B054130017A100E05E8680741A00B050EC
:1093E0006B0010E400B042130210840209502B00FD
:1093F00004BB00B0421300308401D2E03AA030E058
:10940000028050C70004C101D2E052A030E003BF87
:10941000DE02F004C10202D0C70004C100B0505FF8
:109420000010E000B050630010E100B05067001081
:10943000E200B0506B0010E400B0421302F084026E
:109440000050C70004CB018AE00E10908401BC607C
:10945000FB1C10E501BC60030890E600B00063004F
:1094600010B401BC60030210B500B0006304D0B4B6
:10947000018460070011E001BC600300178E03BF88
:10948000DE02F005C700E001C700207100B00063F4
:109490000010B401BC600302D0B500B0006304D07A
:1094A000B403BFDE02F0055403225E02F004D200D2
:1094B000E002A70020A9010350030017A100B85E35
:1094C000870037A101875E86101080020400BF006C
:1094D00004E0032BDE02F004E0020000F30004DAF3
:1094E00000E8002300514201BC600A285142039465
:1094F0005E02F004E000B0058B00106400E0582329
:10950000003608006858030004E000B0446700110A
:109510001200B05803001115020CD00300052602FA
:109520000300C70004F300B050CB00106501BC601D
:109530000300168500E05A3300368C020350C70042
:1095400004E800E05A2700368903BFDE02F0052751
:1095500001BC60030017B200B05A0B000B83013846
:109560005A130017A101BC5A06F430E0013C5A130B
:109570000017A1017C5A06F430E10181E006109049
:10958000840185E0070010E30185E0070010C302B5
:1095900082D0C70004F803BFDE02F004FB0202D051
:1095A000C70004FD00B02A330017A101B8506EF4C3
:1095B00030E000B050730017A101B82A36F430E152
:1095C000028242130004FB00B0507B0010E400B0A4
:1095D00042130210840185E0061C30E100B0421302
:1095E000007084018760040310A0020300C7000517
:1095F0001300B050CB001065006D5ECAD1C50301E9
:1096000085E0021870C300E05ECB00368E01BC60BE
:109610001B1FD06500E04196F6506500B0509700E2
:1096200016800068DECB00050B01BC60230150B83A
:1096300000E001F300207C00682E0F00251103BF1D
:10964000DE02F0051E00B05ECB0010B500B0006376
:109650000870B4028342D300050D01BC60030170A1
:10966000B80068AE0F00251E01BC60030170B8028F
:10967000BC506700051D03BFDE02F0051C010CD0C5
:10968000030017A103A95E02F0051901BC602301C4
:1096900050B800E001F300207C00685E8700651C84
:1096A00003BFDE02F0051E01BC60030170B8006854
:1096B0005E8700451E01BC60030170B80181E002B5
:1096C0001710B801BC600300F0A501BC60030E10C8
:1096D000B500E001F700207D00B000630010B40089
:1096E000B0006300F0B400B042D3001800018860FD
:1096F000080310B4018160060D906C03BFDE02F018
:1097000005540202D0C700052D00B0506F0010E0D4
:1097100000B050730010E100B050770010E20282F8
:10972000421300052C00B0507B0010E400B042133F
:1097300002F08400E05E9F0037A703A15E02F005FF
:109740003601BC60030017A7018760040310A00066
:10975000B000630010B401BC60030E10B500B0008F
:109760006300F0B4018860080310B403BFDE02F0A8
:10977000054900B0017B00106500B05A030010E5F8
:1097800000B05A070010E600B05A0B0010E700685E
:10979000A04B00053C00E05E270037890068204BA5
:1097A0000005400185E0070010E30185E007001097
:1097B000C300B0421301108401DA5E270010EE01ED
:1097C00087600610908400B042131C108401BC60B6
:1097D000030010B400E0606803B0A600B00097007A
:1097E00010B501BC602304D0B4018460070011E00F
:1097F00003BFDE02F005A901085E4B0017A1006857
:109800005E8700255402025003000553029E509FBC
:109810000005500201D00300055000E05E2700372C
:109820008901585E2700142D01DA50B70010EE01AF
:1098300087600610908403BFDE02F0055401BC600F
:109840000300142D0104C1070017A100680EF700E2
:10985000055900B00EF70017A100901CBAF437A10B
:1098600003BFDE02F0055B03225E02F0055B01032D
:10987000DE530017A100B05E870017A202005EFF52
:1098800000055E01BC60030037A200682B4F000595
:109890006001BC60030037A202885E4B00056300D4
:1098A000685E4B06856301BC60030017A200688EEA
:1098B000F70005650183DE86F297940183DE8684D6
:1098C000F4270281C21300056B01865E8B0010E352
:1098D000018660070010C30181E00610908403BF79
:1098E000DE02F0056D01865E8A1C70E3018660066B
:1098F0001870C302B847A70005A502A047B7000526
:10990000A703A95E02F0057501085E4B0017A100D0
:10991000685E870025A6021E509F0005750185E040
:10992000061C70E30185E0061870C3011400630093
:1099300017A10068DE8700857E00B001530017A2E2
:109940000068DE8BFFE57A0068424700257B0068EF
:10995000DE8A84C57E018560020910480186E00226
:109960001C70E30186E0061870C301105007001751
:10997000A600685E9B0005A601BC60030011E4011F
:109980003A500700178000885E0300778000E000EF
:10999000AEF010640068DE9B00458B0207D0030028
:1099A000058901BC602B11F7A200E05E000B37A314
:1099B00000025E02F010D601BC602306906401BC78
:1099C00060470017A200025E02F010FE00685E9B76
:1099D0000045A701A46046F471E00068DE9B00C565
:1099E0009901BC611300B7A1020600F300059201C2
:1099F000BC601300B7A10192C21AF437A203295E1A
:109A000002F0059701BC60030011EE009042E700F0
:109A100091EF0192E00EF437A200B05E8B0011ECE2
:109A200003BFDE02F005A700685E9B00659E00682C
:109A30005E9B00A59E00B0502F0011E200B0503395
:109A40000011E203BFDE02F005A7018760023D11AD
:109A5000E80068DE9B00A5A1018760063D11E801D2
:109A6000BC60030011EA009042E70091EB0192C252
:109A70001B00B7A201B85E8A3D11E803BFDE02F009
:109A800005A7018460070011E001BC600300112DEF
:109A900000B0448300142C03A3DE02F005BD01BC1A
:109AA000600300178E00685E4B05A5AD02005003F1
:109AB0000005B70183E00609104800B041230018F3
:109AC0000001BC600306378E00685E4B05A5BC0034
:109AD000E002A30020A801BC600304B78E03A95EC6
:109AE00002F005BC00685E4B0425BC01BC600306A7
:109AF000B78E03BFDE02F005BC01816006F577ABCF
:109B000000B05E0F00178500025E02F0109501BCE8
:109B1000600300178C01BC600300178D0323DE0275
:109B2000F005C7020680C70005C6010C8143001777
:109B3000A10068DE870065C60108421B0017A1006E
:109B400068DE870005C601BC607F1FF7A101E05EEB
:109B5000861070830182E005872C3900E044672578
:109B60008C3B0187E006107083006D00A70085D94B
:109B700003295E02F005D9020300C70005D600B034
:109B800050CB0010650282D0C70005CE00E05A23FA
:109B900000368803BFDE02F005CF00E05A2700360A
:109BA0008900682E0F0025D600E05ECB0037B20199
:109BB0000A5ECB0017A100E050CAF4306500D06007
:109BC00006F657A200205A1AF445D603BFDE02F06B
:109BD00005D000025E02F012360350DE02F005D618
:109BE00003BFDE02F0063D02055EAF0005DB018724
:109BF000E00626713303BFDE02F000020190600A26
:109C00008634310282D0C70005E5013C5027001799
:109C1000800109502B001781010750070017A1018F
:109C2000825E86F0378100B0501F00108A00B0506D
:109C30000F00111603BFDE02F005EB0138505F0084
:109C40001780010A502B0017810107D0070017A1C8
:109C500001825E86F0378100B0502300108A00B088
:109C6000505B001116020300C70005F0020CD00380
:109C70000005F002085E070005F0013854070017E0
:109C8000800190422AA1308A028050C70005F90164
:109C9000BC600305B79203BFDE02F0031B019060B6
:109CA00006863431020300C70005DD020CD0030034
:109CB00005DD00B0001F0017A100E05E8680741A69
:109CC00003BFDE02F005DD01BC600306379203BF6F
:109CD000DE02F0031B00E0135F0024D70204DEB3B2
:109CE00000000200B0130B001065011998870017DF
:109CF000A101095A130017A201895E86D09684003B
:109D0000B013070017A3006DDE8498260400B05E30
:109D1000870017A301885E8ED096840068DE8AF4DF
:109D2000210E01BC63FF1FF0D000B05A130010F0E9
:109D300001BC60030017A501825E961E10F001BCF5
:109D400063FF1FF0CF01BC601B00F0EF01BC63FF9D
:109D50001FF0D100B044670010F101BC63FF1FF099
:109D6000D200B0446B0010F201BC60030404D801BF
:109D7000BC63FF1FF0C301BC60031C10E301BC63A4
:109D8000FF1FF0C400B052130010E401BC63FF1FBA
:109D9000F0C500B0522F0010E501BC63FF1FF0C6F4
:109DA00000B052330010E601BC63FF1FF0C700B0E3
:109DB00052370010E701BC63FF1FF0C800B0521714
:109DC0000010E801BC63FF1FF0C900B0521B001077
:109DD000E901BC63FF1FF0CA00B0521F0010EA0186
:109DE000BC63FF1FF0CB00B013470010EB01BC6356
:109DF000FF1FF0CC00B0134B0010EC01BC63FF1F41
:109E0000F0CD00B0134F0010ED00B01367001062EA
:109E100001BC600300281100025E02F01074000211
:109E20005E02F00D2F01BC602B1877A100025E02CC
:109E3000F00127016040670011C000E040649B17FB
:109E4000A100E05E870097A101BC63FF1FF0C00185
:109E5000BC600301550101D2DE86A030E000905EB7
:109E6000870177A101BC60030797920190600A09FE
:109E7000104803BFDE02F0035301BC60070011C1AC
:109E800001BC602B1817A101BC60030017A20002DF
:109E90005E02F0012B01BC60030011C10002DE0272
:109EA000F000000201C2E3000665020300C70006DD
:109EB0004200682E0F002652006E4246F6465203BC
:109EC000BFDE02F00644006E424700265202030045
:109ED000C700064F0355DE02F0064401806002868B
:109EE0001430013850830017A100B050CB0010652A
:109EF000006DDA32F42C6200A841231410480114DA
:109F0000006300106500E041970ED06500E05A0341
:109F100000368001BC621F0011E003BFDE02F000CA
:109F2000120181E0068634310191600E84F427032A
:109F3000BFDE02F00665013C50670017A101AC5E70
:109F4000861750BA01BC60030190B8020300C70035
:109F5000065F0068AE0F00265A0181E0021710B8B4
:109F60000350DE02F0065803BFDE02F0066500E88B
:109F70002E0F002B8300B05ECB0010B500B0006345
:109F80000870B4028342D300065D03BFDE02F00610
:109F9000600186E0040310A000025E02F001E60307
:109FA000D5DE02F00C6203D6DE02F00C7A0350DE3E
:109FB00002F0066103BFDE02F003C301BC600300D0
:109FC000F0A50182E00209104801BC621F0011E007
:109FD00001BC60030011EC01BC600F0011E80285B8
:109FE000500B00066C0182600209104803A0DE02DB
:109FF000F0067003D5DE02F00C6203D6DE02F00C30
:10A000007A03205E02F0067601886002091048019A
:10A01000BC600300083100685E4B18A0020068DED7
:10A020004B07867500025E02F0063703BFDE02F0C2
:10A03000001201BC60030037A100025E02F00E9620
:10A0400003A3DE02F00012020050C700068201BC2A
:10A0500060030010800182600609104801806002E0
:10A0600086343100688EF70006800104C1070017AE
:10A07000A10183DE86F2979400E001CB00207203F9
:10A08000BFDE02F0020D00B0010B0017A1006DDE73
:10A09000840806C300E844640877A1006E5E840863
:10A0A00026C30187E006F577AB020200BF000697E2
:10A0B000028881AB000697028400C7000697012939
:10A0C000500B0017A10068DE870206970282DEBBF4
:10A0D0000006970203C5730006960283DEB30006EE
:10A0E000960286ABD30006920282DEBB0006920087
:10A0F000682AE7000697006DDE2F01E6970182E0EF
:10A1000006F7F7BF01BC613B0417A100E04466F409
:10A110002AA903BFDE02F0001203BFDE02F006C36D
:10A1200001BC600300114902825EAF0006B20182E9
:10A130006006F577AB00B0446700081C020400BF5E
:10A140000006A30068451F0006A30185E002F5771D
:10A15000AB032BDE02F006A10185E006F577AB002C
:10A16000B0058B00106400025E02F0119700B00190
:10A170004B0017A20208421B0006A600B0016B00AC
:10A1800017A200685E8B0006AE0090452B0097A1D9
:10A190000080DE86F457A1006E20BA0DA6AE00B096
:10A1A00041B700082E00E120BA23282F00E0DE8608
:10A1B000234C4500B041B6F4282E02055EAF0006E0
:10A1C000B001BC610300113300E10D82294360003E
:10A1D000E08D8700036100E844650397A5006D5E8C
:10A1E000970100C1020200BF0006C00068DE4B06F6
:10A1F000A6B70184E002F7F7BF0068DE4B0406BA99
:10A200000282DEB30006BA01BC6003000B0A02043E
:10A210005EB30006BD0068DE4B0626BD00025E028E
:10A22000F0158F00025E02F0123703A3DE02F00683
:10A23000C00183E002F597AC00025E02F017C00196
:10A24000826002F577AB03D15E02F000020200509B
:10A25000C30007190325DE02F006C70183600684E8
:10A26000F42703BFDE02F006F9020CD0030006F764
:10A27000020300C70006E6011400630017A1006D89
:10A28000DE870086F701BC600300178000B050CB6A
:10A2900000106500B050CF001064018160060D9081
:10A2A0006C0182600686343100B05A230017A10188
:10A2B000BC600300168801BC5A2AF437A101BC60B7
:10A2C0000300168A00B05E8700148F00B05A270082
:10A2D00017A101BC600300168901BC5A2EF437A1F6
:10A2E00001BC600300168B00B05E8700149000B0C4
:10A2F0005A1B00148D00B05A1F00148E01BC60035D
:10A300000016040068DE030006E3020350C70006DF
:10A31000E20100509F00178001805E0291B48D0120
:10A32000BC5E0292149001BC600300378000025EA4
:10A3300002F016E400B05E0300148C03BFDE02F0EE
:10A3400006F20068C2470006EB0181E00686343160
:10A350000191600E84F42701BC600300143003BF38
:10A36000DE02F0000200B0509F0017A100025E0262
:10A37000F001E500B05E870014270186E0040310B9
:10A38000A000B04283001800010CD0030017A10008
:10A3900068DE870066E6010250C70017A101805EF3
:10A3A0008684F427018AE00E84F42700B050BF00B1
:10A3B000142603BFDE02F006F90186E0040310A0B4
:10A3C0000200509F0006F90286C107000714032906
:10A3D0005E02F006FE00B0523300142D00B052377A
:10A3E0000017A1019E5E8684F42700B0509F0017DD
:10A3F000A10180DE86F437A1020580C300070500B5
:10A40000B0303B00108F00B0303700108E00B050DD
:10A41000D700108D00B050D300308C00B050BB007E
:10A42000108F00B050B700108E00B0509B00108D00
:10A4300001806006F4308C020250C700071100B0A2
:10A44000524300108F00B0523F00108E00B0523BBC
:10A4500000108D011A52370017A10198DE870437CA
:10A46000A101B85E8691B08C018260028634310110
:10A470008160020D906C01BC600300143401BC606B
:10A48000030014350325DE02F00717019C600284E7
:10A49000F42703BFDE02F0071B0285500B000719EB
:10A4A00000A850C70D143101BC60030014300181B5
:10A4B0006002F5D7AE0183600284F4270185E002D3
:10A4C00009104801BC600300142E03A25E02F002D2
:10A4D0000D03BFDE02F000120323DE02F00791033A
:10A4E000A35E02F0079103A2DE02F00791018160F2
:10A4F00006F577AB03AA5E02F007910183E002093B
:10A5000010480351DE02F0072C020680C70007291D
:10A510000182E001872C3900E0026B00209A018063
:10A52000E006F577AB03BFDE02F007310301DE0280
:10A53000F0072F00685E4F06272F01BC600300174D
:10A54000A803A45E02F0073103C1DE02F007940203
:10A55000045EB300073A01846002F597AC0183E022
:10A560000209104800B02B3F0017A1006D2AEEF43D
:10A57000200200E0027B00209E01BC6003000ABBB9
:10A5800000025E02F0159203BFDE02F00002020339
:10A59000DEB300074A0183E002F597AC00E020CF6C
:10A5A00000283302015EBB00074A00B02A8300176F
:10A5B000A1006D20CEF4274501BC600300083300E4
:10A5C000E0027F00209F03A95E02F007480191602E
:10A5D0001A84F42703BFDE02F0036E01BC63FF1F81
:10A5E000F7A100025E02F00E9603295E02F0074A10
:10A5F0000191601A84F42703BFDE02F0074A018448
:10A60000600209104800E10DC229437000E08DC7C7
:10A61000000371020400BF00075101BC6003001178
:10A6200015011400630017A100E06602F430650014
:10A63000025E02F0109A0182600209104800685E12
:10A640003B18A7550068DE3B07075603BFDE02F044
:10A65000000203295E02F007590201500300075966
:10A6600000685E3B04A76001F0DE1700378500A09C
:10A670005E16F0978500685E3B0627600201500376
:10A6800000075F028780BF00075F0185E0060910B1
:10A69000480280D00300077000B05E1B0017A300C3
:10A6A000B0008B0017A4020400BF000766006E41D3
:10A6B0009730676601185A030017A3011A5A03005E
:10A6C00017A40068C18318076900E002930020A462
:10A6D00003BFDE02F0076B006D5E2EF4876B018214
:10A6E000E00686343100E05E3300378C0068DE32ED
:10A6F000F4676E00B05E0F001785006DDE2EF46704
:10A700007C03BFDE02F0078C00B05E1F0017A300C1
:10A71000B0008F0017A4020400BF000776006E414E
:10A7200097306776011C5A030017A3011E5A0300D5
:10A7300017A4006D5E2EF487780182E0068634311E
:10A7400000E05E3700378D0068DE36F4677B00B0CE
:10A750005E0F001785006D5E2EF4678C0185E002A8
:10A7600009104803D1DE02F0077E03295E02F007DC
:10A7700080020300C700078100B05E0F001785004C
:10A78000025E02F01095006841831807B2020300D0
:10A79000C7000788020CD003000788028350C70057
:10A7A00007880068DE4B05A78803BFDE02F0166449
:10A7B0000181E0068634310068DE3B06278B00E02D
:10A7C000029F0020A703BFDE02F006C300025E0264
:10A7D000F010950181600209104803295E02F0071C
:10A7E00091028300C700166403BFDE02F006C303B4
:10A7F000D1DE02F0079203A5DE02F006C303BFDE3E
:10A8000002F0001200E10DBA29436E00E08DBF0096
:10A81000036F0206500300079C00B001030017A15C
:10A82000006D810AF4279C00E844640877A1006E5B
:10A830005E8408279C0187E006F577AB01085E4B34
:10A840000017A100685E4B05279F00685E87002700
:10A85000A000B05E0F00178500025E02F0109500A8
:10A86000685E3B0627A601BC600300178C0200D07F
:10A87000030007AB01BC600300178D03BFDE02F0CD
:10A8800007AB01BC600300178C020300C700020D78
:10A89000020CD00300020D019C600284F42703BF68
:10A8A000DE02F0020D006841831807B101806006E6
:10A8B00084F42703295E02F006C301826006863411
:10A8C00031028300C700166403BFDE02F006C30036
:10A8D000E002970020A50181600209104801BC60D8
:10A8E0000300081200E0017B00A05E01BC601314AD
:10A8F00017A1006D017AF4201201BC60130C805E78
:10A9000003BFDE02F0001200025E02F00D2F0338DA
:10A91000DE02F00012039EDE02F0001200E8444C5A
:10A9200000F7A100E85E840117A1006ADE84010738
:10A93000C200E85E8401118701BC60030011880138
:10A94000A5E02230118001BC600300111301BC603E
:10A950000300111400B044670017A100B0446B005D
:10A9600017A200B05E8700110400B05E8B001105D5
:10A9700003B8DE02F007C403BFDE02F0001201BC20
:10A98000600304B79201BC60030417A101BC63FF1C
:10A990001FF0CE00B052170010E800B0521B00109C
:10A9A000E900B0521F0010EA01BC60030010E4028D
:10A9B0008600C30007E200B0540F0017A20069DE52
:10A9C0008A9087D500E85212F450E40068A047004E
:10A9D00007E201BC60030010E400B054270010E05F
:10A9E00000B0542F0010E103BFDE02F007EB01BC02
:10A9F00060030297A101BC60031890E801BC6003EA
:10AA00000010E901BC60030010EA03BFDE02F0079A
:10AA1000E203A4DE02F00A5003A9DE02F00A5001AC
:10AA2000BC600301D7A1020600C30007E40280DE78
:10AA30005F0007E900B054070010E00068204700FD
:10AA400007E701D2DE86A030E000B0540B0010E131
:10AA500003BFDE02F007EB01BC5E869010E001BC94
:10AA6000601F0010E101BC60030010E200B052233F
:10AA70000010E500B052270010E600B0522B001085
:10AA8000E700025E02F0107403A9DE02F00AB100D2
:10AA9000685E4F04280701BC63FF1FF0C300685EB7
:10AAA0004F16A7F900685E4F05A7FC01BC60031AAA
:10AAB00090E301BC600306B79200685E4F0528076B
:10AAC00003BFDE02F0080101BC600318B79201BCAD
:10AAD00060030E90E303BFDE02F007FE01BC6003DB
:10AAE00006379201BC60031890E3028E01AB0008A8
:10AAF0000102984407000BB502804607000BB50021
:10AB0000B0204700178100025E02F0108400E85E6A
:10AB10008400D7A1006A5E8690880700E85212F48C
:10AB200030E403BFDE02F0080A01BC60030010E459
:10AB30000338DE02F0080A0187E0061C90E4019069
:10AB4000600A09104801BC610304379100685E4F38
:10AB500016AC4000685E4F05ABB503835E02F00A99
:10AB60005003BFDE02F000020204416300081D0131
:10AB7000876002F577AB01BC600300114901BC603E
:10AB800003010B8900E10DB228E36C00E08DB700F2
:10AB9000036D018460020B105802055EAF000819B6
:10ABA0000187E006267133020400BF00081C0185FE
:10ABB000E002F577AB00025E02F0119703BFDE0200
:10ABC000F0000203A35E02F0081F00025E02F0170D
:10ABD000C00285C523000002018460060B105802E4
:10ABE00000DEFF0008250180E002F7F7BF00682BB8
:10ABF0004F00082500E044655A4AD302055EAF00C5
:10AC0000082701BC6103001133020580BF00082D35
:10AC100001BC60131157A100025E02F001270196EA
:10AC2000600E03301900B040670017A200025E02F8
:10AC3000F0012B0203C03700082F03BFDE02F00033
:10AC40001202875EAF00083100E0021F002087017A
:10AC500082600628914401BC6003010B8903BFDEBA
:10AC600002F00012020601AB000836018060018785
:10AC70002C39020681AB0008380183E001872C39AA
:10AC80000183E0020F1078028140130000020200ED
:10AC9000420300083D01846002F597AC01BC6003EB
:10ACA000000ABB01BC600300108003A3DE02F008B1
:10ACB000400190600209104800B0446700179E00F0
:10ACC000B0446B00179D00B0446F00179C00B04467
:10ACD0007300179B0068DE7A23284000E0022300FF
:10ACE00020880115403B001797006D80A700884B16
:10ACF00000A05E5F003797006880A700084B01BC8A
:10AD0000600300379700B001430017A1010C814395
:10AD10000017A300685E8F00284F018CE0000A171F
:10AD2000A101C9DE840527FF01BC600310779501EE
:10AD300091E0020D906C0286403700085500E00259
:10AD4000BB0020AE03BFDE02F00CA401BC60030018
:10AD5000148001BC600300148101B8600A049024CF
:10AD600001BC600304082401BC600300482301BC4B
:10AD7000600300D02A01B3600700100401BC600327
:10AD800000080801BC600300080901BC600300085A
:10AD90000A01BC600300080B0183E002F5D7AE0096
:10ADA000E044671F4C1F0287C037000C9E00025E04
:10ADB00002F012360286403700086703C35E02F0D5
:10ADC000087903BFDE02F00C9F0068C033004877AB
:10ADD000006B446583E87700B041270017A100B0FD
:10ADE000412701D04900B05E870017A100B05E87FF
:10ADF0000017A100B05E870017A100B05E870017A2
:10AE0000A100B05E870017A100B05E870017A10007
:10AE1000B05E870017A100B05E870017A100B05E8A
:10AE2000870017A100B05E870017A100B05E870001
:10AE3000104903BFDE02F00D1303435E02F0086207
:10AE40000286403700088500685E5F000C9F00683E
:10AE50005E5F004C9F0152D2030017A10185D2060C
:10AE6000F437A203BFDE02F00880013C5203001752
:10AE7000A101BC5206F437A20323DE02F0088300CE
:10AE800068DE8B01CC9F03BFDE02F0088500685EA0
:10AE90008B0288850068DE8B038C9F006D40330039
:10AEA000CCA400685E5F00489800685E5F0028954B
:10AEB000006800A700C88A006880A700A88B00E08F
:10AEC000446690283001BC62C30017A1028052037F
:10AED00000088E019652030017A10080DE8690378D
:10AEE0009A0203520300089300E05E6A90379A02C8
:10AEF00007D20300089300E85E6B00379A029E5E5B
:10AF00006B000CA403BFDE02F0089C0152D20300C8
:10AF100017A10185D206F4379A03BFDE02F0089C20
:10AF2000013C52030017A101BC5206F4379A006E8F
:10AF30005E680BACA400685E6B000D130204C03B9E
:10AF40000008AE0181E0060D906C0207C0AF00085A
:10AF5000A4020740370008A200E0027300209C030F
:10AF6000BFDE02F00CA400025E02F0123603BFDE68
:10AF700002F0089E00B02023000C1100B020270032
:10AF80000C1200B0202B000C1300B0202F000C146A
:10AF900000B05E7F000C150287C0AF000C9E0282DD
:10AFA000403B000C9E015840AF00179A01BC603F27
:10AFB0001E17A1006DDE6AF42C9E035B5E02F00892
:10AFC000B001BC601300104301BC60FF1E17A1005C
:10AFD0006E5E6AF42C9E00B0412328104801806008
:10AFE00002F297940184E002091048015840AF0032
:10AFF000102A006840AB002C9E01BB5E56009004F6
:10B0000002035E570008C1020047A30008BE01BC4E
:10B01000621E3C11E001BC60030011EA00B05E6BEF
:10B020000011EB0198601E3D11E8020047B30008D3
:10B03000C100B05E6B0011EF01B0E0CE3D91EC03BA
:10B04000835E02F008C400025E02F01236006D401A
:10B050003304C8C103AADE02F008E001BC63FF1F8D
:10B06000E3B301BC601F10D06401BC600300B7A152
:10B0700001BC63FF1FE79300E04186F4306501BC2B
:10B0800063FF1FF60000E05E870077A100025E020A
:10B09000F00F1F0200C0770008D601294077001783
:10B0A000A2006D5E8B04C8D400E85E8B04D600015C
:10B0B000BC601F05F06300E0418EC01063010C56B8
:10B0C000030003B30068DE870168D600B05E8B0022
:10B0D0000793006DDE8701C8D900E041930030641A
:10B0E00003BFDE02F008C903B05E02F008DF01838F
:10B0F00060020D906C00681E1BFFE8E001BC601F41
:10B1000005F06500E04194F0D06502005A030008A4
:10B11000E0018360060D906C0020402F08A8E2013A
:10B12000BC60030003B301BC60030007FC0188E0BE
:10B130000F0007FD006D4033020A4A0129520F003B
:10B1400017930109520F0017AA0068DE4F03A8EAFF
:10B150000129522300179301A95E4F0037930196EE
:10B160006002F2979400E0418701F06501BC600F36
:10B170000017A10028DE869068F101866006F2972C
:10B180009400E0419700706500E0209300C824011E
:10B19000065E530017A200A05E4F0477A10068DE90
:10B1A000870448FF0186E006F2979400B85E8B00A2
:10B1B00037A200B05A030017A0020ADA030008F908
:10B1C00001876006F297940284C03B0008FF0203E7
:10B1D000DA030008FF03AB5E02F008FD020441073A
:10B1E0000008FF01806004FFA7FD01065E53001701
:10B1F000A20182DE8A00900403AADE02F009450360
:10B20000AB5E02F00917018460020D906C01BC6313
:10B21000FF1FF79900B01E230017A20068DEAB00E5
:10B22000290900A05E4FFF77A10068DE8707291576
:10B2300003BFDE02F0090B0284520F00091502045D
:10B24000D20F00090E03B15E02F0091400B01E1FF8
:10B250000017A203BFDE02F0090F03B35E02F0097C
:10B26000140200521700091500685E8BFFE91500F3
:10B27000E0015EF4506502015A4700091500B01E56
:10B280004F001799018460060D906C020052170060
:10B29000094303315E02F00943020200BF00094383
:10B2A0000180E001610B080200521700091E0068CE
:10B2B000DE4F04091D00B02AD70017A2006DDE89F9
:10B2C0005509310202AB2F00093E02832B2F0009E2
:10B2D0002000685E5F00092B01BC60030017A3011A
:10B2E0003852030017A30283AB2F0009270068DE42
:10B2F0005F00292701085E8F0017A300695E8F0099
:10B30000693E03BFDE02F0092B006DDE5F004929B4
:10B3100003BFDE02F0093E02842B2F00093E0068C5
:10B32000DE8F00093E00682A9B00093E00B02B9387
:10B330000017A2006DAA9AF4493E00685EAB00496E
:10B340003100685E4F06893103BFDE02F0093A0022
:10B35000B02B9B0017A200B02A9B0017A10283AC60
:10B360002700093600682C87000937006D5E856468
:10B37000293700B02C7F0017A2006D5E895CA939C7
:10B3800000B02C4B000B110184E006F7F7BF0068FA
:10B39000DE4F02893E00025E02F017BA0206DEFFAF
:10B3A00000093E00E02BC7002AF10068DE5F0009BB
:10B3B000410068DEAB0049410180E005610B0800F7
:10B3C000682B4F0009430180E006F7F7BF01BC631B
:10B3D000FF1FF7A5032B5E02F0094600B01E4F00C9
:10B3E00017A50207520F0009C2028047A30009BF38
:10B3F000028047B30009BF00E0209300882400E8E2
:10B40000208F00882301BC60030011E401BC6003AD
:10B4100003D1E102065E5300094F01BC60030491B1
:10B42000E10206DE5300095300E047870051E102C4
:10B4300007D20F00095300E047870091E1006D40FB
:10B440003302CA4A00685E4F0589560068DEAB00C9
:10B4500049C203AB5E02F00959020052170009C24B
:10B46000020580F300095E00685E97FFE95B00E07B
:10B470005E970097A50068DE97FFE95E028052178D
:10B480000009C2020700BF0009C201BC601B0437EB
:10B49000A20090478700306500E04196F4506500B7
:10B4A000E0478701081A03835E02F0096500025E27
:10B4B00002F01236006D4031034962006D403103E5
:10B4C0004A4A01BC600B1D57A10068DE97FFE97571
:10B4D000010F5A070017A5031EDE02F009750200CE
:10B4E0005217000975032C5E02F009C200685E67FE
:10B4F000FFE97500E05E6700979900E05E66F43052
:10B5000064012A58030017990100DE970017A5006F
:10B51000E05E66F4B79900E05E6700379901155860
:10B52000030017A603BFDE02F0098500E05E96F473
:10B530003064012A5803001799020580F30009843A
:10B540000182E002F33799020052170009840116C4
:10B55000D8030017A6010F5A070017A4010CD8033F
:10B560000017A10068DE92F4298000E05E670217F0
:10B570009903BFDE02F00989010DD8030017A1006D
:10B5800068DE92F429C200E05E6704179903BFDE0B
:10B5900002F00989011058030017A60068DE9B001D
:10B5A000C9890181DA030017A100B85E86C017A11E
:10B5B0000281DE870009C200885E6700778000E0B4
:10B5C00000AEF0106401AADE64FF87FC0068DE9B19
:10B5D0000049A302078187000996006DDE030C096C
:10B5E000960285520F0009960298523B0009960177
:10B5F00081E004FFA7FD00E05E000B37A300E05EE2
:10B600008F0097A300E041870077A200025E02F05E
:10B6100010D600E8208F01082301BC602306D781E3
:10B6200000885E970077A100E85E86F4B06301BCF5
:10B6300060070E17A100E0418EF4306300B056178A
:10B640000017A100B0561B0017A20068DE86D04983
:10B65000C20068DE8AD069C200025E02F010AB014F
:10B66000BC602306906401BC624F0017A200025E1A
:10B6700002F010FE00E047870217A103835E02F08C
:10B6800009A7006EC032F429A5006EC032F42C9ECA
:10B6900000685E9B0049BF01BC621EF471E0006857
:10B6A000DE9B00C9B201BC611300B7A1020600F322
:10B6B0000009AE01BC601300B7A101BC600300111A
:10B6C000EE00B05E6B0011EF0192E00EF431EC037E
:10B6D000BFDE02F009BF00685E9B0069B40068DE4F
:10B6E0009B00A9BF019860063D11E800E02093008F
:10B6F000882400E8208F00882301BC60030011EA41
:10B700000068DE5F0049BA00B05E6B0011EB019289
:10B71000DE5E3D11E8018760023D11E80068DE9BB6
:10B7200000A9BE018760063D11E8019860163D1131
:10B73000E80181E004FF87FC01AADE64FF87FC03C7
:10B74000BFDE02F009C701BC620F0011E001BC605E
:10B75000030011E40181E000FFA7FD01BC600F00C0
:10B7600011E801BC60030011EC02001FF70009CED4
:10B7700000E0208EF3482300B0209300102500E85D
:10B78000208E04A823006AA08F01C9CE01B86006EC
:10B790000490240182E006F297940188600A0090E8
:10B7A0000401BC600318779503A0DE02F009DB00FA
:10B7B000685E4F06A9E00138520300178000B05EB2
:10B7C0005F0017810204DEB70009DA00685E070037
:10B7D00009D901BC600301778001BC600300378197
:10B7E00003BFDE02F009DA01BC60030157800002EA
:10B7F0005E02F001430068DEAB0049E000A05E4F4E
:10B800000477A100685E87004C2D00685E87044CB9
:10B810002D03BFDE02F00E350180600186EC37009B
:10B820006EB083002A1C0068DE4F040A1C03335EDE
:10B8300002F00A1C0180600184AC2500E030B300F6
:10B840002C2C0392DE02F00A1C00E03093002C2422
:10B8500000B030830017A1006D3092F429EB03BFD4
:10B86000DE02F00A1A0180600584AC2501BC602765
:10B870000897A100025E02F001270187E006032C71
:10B880002A00B00143000C2B03835E02F00A18006B
:10B890006DC03305C9FB00E860BA0197A60080DEE1
:10B8A0009B0117A500685E5F0009F60080DE9B0023
:10B8B00057A500B041B7000C360080B0DB0C8C36C9
:10B8C00000B041B7000C3600B030DB001040000083
:10B8D000800000000001BC601B06D06501BC600355
:10B8E00000B7A400025E02F0017200685E9300AA35
:10B8F0000303835E02F00A18006DC031842A180128
:10B90000BC6003064C3603BFDE02F009F70207C134
:10B9100097000A0601385A070017BB03BFDE02F082
:10B920000A07013C5A030017BB01BC601B0437A681
:10B9300000E84196F4D7A300885E8F0037A300E0AB
:10B940005E8EF777A500E05E970057A503835E0241
:10B95000F00A18006DC031842A18006DC032F4AAB4
:10B960001800E85E960197A60080DE9B0117A400F0
:10B97000685E5F000A130080DE9B0057A400B041A0
:10B98000B70017A40080DE930C97A400B041B70065
:10B9900010400000800000000003BFDE02F00A0C2F
:10B9A0000386DE02F00CA103BFDE02F00D8B0180E6
:10B9B000600184AC2501BC6003000C240386DE0218
:10B9C000F00CA10287C037000C9E00025E02F0124C
:10B9D0003603035E02F00A1C03A9DE02F00A260009
:10B9E000025E02F0123602074037000A210386DEAB
:10B9F00002F00CA10287C037000C9E00025E02F02C
:10BA00000EA3006E4030020A500301DE02F00A501D
:10BA10000068DEAB000A37032B5E02F00A2C00E060
:10BA2000022B00208A03BFDE02F00A300280521788
:10BA3000000A2F00E0024300209003BFDE02F00A5C
:10BA40003000E0025700209500685E4F040D85002D
:10BA5000685E4F028D8500685E4F020BC100685E14
:10BA60004F050E2500685E4F060E2500685E4F06E6
:10BA70008E2F03BFDE02F00E350068DEAB002A49D0
:10BA8000032B5E02F00A3B00E0022F00208B03BF75
:10BA9000DE02F00A3F02805217000A3E00E0024731
:10BAA00000209103BFDE02F00A3F00E0025B0020AD
:10BAB0009600685E4F06AB8E00685E4F042E4D0008
:10BAC000685E4F04AE4D00685E4F05AC3200685EA4
:10BAD0004F062B8E00685E4F052E2300A05E4FFFA1
:10BAE00077A100685E87072E4000685E4F16AC3D68
:10BAF00003BFDE02F00BB503BFDE02F00BB900E0BE
:10BB0000020F00208301BC60030011EC01BC600F38
:10BB10000011E80284C03B0009C20184E00609105C
:10BB20004803BFDE02F009C20200C0930000020316
:10BB3000A35E02F00A5403C35E02F00A5303BFDEA1
:10BB400002F00D1100025E02F012360207C0AF00D3
:10BB50000A5702074037000A540107C0AF0017A177
:10BB600000B85E870037A101825E860D906C00B040
:10BB7000447F0007FE018360020910480287C03736
:10BB8000000C9E0386DE02F00CA100025E02F012A1
:10BB90003603435E02F00A5C0287C037000C9E0346
:10BBA00001DE02F00A7B03305E02F00A7B01BC601A
:10BBB0001F15506500E04194F530650138402B00B9
:10BBC0001680012D406B0017A200885E8B0137A202
:10BBD00002884027000A6A01846006D0168000B0FF
:10BBE0005A02F456800205C027000A6D0187E0065C
:10BBF000D0168001BC601B0DD7A100025E02F001CF
:10BC00002700B0406700168101BC601B0DF7A10042
:10BC1000025E02F0012700B0406700168200B05AB1
:10BC20000B0017A100E85A06F437A200E15E8AF47F
:10BC300057A100E0DE86F457A100985E8700B7A107
:10BC400000E01EA70067A900691EA7018A7B01BC4E
:10BC500060030007A902801FF7000A7D006E4030D4
:10BC6000020B890381DE02F00A8A00E0021700203D
:10BC7000850329DE02F00A8102902E27000A820144
:10BC8000BC6003002B8903A9DE02F00A860184E070
:10BC9000060910480180E0020910480184E002F71B
:10BCA000F7BF0386DE02F00CA101806004FF87FC71
:10BCB00001806006F2979403BFDE02F00B37006844
:10BCC000DE4F040A8D03335E02F00A8D01BC60036F
:10BCD000000C2401836002F7F7BF0329DE02F00A9B
:10BCE000910288AE27000AA301BC6003000B890300
:10BCF000AB5E02F00A9E00685EAB002AA200685E9E
:10BD0000AB000A9C010C520F0017A100685E87006F
:10BD10002A9800685E87004A9A03BFDE02F00AA2F2
:10BD200003B0DE02F00A9E03BFDE02F00AA003B1F8
:10BD30005E02F00A9E03BFDE02F00AA003B35E02B9
:10BD4000F00A9E03BFDE02F00AA001BC6003004BB4
:10BD50008903BFDE02F00AA301BC6003008B8903E4
:10BD6000BFDE02F00AA301BC6003002B890386DE5C
:10BD700002F00CA103AB5E02F00AA801F05213001E
:10BD8000118601A5E00A30118003BFDE02F00ACA65
:10BD900003A9DE02F00AAE0068DEAB004ACA00B0BA
:10BDA000523B00179F00B0523B0017BE01BC60031E
:10BDB00000280803BFDE02F00ACA02875E53000AA9
:10BDC000D703A0DE02F00AB903BFDE02F007CA0102
:10BDD00090600A09104800B0523B00179F00B05213
:10BDE0003B0017BE019E5E8300B0EB0106520F00C0
:10BDF00017A100B85E870037A10182DE86F577AB18
:10BE000001BC610300308000E8523AF3F7A2006BF6
:10BE1000D23AF3EABC00E85E7E91D7A200905E8B36
:10BE20000097A101BC6023011064006B523AF3EA51
:10BE3000C701185E870017A2010A5E870017A300DA
:10BE4000886006F457A200E04192F4706400B05894
:10BE500002F45600006BDEFA91CACA00B0523B00F1
:10BE600017BE03BFDE02F00ACA00025E02F0164FE0
:10BE700000B0202300280800B0523B00179F032089
:10BE8000DE02F00AD702075E53000ACE0180E0020C
:10BE900009104803BFDE02F00AD70068DE5F000A1F
:10BEA000D4021A5407000AD20103C0270017A101C7
:10BEB000825E8610D0860102C0270017A100E042F2
:10BEC0002AF4308A0180E004FF87FC03A9DE02F037
:10BED0000AD700B05E4700108001085E4F0017A12E
:10BEE00000685E87002B0503AB5E02F00B090200C1
:10BEF0005217000AEF0068DEAB004ADD00E0025393
:10BF000000209402865E53000B370284520F000D0E
:10BF1000130284D20F000AE203AC5E02F00AED03C2
:10BF2000BFDE02F00AF8032C5E02F00AF800685E39
:10BF30004F040AED0106D20F0017A100808ECF0139
:10BF400097A200E0015E0DB0640181DE86C3F61F9A
:10BF50000187DE8624912400683077FFEAED00B087
:10BF60004467000C1E02005E87000AED00E0446595
:10BF700083AC1E00685E4F020B3703BFDE02F00B7E
:10BF800024031EDE02F00AF503315E02F00AF5001A
:10BF900068DEAB004AF500808ECF0197A200E00179
:10BFA0005E0DB0640181E002C3F61F0068DEAB00E5
:10BFB0004AFA00E0023F00208F03BFDE02F00AFDD4
:10BFC00000685EAB004AFD0280522F000B37020270
:10BFD0004107000AFD00685E4F040B3700685E4FA2
:10BFE000028B370206DE53000B020028E01EF40B22
:10BFF0000200A044B703E14500B005130017A100FB
:10C00000E05E8428A14602844107000B370180606E
:10C0100006F2979403BFDE02F00B37032B5E02F0AB
:10C020000B3700685E4F05AB2400685E4F052B247C
:10C0300003BFDE02F00B370068DEAB004B12006D71
:10C040008ECF002B1201BC6003000AB50182600292
:10C05000F5D7AE02805EFF000B1000682B4F000B7F
:10C060001200E044655A4AD300682B6BFFCB1200E4
:10C07000E02B6B002ADA02065E53000B1500E0028B
:10C080006300209803BFDE02F00B370323DE02F0CB
:10C090000B1F0129500B0017A30068DE8F052B1F13
:10C0A000020680C7000B1A0182E001872C39018744
:10C0B000E0021070830184600209104800B05E87BE
:10C0C0000017A1006EE003002B1E03D1DE02F00B6F
:10C0D0001F0068DEAB004B2100E002270020890032
:10C0E000685E4F000B3700685E4F010B3700685EDB
:10C0F0004F058B3700808ECF0197A200E0015E0DC7
:10C10000B0650020DA7F140B37028047C7000B8729
:10C110000329DE02F00B2D0102DEAF0017A101069C
:10C12000520F0017A200385E86F44B370182DE8A78
:10C13000F577AB00B052230011F200B05227001186
:10C14000F300B0522B0011F40106520F0017A100AA
:10C15000E05E870031F500B0005B0011F000B047F1
:10C16000C30018000134C7C70017A1006EDE8402A7
:10C17000AB3701BC60030810420283C107000B3BD0
:10C180000301DE02F00B3A03B55E02F00B3B0280C6
:10C190005E53000D1300B040330017A101089FF754
:10C1A0000017A200685E8B006B4300E840310497E3
:10C1B000A102811FF7000B4300B020930017A102DA
:10C1C000809FF7000B4300B05E630017A1006E5E16
:10C1D00084020B8900B05E870007F401816000FFD4
:10C1E00087FC0202C013000B4900E05E840347F4A1
:10C1F00001816004FF87FC02011FF7000B8201032D
:10C200005E530017A10187DE84FF87FC0386DE02F0
:10C21000F00CA100025E02F0123603855E02F00B04
:10C220004C018E60023D11E80107C7830017A10190
:10C23000825E84FF87FC02019FF7000B550103C754
:10C24000970017A101825E84FFA7FD00B020330094
:10C2500017A1018E5E84FFA7FD032A5E02F00B5D2D
:10C2600000025E02F00E870329DE02F00B5C030180
:10C27000DE02F00B5C0182E0060D906C03BFDE0273
:10C28000F008A401BC60030011EC01BC600F0011B8
:10C29000E801846004FFA7FD01075EAF0017A1015C
:10C2A00085DE84FF87FC00B040270007F600B04021
:10C2B0006B0007F800B0406F0007F900B0402B009A
:10C2C00007F701BC601B0DD7A100025E02F0012739
:10C2D00000B040670017A201BC601B0DF7A100026F
:10C2E0005E02F0012700B040670017A100E85E8AF7
:10C2F000F437A200E15E8AF457A100E0DE86F4572D
:10C30000A100985E8700B7A101BC5E860147F700D7
:10C31000681F33000B7C018F60060127F600681F41
:10C3200033002B7900B01FC70017A100025E02F096
:10C33000012700A04064F9D7A200B85E88FE17A1CB
:10C3400003BFDE02F00B7A00A04138FE17A100689F
:10C35000DE87000B7C018F60020127F601846004F8
:10C36000FFA7FD01075EAF0017A10185DE84FF87EF
:10C37000FC00025E02F00EA301BC63FF1FD7A80001
:10C38000025E02F0109A00025E02F00E8701A860C1
:10C390000A00900402011FF700163B00A84013009A
:10C3A000500403BFDE02F0072000E002870020A156
:10C3B00003BFDE02F00B8A00E0020B00208203A91B
:10C3C000DE02F00D13018460060910480184E006C6
:10C3D00009104803BFDE02F00D13032B5E02F00BC1
:10C3E000B10068DE4F06AB9200E0023B00208E03F6
:10C3F000BFDE02F00B9300E0023700208D0323DE46
:10C4000002F00BB50068DE4EF1CBB5020680C70026
:10C410000B970182E001872C390187E002107083BD
:10C420000184600209104800B05E870017A1006E09
:10C43000E003002B9B03D1DE02F00B9C00685E4FF3
:10C44000062BAF01BC600300083303295E02F00B2A
:10C45000A10203DEB3000BA20191601A84F427014C
:10C4600083E002F597AC020200BF000BAE0206AB00
:10C47000D3000BA7020345AF000BA90185E0062DF1
:10C48000716B03BFDE02F00BA90203456F000BA91D
:10C490000185E0062B715B02045EB3000BAE0187E1
:10C4A000E0021070830183E00209104800025E027E
:10C4B000F0159303BFDE02F00BB50205500B000B25
:10C4C000B50182600609104803BFDE02F00BB5001B
:10C4D000025E02F00BBC0068DE4F062BB500E002E6
:10C4E0004F00209303BFDE02F00BB503AB5E02F0FA
:10C4F0000BB702044107000BBA02834107000A5040
:10C5000003BFDE02F00BBA02844107000A5001802B
:10C510006006F2979403BFDE02F00A50028700C360
:10C52000000BC00068D213000BC001BC60030011F7
:10C530008301BC60030011820002DE02F0000003F0
:10C540009F5E02F00BC4039EDE02F00E3502035E16
:10C5500053000E35010C81430017A10068DE8700EF
:10C560002BC9010001630017A10102C0270017A217
:10C570000038DE86F44BB903AB5E02F00BCB020051
:10C580005217000BB90280522F000BCD03335E020D
:10C59000F00E3502181DF3000BF101BC601B0610F4
:10C5A0006501BC60031BB7A400025E02F0017200CB
:10C5B000B05E8F0017A60068DE931BABED0207C1CB
:10C5C00097000BDA01385A070017A1013C5A0700FF
:10C5D00017A201BC5A0AF457A2013C5A0B0017A338
:10C5E00001BC5A0EF477A303BFDE02F00BDD013C61
:10C5F0005A030017A100B05A070017A200B05A0B47
:10C600000017A3006D5E87008BE701BC61BF0A17AE
:10C61000A50068DE8AF4ABE201BC60271357A500D1
:10C62000685E8EF4ABE601BC605F0017A50068DEB3
:10C630008AF4ABE701BC60171E57A50068DE8EF4D4
:10C64000ABE703BFDE02F00C2900D85E870037A1FC
:10C6500000E14196F4306500E1C19700306501F0DA
:10C6600041970017A200E05E8B0077A2006D5E8A02
:10C67000F4CBD000E840330097A5006E5E96004CE6
:10C680002900B01DEF0017A10068DE840A0E3502F4
:10C690003C523F000C02013C523F0017A10068DEF3
:10C6A00084048C2701BC600316106401BC601B0667
:10C6B000306500685E87002BFE00B05A030017A2A9
:10C6C0000068DE8AC00C2700E0419700306500E07A
:10C6D000419300306400E85E870057A1006A5E87DE
:10C6E000002BF700685E87000C0301385A0300171F
:10C6F000A1013858030017A20068DE86F44C270316
:10C70000BFDE02F00C030285C107000E3501BC60DC
:10C710001B06106501BC600305B7A400025E02F0B1
:10C720000172028000C3000C2701BC60131417A61D
:10C7300000E0017F00B7A5006D5E96F4CC0B01BC54
:10C7400060130C97A500685E940BCC2B00B0017BA6
:10C7500000106500B052270017A200B0522B00173E
:10C76000A3006841940BEC160068DE8ED04C1200DA
:10C77000685E8AD02C2700E0419700B065006D41CB
:10C7800096F4CC0F01BC60130C906503BFDE02F081
:10C790000C0F00E0028B0020A200B0017F001065AA
:10C7A00000B0522300168000B0522700168100B05E
:10C7B000522B00168200808ECF0197A200E0015E0E
:10C7C0000DB0640203587F000C2001BC602F0037BD
:10C7D000A103BFDE02F00C2101BC5202F2F7A1015D
:10C7E000A95E02F436830090446701168402028138
:10C7F000AB000C250068DE9305AC2601846006D0F2
:10C80000968400B05E9700005F020781AB000C29A0
:10C8100001806006F2979403AB5E02F007DF03BF6E
:10C82000DE02F00A5000E0028F0020A303BFDE0208
:10C83000F00BB903835E02F00C2F006D4033038CC4
:10C840002D006D4033038BB9032B5E02F00E3903CC
:10C85000BFDE02F007DF032B5E02F00C3700E002C0
:10C860003300208C020681AB000C360183E0058783
:10C870002C3903BFDE02F007E100E0024B002092FA
:10C88000008800230037A200E05E8800F7A200E0E5
:10C89000001AF451890186E00630118003BFDE02E0
:10C8A000F00BB5032B5E02F00C3800E013530024AC
:10C8B000D403BFDE02F007DA02045247000BB501D1
:10C8C000BC601F10F06401BC60030177A101BC6370
:10C8D000FF1FE79300E04186F4306501BC63FF1F52
:10C8E000F60000E05E870077A100025E02F00F1FF5
:10C8F0000200C077000BB5012940770017A2006D38
:10C900005E8B04CBB500E85E8B04D60001BC601FD3
:10C9100005F06300E0418EC010630200D603000BF7
:10C92000B502065603000BB50184E006F597AC018D
:10C9300016D6030017A200885E8B0077A200E001E4
:10C940009EF4506500B041970004C201BC602B18F2
:10C9500017A100B05A0F0017A200025E02F0012BCF
:10C9600001BC602B1837A100B05A130017A20002B7
:10C970005E02F0012B00B0418B0004D903BFDE0240
:10C98000F00BB503A2DE02F000C203A3DE02F00C3E
:10C990007A00E001FF00207F01BC60030017A303C1
:10C9A000BFDE02F00C7C018760040310A001BC60B4
:10C9B000030051E400B0479300180001BC6003027B
:10C9C000900401BC620F0011E001BC600F0131E86E
:10C9D00000B047A300180001BC600F0011E801BCC3
:10C9E00060030131EC00B047B300180001BC6003E4
:10C9F0000011EC018460060910480020601E090C3B
:10CA00007100E001FB00207E03BFDE02F00C850117
:10CA1000BC60030ED7A1011400630017A200E05E02
:10CA200086F4506500E05A03003680020300C70018
:10CA30000C7703A95E02F00C7C0291509F000C7BE6
:10CA40000191601A84F42703BFDE02F00C7B00E042
:10CA500001FF00207F01BC60030037A30323DE0237
:10CA6000F00C850183E00209104801846002F5970B
:10CA7000AC01BC6003000ABB01BC600300178E025E
:10CA80000680C7000C830182E001872C390187E012
:10CA9000021070830182600209104803D0DE02F0A8
:10CAA0000C8603D05E02F00C870182E00209104878
:10CAB00003D5DE02F00C8901BC60030010B401BC98
:10CAC000600300F7A1006800A7000C8D0185421AE1
:10CAD000F437A100025E02F0012700B040670017A2
:10CAE000A501BC63FF1FF7A200025E02F0012B004C
:10CAF0008860070157A400B85E86F497A100025E23
:10CB000002F0012B0283C21F000C9400025E02F0AF
:10CB1000114C02844523000C9603D0DE02F00C98E1
:10CB200000685E8F0000020020E01E090C9C00B02F
:10CB30005E9700142E03BFDE02F0036E00A84123AF
:10CB400000F04803BFDE02F000020183600209101A
:10CB50004800E0021300208403BFDE02F00CA401B1
:10CB6000BC6007001042006E4030020CA400E002DE
:10CB70007700209D00025E02F0170A03A35E02F018
:10CB80000A5003C6DE02F00CA7032ADE02F00CAE48
:10CB900000B0304700080800B0304B00080900B072
:10CBA000304F00080A00B0305300080B00B0305777
:10CBB00000179F03BFDE02F00D130184E006091089
:10CBC0004803BFDE02F00D13020681AB000CB30276
:10CBD00081B0E70000BD028330E70000BD0284455C
:10CBE000230000BD0320DE02F00CBB0068A0C700DC
:10CBF0000CB801BC609F0217A100E04466F4283124
:10CC0000006B4465062CBC0020E1020900BD000257
:10CC10005E02F00D2F01BC60030008310020E38AA2
:10CC20000900BD028445230000BD00B05E870017E7
:10CC3000A103915E02F000BD0396DE02F000BD0389
:10CC4000965E02F000BD00025E02F00D2F00E10DC5
:10CC5000B228E36C00E08DB700036D01BC600300F7
:10CC6000114701BC600300602000680173000CD70D
:10CC700001BC60130890E600025E02F0016A00B099
:10CC800001730010E401BC600300000601BC6003F6
:10CC900000005C01BC600301D78201D2DE0877F09E
:10CCA000E000B00F030010E100B000470010860064
:10CCB000B00F1F00108A01BC600300378100025EC4
:10CCC00002F010700190600A09104801BC61030075
:10CCD000308003BFDE02F0000201BC60030030427E
:10CCE0000187E00224712300025E02F014DB039747
:10CCF0005E02F00D4303125E02F00CDA01BC600329
:10CD000000402001BC6003000B8901BC60030011DE
:10CD10004901BC618300112500B0007B001127018F
:10CD2000BC60130C805E01BC60130C805F0180E06E
:10CD300006F5D7AE0107C1070017A101805E86F591
:10CD400077AB01BC600F0011E801BC620F0011E07D
:10CD500000025E02F00CF701BC61CF0C105C01BC5C
:10CD6000600300105D01BC61CF01F05E01BC603B5F
:10CD70000AF05F01866005610B0800025E02F01494
:10CD80005C01866001610B0801BC600300082E0293
:10CD90000300C700001201BC60030006B201BC60C2
:10CDA000030006B701BC60030006BC01BC600300C1
:10CDB00006C103BFDE02F0001201BC60430017BBD6
:10CDC00000A04122F7704801BC63FF1FF05401BC72
:10CDD00063FF1FF05501BC63BF1FF05601BC63FF2A
:10CDE0000FF05700025E02F0170A0187E006247177
:10CDF0002301BC600300105401BC60030010550106
:10CE0000BC600300105601BC600300105701BC60F9
:10CE10000F0020170106C1070017A101825E8402DE
:10CE2000E017010741070017A100B85E870037A18E
:10CE30000180DE870000160002DE02F0000002859D
:10CE4000C03700000200025E02F012360286403750
:10CE5000000D0A00E0021B00208601BC6003010BEC
:10CE6000890386DE02F00CA10287C037000CA10006
:10CE7000025E02F017D003BFDE02F0001201B860BC
:10CE80000A04902403AA5E02F00D16015860030004
:10CE9000102A01BC600302900400B0401300180087
:10CEA0000183600209104801806000FFA7FD0002B5
:10CEB0005E02F0123603855E02F00D1A01BC620FAD
:10CEC0000011E001BC600F0131E800B047A3001879
:10CED0000001BC600F0011E801BC60030157A10014
:10CEE000E85E870037A10068DE87000D2101BC6085
:10CEF0000302900400B0401300180001BC6003015D
:10CF000031EC00B047B300180001BC60030011EC25
:10CF10000324DE02F0072001866006F577AB0002ED
:10CF20005E02F00D2F0180600610308100B05E8738
:10CF30000017A10180600210308103BFDE02F007FC
:10CF400020020601AB000D3101806001872C390100
:10CF5000BC610300108000B04203001800006EE0C6
:10CF600003002D3403505E02F00D3700015E02F025
:10CF7000000003BFDE02F0039401846002F597AC69
:10CF800001BC6003000ABB00A8412304F0480182F1
:10CF900060020910480206DEAF000D3E03D5DE0236
:10CFA000F00D3E0350DE02F00D3C01BC60030010AA
:10CFB000B40284C783000D4101BC600B0011E00185
:10CFC0008E6002F577AB0002DE02F0000003A2DE05
:10CFD00002F000BD02BC4287000D4A01BC600300A4
:10CFE00037A401BC60031FF7A3011400630017A25C
:10CFF00000886006F457A203BFDE02F00D4F0088E0
:10D0000060070117A401BC63FF0017A301140063AC
:10D010000017A200E05E8B0117A200886006F4579B
:10D02000A201BC60131B906501BC601B1850640119
:10D03000BC60030017A50020C286F48D5900E041B2
:10D040009706D06500E0419301F06400E05E970030
:10D0500037A500885E930037A400205E92F46D78B7
:10D0600003BFDE02F00D520068DE92F44D5E0068F0
:10D070000083006D5E03A0DE02F00D5E0020C12380
:10D08000160D5300025E02F00D2F006DDE93200D91
:10D0900074020300C7000D68006DDE97008D680103
:10D0A000BC600300160801BC600300160901BC60E7
:10D0B0000300160A01BC600300160B01BC600300EC
:10D0C000160C01BC600300160D01BC600300160EB7
:10D0D00002005AC3000D73023C5A9F000D73006892
:10D0E0000083006D730385DE02F000BD03855E02E0
:10D0F000F000BD03A2DE02F000BD03A3DE02F000DB
:10D10000BD0397DE02F000BD00B041970010600142
:10D1100091600A84F42703BFDE02F0036E01806091
:10D1200002D616B000B05E930010A101836002F732
:10D13000F7BF01BC600300304303BFDE02F00D53B4
:10D14000006880830060BD03BFDE02F00CDB028359
:10D15000C21F00000200B05E870017A103D0DE02EC
:10D16000F0063D01BC6003041042039EDE02F000A5
:10D170001200B05E3F00114501BC600300178F0034
:10D18000B05E4300178500B05E0F00179000025E8E
:10D1900002F00D2F03BFDE02F00012006D403305D8
:10D1A0008BBA03AC5E02F00D8A00685E4F028DEB15
:10D1B00000E0026700209903BFDE02F00DEB00687B
:10D1C0005E4F028DEB028030DF000D8E00E0025FCB
:10D1D0000020970180600586EC3700025E02F00EA9
:10D1E000AF01866002F5B7AD01826002F5D7AE01EE
:10D1F000BC6003000AB5039EDE02F00DA00321DE31
:10D2000002F00DA000E0026F00209B00025E02F021
:10D210000D2F0186600209104800A8412301304803
:10D2200001BC60030210420280441F000D9F00B049
:10D230005E3F00114501BC600300178F00B05E43E4
:10D2400000178500B05E0F00179003BFDE02F00DDF
:10D25000A000A044B6F07145028200C3000DEB00AF
:10D26000B000730017A100E05E86B017A100E15E78
:10D270007AF4379E00E1DE7700179D00E1DE73004F
:10D28000179C00E0DE6F00179B039EDE02F00DAFDF
:10D29000006E5E6E924E21006D5E6E924DAF006E1E
:10D2A0005E72922E21006D5E72922DAF006E5E76E0
:10D2B000920E21006D5E76920DAF006DDE7A91EEDA
:10D2C0002102003097000DB400B05E7B000C3200EC
:10D2D000B05E77000C3300B05E73000C3400B05EBB
:10D2E0006F000C35028201AB000DC500B044670031
:10D2F000082D00B0446B00082C00B0446F00082BD0
:10D3000000B0447300082A0068A0B6232DAF00E9DE
:10D3100020B6F3D79E00E9A0B2F3B79D00E9A0AE16
:10D32000F3979C00E8A0AAF3779B00E15E7A91F75F
:10D33000A100B05E8700111900E1DE7692111A009B
:10D34000E1DE7292311B00E0DE6E92511C0068DE5D
:10D3500086232DBE03BFDE02F00DEB00E9523EF343
:10D36000D7A100E9D242F3B7A200E9D246F397A3CE
:10D3700000E8D24AF377A400880ECF0057A500E05A
:10D38000015EF4B06400E95E86C9A78100E9DE8A27
:10D39000C9C78200E9DE8EC9E78300E8DE92CA07CA
:10D3A0008400808ECF0197A501BC601F07778000A5
:10D3B000E05E020DB06500885A0F00F7A500B05E70
:10D3C000970817A50134DA0F0017A600E95E94F05C
:10D3D00037A500E8DE98F057A6017BDE96F4D7A5C6
:10D3E00000685E96D06DEB00E85E96D077A600B040
:10D3F0005E9700168300685A13000DDD00E05A1690
:10D40000F4D68500685A1B000DDF00E05A1EF4D6E2
:10D410008700885E9B00F7A10134DE9B0017A20104
:10D42000BC60030017A301BC60030017A40069DE01
:10D430009B000DE701BC63FF1FF7A301BC63FF1F47
:10D44000F7A401C3DE8EF457A200E95936F4364D35
:10D4500000E9D93AF4564E00E9D93EF4764F00E897
:10D46000D942F49650031EDE02F00E21039F5E02A5
:10D47000F00E2100685E4F028E21032C5E02F00E3A
:10D480002101BC601B06D06501BC600300B7A4008D
:10D49000025E02F0017202003097000DF600685E35
:10D4A0009300ADF600E030C7002C3103BFDE02F080
:10D4B00018840068DE9300AE210207C197000DFCBE
:10D4C000013C5A070017BB013C5A0B0017A1013859
:10D4D0005A07000C2603BFDE02F00DFF01385A0781
:10D4E0000017BB01385A0B0017A1013C5A03000C6E
:10D4F0002600B05E87000C2700808ECF0197A20027
:10D50000E0015E0DB06400B05EEF0016280181DE20
:10D5100086C3F61F00683073FFEE0802005E8700C6
:10D520000E08008830730071260090307301B12816
:10D5300000683077FFEE0C00B04467000C1E02005C
:10D540005E87000E0C00E0446583AC1E0187DE861A
:10D55000249124020680F3000E100181E002C3F63C
:10D560001F0187E00224912402003097000E210061
:10D57000E030B7002C2D028680F3000E140281D813
:10D580007F000E1F00B0309F0017A100025E02F066
:10D590000F0802805E8B000E1F00E85E6984D7A131
:10D5A00000685E85846E1B00E030BF002C2F03BF37
:10D5B000DE02F00E1F00E030BB002C2E01BC600329
:10D5C000000C2501BC600700104303BFDE02F00D14
:10D5D0001300E85E6984CC2303BFDE02F0188403E5
:10D5E000AB5E02F007DF03BFDE02F00A50032B5EE2
:10D5F00002F00BB903BFDE02F007DF03AB5E02F0FF
:10D600000E28032C5E02F00BB903BFDE02F00E39C8
:10D6100000B052230011F200B052270011F300B005
:10D62000522B0011F401BC60030091F501BC6003B2
:10D6300008104200B0005B0011F003BFDE02F007EB
:10D64000DF0138523F0017A102065E53000E32017F
:10D6500038524B0017A10068DE87008E3503AB5EA1
:10D6600002F007DF03BFDE02F00A500068DE4F025F
:10D670000E38020781AB000E3801806006F29794E5
:10D6800003AB5E02F007DF020000F3000E3E02066D
:10D69000DE53000E3E01185E830017A10068DE878E
:10D6A00000AE3E01BC600B02514202005217000B5B
:10D6B000B903BFDE02F00A5001BC60030011830110
:10D6C000BC6003001182032C5E02F00E450199E05C
:10D6D0000620110003BFDE02F00E490119402F00A1
:10D6E00017A100685E87000BB50199DE8620110046
:10D6F00003315E02F00BB500A05E3B0097A2002054
:10D700005E4EF44BB50184600209104803BFDE028F
:10D71000F00BB503AB5E02F00E5000025E02F00BA0
:10D72000BC03BFDE02F00BB50068DE4F042E5400D0
:10D73000B0523300179F00B0522F0010EB028152FD
:10D740002F0007CA00E002AB0020AA0281522F007E
:10D750000B9303295E02F00E5A0203DEB3000E5A49
:10D760000191601A84F4270183E002F597AC020866
:10D77000522F0007DF03BFDE02F00A5001BC600336
:10D7800000106701BC60030010460180E00609300C
:10D79000490282C11F000E6401BC603F1FF0650199
:10D7A000BC600300168000E841970030650069C145
:10D7B00097000E6101BC600B00179401BC60030070
:10D7C00017AB01BC60030017AC01BC60030017ADD0
:10D7D00001BC60030017AE01BC60030017BF01BCB1
:10D7E00063FF1FF7B501BC600300202001BC60038C
:10D7F0000017A100025E02F0012701384067000017
:10D8000028011C406700002901BC60030050490149
:10D81000BC60030017A701BC60030017A801BC602F
:10D82000030017A901BC60030017AC01BC60030032
:10D8300017AD0182E0060F10780206C1E3000E77F3
:10D84000006880A7000E7A03BFDE02F00E7B00683E
:10D8500080A7008E7B01BC601302600001BC6023C6
:10D860000E400101BC63F318600201BC614B1560FE
:10D870000301BC600300000401BC604305200501F6
:10D88000BC601B04306101BC601702506001BC60C9
:10D890000300082200B05E0F00178500A044B6F018
:10D8A000714503BFDE02F00CC30183E0060F107860
:10D8B00001885E5CFEC7F601BC601F1E900701BCBC
:10D8C0006003019008018860060090040386DE0270
:10D8D000F00CA10305DE02F00E8C0386DE02F00CD4
:10D8E000A10385DE02F00E8E00B05E870017A10056
:10D8F0006EE003002E920386DE02F00CA1006EC0E3
:10D90000146FEE9501BC60070010420002DE02F0C9
:10D91000000003215E02F00E9A00E0204AF4281273
:10D9200000B0204B00178B03BFDE02F00EA2028175
:10D9300050C7000E9F011C509F00178B00E05E2E09
:10D94000F4378B019C5E2E84F42703BFDE02F00EB9
:10D95000A2011E509F00178B00E05E2EF4378B0152
:10D960009E5E2E84F4270002DE02F00000006800B4
:10D97000A7008EA80102C027000821006880A70028
:10D98000AEAE00E020870028210002DE02F0000099
:10D9900001BC600300282101BC402B0017A10098A6
:10D9A0005E870117A10098402B0117A2006ADE8A4A
:10D9B000F42EAE01BC60030088210002DE02F000FC
:10D9C00000028280BF000F0700B0418F00081300E3
:10D9D000B0418B00081400B044670017A2017BDE41
:10D9E0008A2357A101BC601F07706501BC6003005A
:10D9F00017A201BC601F03D06401BC601F115063FB
:10DA000000685A03000EFE01BC601F0FB06200E008
:10DA1000418AF450620090540300F7A6006B5E86C2
:10DA2000D06ED400B05A030017A300E05A0EF4D50C
:10DA30008000E05A0EF4768300E85A2F00368B00FF
:10DA400069DA2F000EC300E85A0700368B006CDA43
:10DA50000EF42EBE00E85A0EF437A400905A0300CC
:10DA600077A5006EDE92F4AECA01BC6003003600FA
:10DA700001BC600B00104301BC600300278900203B
:10DA80005A0B080ECD01BC600300279203BFDE02D3
:10DA9000F00ED400205A0B140ED400202C27080EB0
:10DAA000D000205A0B040ED401866006F5B7AD00F5
:10DAB00088009B00D1260090009B01512801BC6387
:10DAC00003001124006B5E86B00EDC00685A130060
:10DAD0000ED901886006D0568200B056030017A404
:10DAE00000E05E92D0968500E05A0EF4D5800020CA
:10DAF0005A0B080EDC01BC600300079200685A1341
:10DB0000000EE4006B5E86D0AEE40188600AD05659
:10DB10008200B056030017A400E05E92D096850103
:10DB2000BC600300360101BC600B00104301BC6007
:10DB30000300278900685A1B000EFE006B5E86D02A
:10DB4000EEFE02015A0B000EF300E85A1B00368667
:10DB500000B05A270017A300E05A1EF4768701BCD4
:10DB6000601F11D06200E0418AF4506200B05A2B6D
:10DB70000017A300E05402F475000203D403000E62
:10DB8000F100E05A1F0036870130540300150001F0
:10DB9000816002D0568203BFDE02F00EF600B05A5A
:10DBA000230017A300E05A1EF4768701816006D097
:10DBB000568200685A1B000EF8006CDA1EF42EE63E
:10DBC00002015A0B000EFB01BC600300360203BFCA
:10DBD000DE02F00EFC01BC600300360301BC600BEA
:10DBE00000104301BC600300278900E041970190C9
:10DBF0006500E05E8B0037A200E041930090640076
:10DC0000E0418F003063006D5E8B008EB802981D7E
:10DC1000F3000F0501BC600300079200B0204F0025
:10DC2000106300B020530010620002DE02F000001A
:10DC300001BC60030017A20068018B000F1E00905A
:10DC4000018B0077A201806002F437A1006E5E862E
:10DC5000F44F1E0207C197000F1001385A07001732
:10DC6000A303BFDE02F00F11013C5A030017A3000B
:10DC7000E85E8F0097A300E85E8AF437A2006A5E30
:10DC80008AF46F1E00D0419700306400E05E8B0084
:10DC9000B7A300E04192F4706400D841930030646F
:10DCA0000207C193000F1B013C58030017A103BFDB
:10DCB000DE02F00F1C013858030017A100A0018BF1
:10DCC00000F7A200905E86F457A20002DE02F00088
:10DCD0000000B05A0300101F00B05A0700102000C7
:10DCE000B05A0B0010210180600700101D02804017
:10DCF00077000F230002DE02F000000187E002F54A
:10DD000077AB03915E02F000020020E3FE090002FF
:10DD10000200421F0000020068C2F30000020284F9
:10DD200045230000020068C0170000020068AB979E
:10DD300000000200025E02F00EAF00683073FFEFD9
:10DD4000310207C493000F3C00683077FFE0020007
:10DD5000683077FFEF350068307B000F3B006BC405
:10DD60006583CF3C03BFDE02F0000201BC601F07E9
:10DD7000706400E041930617A20068D82F000F39A5
:10DD80000281D80B00000200E04193019064006D15
:10DD90004192F44F370287C49300000200689E4B03
:10DDA00000000202815E53000F4A0283411F000FF0
:10DDB000400281DE53000F5B01BC60030011510182
:10DDC000BC600300115201BC620300115301BC602E
:10DDD0000300515001896006F2979401BC60E7008E
:10DDE000107701BC600300107601BC60031117A31B
:10DDF00000025E02F0013403BFDE02F00002028086
:10DE0000C54300000201F0C5470011560107C54790
:10DE10000017A101F0C54AF4315500B04557001074
:10DE20007700B0455B00107601BC60030E97A3003D
:10DE3000025E02F0013400B04557000C1000B045FE
:10DE40005B000C0F01BC600300115501BC600300B6
:10DE500011560090303F00CC0F00B030430017A1A6
:10DE600001AD5E8581EC0F0189600AF2979401BCD7
:10DE700060030810470392DE02F00FAF020480BF78
:10DE8000000F6001BC63FF1FE7F301BC61FF1FE8E7
:10DE90000E03BFDE02F00FB101866002F597AC0100
:10DEA000BC601F07706501BC601F0FB06401BC60DF
:10DEB000030037A101BC60030017A300685A0300E8
:10DEC0000F9D01BC60030017A502035A0B000F6EE3
:10DED00002805A0B000FAF00E9440AC017BB00E8EC
:10DEE000C40F0017A4017BDEEEF497A400685A1358
:10DEF000000F7C03BFDE02F00F790068DE87002F81
:10DF0000700203DE53000FAF0203DA0B000F840030
:10DF1000B05A0F0017A400685A07002F7500685AFE
:10DF20002F002F7501BC60030037A500685A13004D
:10DF30000F79006CDE92D0AF7900B05A170017A4A9
:10DF400001BC60030037A500201CBAF42F7C0068D8
:10DF50005A1B000F9703BFDE02F00F7F00885E8719
:10DF60000097BB00201CBAF76FAF02015A0B000FDD
:10DF7000AF006CDE92D0EF9700B05A1F0017A400DC
:10DF8000201CBAF42F8301BC60030037A503BFDE59
:10DF900002F00F970202DA0B000F9D0204C1070086
:10DFA0000FAF00B05A0F0017A400E85A2F0037BB7C
:10DFB0000069DEEF000F8A00E85A070037BB013C1A
:10DFC000016F0017800068DE03000F900138016FB9
:10DFD00000178000685E03000F9300E85E030037BF
:10DFE000BB03BFDE02F00F9300E85E030037800042
:10DFF00080DE02D0378000E05EEE0DB7BB00685EC9
:10E00000EF000F9700E05E92D017A400E85EEF00EB
:10E0100037BB03BFDE02F00F9300685E8F000F9ADC
:10E02000006B5E92F44F9B03BFDE02F00F9D01BCBC
:10E0300060030037A300B05E930017A200B05E97A4
:10E040000017A600885E870037A100E04197019085
:10E050006500E04193003064006D5E87020F65004B
:10E06000685E8F000FAF00B044670017A5017BDE2C
:10E07000962357A500E85E8AF4B7A400885E930053
:10E08000E4DB00905E9301271D00B0012B0017A375
:10E0900000689C77000FAA006E936EF46FAF03A622
:10E0A0005E02F00FAF00B05E9B00078500E9136EC3
:10E0B000F467F300E89C7700080E03BFDE02F00F60
:10E0C000B100681E1700000203BFDE02F010590104
:10E0D000BC61030011230069203B000FB50180E003
:10E0E00006F2979403BFDE02F00FB70180E002F260
:10E0F000979403BFDE02F0000200684127000FC6BC
:10E1000002844523000FB8006800A700AFBC006878
:10E1100000A700CFBC006880A7010FBF00B0446714
:10E120000017A100E84466F437A2006D5E8B004F33
:10E13000BD0280C127000FC10392DE02F010590317
:10E1400092DE02F00CE700025E02F014E700025ECD
:10E1500002F0113D00025E02F0113800025E02F092
:10E16000114801BC600F0011E8031EDE02F00FCD64
:10E1700001BC600300105C01BC600300905D01BC49
:10E18000605304105E01BC600300105F03BFDE0239
:10E19000F00FD101BC600B00105C01BC600300906B
:10E1A0005D01BC604304105E01BC600300105F01B0
:10E1B000BC6003000C1E01BC6003008020028500CF
:10E1C000BF00106000B01FCF00115100B0203B0015
:10E1D0001152006E1FCE2A8FDA0068A03B000FDAC2
:10E1E00000E01FCE23280F03BFDE02F00FFB00B0BC
:10E1F000446700080F00E91FCE2A915100E8A03BB8
:10E2000000115201BC61FF1F707701BC63FF1FF05A
:10E210007601BC60031197A300025E02F001340096
:10E22000B0454B00107700B0454700107601BC6048
:10E23000030F17A300025E02F0013401BC602F1A25
:10E24000B06500B0455700169100B0455B001692CE
:10E2500000B0440B00169300B0440F00169401BCAC
:10E2600063FF1FF15201BC63FF1FF15101BC60034A
:10E2700000115501BC600300115601AC607F029093
:10E2800075028741D7000FEF00B041DB0003B100FA
:10E29000B041DF0003B200B0446700082D00B04475
:10E2A0006B00082C00B0446F00082B00B0447300D2
:10E2B000082A00E14464FE6C1A00E0C46901CC1B2A
:10E2C00001BC600302315000B045430018000068F3
:10E2D0006003000FFB01BC600300104000008000E1
:10E2E000000000020480BF000FFF0312DE02F00FE7
:10E2F000FB0068C55700100701BC602F1AB065000D
:10E30000B05A4700115500B05A4B00115600B05A90
:10E310004F00110200B05A5300110301BC6003000A
:10E3200017A701BC60030017A801BC6003000066CA
:10E3300001AC607F0F1075028741D700100900B053
:10E3400041DB00115100B041DF0011520068454728
:10E3500000101000E91FCE2A87F300E8A03B000858
:10E360000E01866006F597AC01BC600300107701D2
:10E37000BC600300107601BC60030F17A300025EAF
:10E3800002F0013401BC60030011500284454300D7
:10E3900010150207C1E300101600B044670017A172
:10E3A00000685E862330180182E0060F10780206AE
:10E3B000C1E300101A01BC600300402001BC6003EF
:10E3C0000000660186600620110001BC6063001039
:10E3D0007B01BC601B00107A01AC607F029075026B
:10E3E0008741D700102100E941D876379C00E8C169
:10E3F000DC76579B00B0303F0017A10080DE72F43E
:10E40000379D00B041B700179E0080DE6EF4379C48
:10E4100000E15E760DB79D00E0DE7300179C017D84
:10E420005E7AF3B7A1017D5E76F397A200905E73EA
:10E430000157A300E120B6F4311900E1A0B2F45174
:10E440001A00E1A0AEF4711B00E0A0AB00111C00AB
:10E45000E10DAAF4236A00E08DAEF4436B00B044F2
:10E460001F001800008844230157A3009044230094
:10E47000D7A400B0440B0017A100B0440F0017A2AE
:10E4800000E95E862337A100E8DE8A2357A20069EF
:10E49000DE8B00104100E1440AF4710200E0C40E7A
:10E4A000F4910300E85E230037880069DE23001042
:10E4B0003600E8002700378803BFDE02F01036017F
:10E4C00086600220110001BC600300402000E9309A
:10E4D0006A2337A100E8B06E2357A20068DE8B00E4
:10E4E000105001BC604F1117A3006DDE86F4705010
:10E4F00001BC600300104001BC600300105D01829C
:10E5000060060BF05F00D05E8700713401E1DE8AA7
:10E5100026913501BC630300113300008000000028
:10E5200000018260020BF05F02865EB300105900AA
:10E53000681E1700105901BC60430017A100E04499
:10E5400066F4378001BC600300078900025E02F0B8
:10E550000EAF006C4466F0105900681E270010557D
:10E5600003BFDE02F00F5B0200DE53001063018088
:10E57000E002F2979400025E02F0113B01BC6003DE
:10E5800000104003BFDE02F0105E00E04464095753
:10E59000A103BFDE02F0106301BC60030010400065
:10E5A000B0012F0017A100E0012AF4310900B001E9
:10E5B0002F00110901BC61CF0C105C01BC6003008D
:10E5C000105D01BC61CF01F05E01BC603B0AF05FF1
:10E5D00000025E02F0114400025E02F0114B0002E4
:10E5E0005E02F0114101BC6003000785006D80A749
:10E5F000008CE700E044670477A10068DE862330E2
:10E600006E03BFDE02F00CE701885E0610D08601C3
:10E61000025E070017A101825E8610D0860002DE2E
:10E6200002F0000000B000470010860108204700FB
:10E630001781013852030017800102C0270017A676
:10E6400000025E02F015F80068204700507B00B021
:10E65000540700178000025E02F010700068204727
:10E660000030830068A04700107F021A5407001092
:10E67000830103C0270017A103BFDE02F01082014F
:10E6800006C03B0017A101825E8610D0860002DE24
:10E6900002F0000000B054130017A10068DE4F160E
:10E6A000B08700B054130017A10200DE0700108FDE
:10E6B00000B0418B00106501BC600301D7A1006868
:10E6C000DE4F16B08C01BC60030297A100025E020F
:10E6D000F0160B00E05E8400F7A103BFDE02F0102D
:10E6E00094020480F300109402025E07001094026A
:10E6F000805E070010940090001B0037A200E854D1
:10E7000012F457A10002DE02F00000020400BF0074
:10E71000109800025E02F011E903BFDE02F01099CA
:10E7200000A044B6F0B1450002DE02F00000020095
:10E7300000BF0010AA0068ABEF0010AA00E05EA3C3
:10E740000037A8006D5EA005D0AA00B02E2F0017DC
:10E75000A100025E02F0012700B040670017A2008E
:10E7600068DEA3FFF0A700B05E897197A2006D007C
:10E77000A70090A6006DA0870050A803BFDE02F09E
:10E7800010A70068A0870010A800B85E897197A242
:10E7900000025E02F0012B01BC60030017A800021A
:10E7A000DE02F0000000D85A030117A201B85A0691
:10E7B000F457A200B0560300083600B05607000810
:10E7C0003700B0560B00083800B0560F000839006B
:10E7D000B0561300083A00E05612F4483B00B05A15
:10E7E0000300083401385E8B00083500B020EF00CC
:10E7F00017A401BC60030017A200B041930010658C
:10E8000000B85E92D017A400E05E06F4506300F0FA
:10E810005E930017A300F05E930077A400E05E8B88
:10E820000037A200B85E92F477A400E04192F45061
:10E830006500E05602F4958000B056030017A4006E
:10E840006EDE8B00B0B800B85E92C0D7A200D85E72
:10E850008B0037A200E020DAF4483600B020DB005D
:10E8600017A400B85E92C0F7A200D85E8B0037A252
:10E8700000E020DEF4483700D820DF0037A200E0B7
:10E8800020E2F4483800D820E30037A200E020E678
:10E89000F4483900D820E70037A200E020EAF44825
:10E8A0003A00D820EB0037A200E020EEF4483B000D
:10E8B000B020EF0017A200B85E8AC017A200905ED9
:10E8C0008B0037A201BC5E8906A8350002DE02F08B
:10E8D0000000018060063C91E4018760063CD1E6BF
:10E8E00001A860023CD1E6018B60023CD1E600B099
:10E8F0005E8F00106300B056030011E700B05607AA
:10E900000011E700B0560B0011E700B0560F0011E0
:10E91000E701A960423C91E401A860023CD1E60114
:10E920008B60063CD1E600B05E8B00106301BC60DA
:10E93000030057A1020456030010E601BC60030166
:10E9400017A100E0418EF4306300B056030011E7D8
:10E9500000B056070011E700B0560B0011E700B0F9
:10E960005E8B00106301BC600300B7A10204D603F4
:10E970000010F001BC60030117A102065E530010F5
:10E98000F001BC60030197A100E0418EF430630008
:10E99000B056030011E700B056070011E700B0566B
:10E9A0000B0011E701BC60030017A10206DE530053
:10E9B00010FB00B05E8B00106302065E530010FA7D
:10E9C00000A0563F01F7A103BFDE02F010FB00A03C
:10E9D000563301F7A100B05E870011E701BC600368
:10E9E0000011E70002DE02F0000000685E9B00D12B
:10E9F0001801BC60070211E30068DE9B00510B00A8
:10EA0000E847870111E101BC60030011E201BC602D
:10EA1000030011E201BC60030011E201BC600300CD
:10EA200011E201BC60030011E201BC60030011E2CD
:10EA300001BC60030011E201BC60030011E200B000
:10EA40006142F451E000B058030011E200B05807F1
:10EA50000011E200B0580B0011E200B0580F001195
:10EA6000E200B058130011E200B058170011E200A4
:10EA7000B0581B0011E200B0581F0011E200B05E58
:10EA80009B0017A40068DE9B00B11601BC60030068
:10EA900077A40192DE930217A30002DE02F00000C9
:10EAA00001BC60070011E300B058030011E200B0A0
:10EAB00058070011E200B0580B0011E200B0580FE7
:10EAC0000011E200B058130011E200B05817001115
:10EAD000E200B0581B0011E200B0581F0011E20024
:10EAE000E00146F0106401BC60070031E300B0585B
:10EAF000030011E200B058070011E200B0580B000B
:10EB000011E200B0580F0011E200B058130011E2FA
:10EB100000B058170011E200B0581B0011E200B01D
:10EB2000581F0011E20192E01B0017A30002DE0251
:10EB3000F00000028740C300112D01866006F0102E
:10EB400030028640C300112F00B040C7001781007B
:10EB500002DE02F00000028740C300113200B05E06
:10EB6000070010310186E006F010300002DE02F0EE
:10EB70000000006800A701978C03BFDE02F0114A75
:10EB800000025E02F0113B00025E02F0114B000237
:10EB9000DE02F00000006800A701970F0002DE020D
:10EBA000F0000001816006093049006800A700916B
:10EBB0004000025E02F0114C0002DE02F000000094
:10EBC000025E02F0114C018160020930490002DE50
:10EBD00002F000000188E00E09304900B041270032
:10EBE000180000B0002B0010020002DE02F000004E
:10EBF00001BC60030010020182E0020F10780002E5
:10EC0000DE02F00000006800A701978B00B04127EA
:10EC10000017A100B0412701D04900B05E8700175E
:10EC2000A100B05E870017A100B05E870017A100A9
:10EC3000B05E870017A100B05E870017A100B05E2C
:10EC4000870017A100B05E870017A100B05E8700A3
:10EC500017A100B05E870017A100B05E870017A162
:10EC600000B05E870010490002DE02F000000100E3
:10EC7000DE530017A601BC60030037A103BFDE020C
:10EC8000F0115D00025E02F0012701876006033784
:10EC9000A20068DE9B001161018760020337A200B9
:10ECA000025E02F0012B0002DE02F00000020241CF
:10ECB0001F00117602825E5300116801826006F225
:10ECC000979400B0446700180000B0446B00081B24
:10ECD00000B0446700180000E844690377A40068A6
:10ECE00000A700916B006DDE9300517000E0446757
:10ECF0000317A303905E02F011730285C523001170
:10ED0000730068DE8E23316D01BC60030210470181
:10ED1000BC600300904301826002F297940182601C
:10ED200002F5B7AD006800A7009176006800A70063
:10ED3000B1760002DE02F000000201C11F0011895D
:10ED400002855EAF00117C01856006F577AB00B0EF
:10ED5000446700081E00B0446B00081F00E94465CA
:10ED600003D7A100E8C46903F7A200D05E8700774B
:10ED7000A101E1DE8AF437A200E95E862697A100B0
:10ED8000E8DE8A26B7A200695E8B00118901BC61AA
:10ED90000300113300E144DAF4313600E144DEF4DB
:10EDA000513701856002F577AB01BC600301104764
:10EDB00001BC60030050430002DE02F000000201CB
:10EDC000AE2700118C0284C52300119601BC600F90
:10EDD0000C106500E0419571306502002E2700118E
:10EDE0009000E0419700B06501BC600F0D17A100D5
:10EDF0006E4196F4319400E15A0229368000E0DA3F
:10EE00000700168101BC6003000B8901BC60030090
:10EE100011490002DE02F0000000B0451F0017811A
:10EE200000B005B70017A601BC600704106401BC60
:10EE300060131B906501BC60030017A10205DEAFE3
:10EE40000011B100B0580F0017800068DE842C312B
:10EE5000A100E0582300360803BFDE02F011B9021A
:10EE6000005E9B0011B10280DA030011A70118585F
:10EE70001F00178200E05E0B00378201985E0AC017
:10EE8000F60703BFDE02F011AA011A581F0017820D
:10EE900000E05E0B003782019A5E0AC0F60701F0BF
:10EEA000DE0300378000A05E02C0578000B05E0322
:10EEB00000160300A044B6F0178200B05E0B0016E7
:10EEC0000500E05E0AC0960603BFDE02F011B9003D
:10EED000B0581300178200E85E06F057A5006ADEFE
:10EEE000970011B700E85816F4B6050069D8170066
:10EEF00011B701BC600300160500B058170017A534
:10EF000000E05812F4B60600E0419302106400E0FD
:10EF1000419706D06500E05E870037A100905E9BB8
:10EF20000037A60068DE8700919C01BC60030011D9
:10EF30004701BC600300016D0002DE02F000000129
:10EF4000BC600300016C01BC600300016D01BC608A
:10EF5000070A106401BC60030077A100B0428F0073
:10EF6000178000A05E0301F78000B05E0300016E11
:10EF700001BC63FF1FF7A20068DE030011CB01BCD8
:10EF800060030017A200886006F43781002005BAEC
:10EF9000F031D00068DE8AC0D1D000E005B3002196
:10EFA0006C00B005B6F0216D00685E030011D4005E
:10EFB000205E06F011DA006EDE8AC0D1DA03BFDE11
:10EFC00002F011D5006DDE8AC0D1DA00B05E870094
:10EFD00017A300B0419300016600B0581B0017A2B0
:10EFE00001BC600300016C01BC600300016D00E81E
:10EFF000419302106400E85E870037A10069DE8754
:10F000000011CB00B05E8F0001650002DE02F0004F
:10F010000000B0059B00106400B0581B00114500B3
:10F02000B0059B00016200B0059700016100B05877
:10F030000F00178500B0580700178300B0580B0069
:10F0400017840118581F00178C011A581F00178DBC
:10F050000002DE02F0000000B0058B001064006EBC
:10F0600041932A11F600A044B6F0B7A100B05E8724
:10F0700000160500E05812F4360600B0581B0011C7
:10F0800045020000F30011F3006D41932811F302D3
:10F0900000DEAF0011F301BC600B02514200B05E14
:10F0A0008700016F02015EAF0011F600B05E17002D
:10F0B000160301816002F577AB0002DE02F000006A
:10F0C000020145230012010287C49300120101824C
:10F0D0006002F5D7AE02012C230011FE00E02C2BBC
:10F0E000002B0A01816001610B0802065EB7001265
:10F0F0000100E02AD7002AB501866002F5B7AD000D
:10F1000002DE02F00000020200BF00120F00025EE9
:10F1100002F012370202DEB30012070068428F00CD
:10F120000F2503BFDE02F00002028881AB00120F40
:10F1300002845EFF00120502845EB30012050282A3
:10F14000DEFF00120502822B2F00120D00682A9BA1
:10F1500000120F0284DEAF00120502845EB70012B7
:10F160000500B05E870017A10002DE02F00000017A
:10F1700082E002F597AC0203DEFF0012190284451B
:10F180002300121902012B2F0012190180E006F250
:10F19000979400025E02F0114C0180E002F2979415
:10F1A00000025E02F0114C0180E002F2979402012D
:10F1B000AC230011360181E001610B0803BFDE02C0
:10F1C000F01138020400C70012270206ABD3001268
:10F1D000210284C5AF00123503BFDE02F012220205
:10F1E00084C56F00123502844523001224020042B8
:10F1F0000300123500685E4B04B23500685E4B06B2
:10F20000B23500685E4B0632350182E006F597ACF8
:10F210000284452300122A0323DE02F0122B01830D
:10F22000E006F597AC0180E006F29794028400C7EF
:10F2300000113600B02AD70017A2006DDE895511E3
:10F240003602872B2F00123202005EFF00113602B9
:10F2500007AB2F0011360181E005610B0803BFDE0B
:10F2600002F0113803BFDE02F011360002DE02F0B8
:10F270000000020200BF00144D0206ABD30012448E
:10F280000104C1070017A101855E85610B08020416
:10F290002C2300124401846001610B0801BC60371B
:10F2A0000017A201BC60031417A100B045E30018C9
:10F2B0000000B045E300180000B045E3001800016D
:10F2C000BC620300107701BC60031B507600025E35
:10F2D00002F0013E00682AEB00124900E84465573D
:10F2E00057A101BC63F71D17A2006D5E86F4524959
:10F2F00000E84466F44ABA006CC46556724B00E8F4
:10F300004467002AB30206ABD3001250006DC467F5
:10F3100001524E01BC6003000B100284C5AF001205
:10F32000BD03BFDE02F012510280456F0012BD0224
:10F330000701AB0012530180600209D04E01BC638B
:10F34000FF1FF7A10068C586F4325601BC600300B8
:10F350000ABD0204DEB700144D0184E002F5B7AD2A
:10F360000184E001610B080202DEB30012740206A0
:10F37000ABD30012650068AAF700925D00682B030A
:10F3800000125E03BFDE02F01263018B600E2B9150
:10F390005C0287ABD30012620182600209D04E0387
:10F3A000BFDE02F012630182600609D04E00025EE9
:10F3B00002F0121103BFDE02F01267018360062B18
:10F3C000915C00025E02F012110204DEAF001274C2
:10F3D0000282DEBB0012740068AAF700926C01067C
:10F3E000AB170017BB0068DEEF001270028480C705
:10F3F0000012740068AAF700326F006CC465567280
:10F40000730068AAF700927400682B03001274005E
:10F41000E845895AF7A1006D5E856052740186E067
:10F4200005610B0802835EBB00127A0206ABD300B3
:10F43000127800E845C95AF7A103BFDE02F012793D
:10F4400000E845895AF7A1006E5E8554B29702051F
:10F45000DEB700129300E02B97002AE501BC6003A1
:10F46000000AE700682C4700127F00E82C47002BB9
:10F470001101866002F5B7AD0204DEFF00128900BB
:10F48000B02B9B0017A200B02A9B0017A10283ACEF
:10F490002700128600682C87001287006D5E856445
:10F4A000328700B02C7F0017A2006D2B96F4528992
:10F4B0000184E002F7F7BF0206DEFF00129300E0CE
:10F4C0002BC7020AF100B04467000AFC01182BC7E1
:10F4D0000017A1011A2BC70017A2006E5E87001249
:10F4E00091006DDE895E529103BFDE02F01293013E
:10F4F000BC6003000AF10186E002F7F7BF02025E7A
:10F50000FF00144D0068AAEB00144D00B02AC7009C
:10F510000ABA03BFDE02F0144D0182E002F7F7BF22
:10F5200002862C2300129F0068B05B00129B0068CB
:10F53000305F00129F00E9446582D7A600E8C469E5
:10F5400082F7BB00E10EE2F4C3B800E08EE6F76399
:10F55000B902025EFF0012A7020600C70012A40251
:10F56000802BD30012A400B02B2B0017BB006E2BF6
:10F5700002F7744D02025EFF0012A700B04467005C
:10F580000ABA03BFDE02F0144D0205DEB70012B561
:10F5900000682AF70872AA00E8446555CAB60068F0
:10F5A0002C470012AC00E82C47002B1100E02B9FE9
:10F5B000002AE700B02BA30017A100B02A9B001778
:10F5C000A20283AC270012B200682C870012B3009D
:10F5D0006D5E896432B300B02C830017A1006D2BDF
:10F5E0009EF432B501BC6003000AE50068AAF7008A
:10F5F000B2B800B04467000AEF00B0446B000AF3F1
:10F600000068AAF70132BC00B04467000B0B020689
:10F610002BD30012BC00B02C7B010B1E03BFDE02FB
:10F62000F0144D020701AB0012BF0180600609D043
:10F630004E0204DEB70012C80283C5730012C20175
:10F64000876006F577AB0282DEB300144D0203C576
:10F650007300141C00E844655637A1006D5E8555A3
:10F66000B44D01836006F5D7AE03BFDE02F0144D42
:10F6700000E10ED30023B400E08ED70003B502866C
:10F680002C230012CD00B04467000C1600B0446B70
:10F69000000C170206AC230012D001846002F5B7FB
:10F6A000AD0186E001610B080206ABD30012D70161
:10F6B000BC6003000AD7006D45C71F52D400B04597
:10F6C000C7000AD700E044655AF7BB00E85EEE2E9B
:10F6D0002AB103BFDE02F012DC01BC6003000AD7CE
:10F6E000006D45871F52DA00B04587000AD700E059
:10F6F00044655AF7BB00E85EEE2C2AB10183600234
:10F70000F5D7AE0184E006F5B7AD0185E002F5B7A7
:10F71000AD01826002F7F7BF01856002F5B7AD0168
:10F72000BC6003000B0500E844655637A1006D5E20
:10F73000855DD2E2006D5E8555B2E600E02B630088
:10F740002AD800B02A930017B30206ABD30012F5F3
:10F7500001BC600301917800B045E300180000B0DF
:10F7600045E7000AC401BC600301B17800B045E37D
:10F7700000180000B045E7000AC501BC600301D1D4
:10F780007800B045E300180000B045E7000AC60164
:10F79000BC600301F17800B045E300180000B045FB
:10F7A000E7000AC703BFDE02F0130101BC600300DB
:10F7B000117800B045E300180000B045E7000AC426
:10F7C00001BC600300317800B045E300180000B0D0
:10F7D00045E7000AC501BC600300517800B045E36D
:10F7E00000180000B045E7000AC601BC60030071C4
:10F7F0007800B045E300180000B045E7000AC701F3
:10F8000082E001610B080207AB1B0013040182E0D8
:10F8100005610B0800B02B170017BB01285EEF0035
:10F820000ABD01BC60131C57BB02182B1B00130B35
:10F8300001182B1B0017A60080DE9AF777BB00B0DB
:10F8400041B70017B301342B1B0017A201182B1B63
:10F850000017A300682AF70033180068AAF700937E
:10F860001100685E8F00731A03BFDE02F0131800E8
:10F87000682AF70133170068AAF70053150068DEFD
:10F880008B00731903BFDE02F013170068AAF7009C
:10F89000731A0068DE8B00D31900685E8F00331A7C
:10F8A00000685E8F00131A018760055E8AF4020308
:10F8B0002BD300132200682AF702D31D0068AAF791
:10F8C00002B32201BC60131C57BB0234AB170013F8
:10F8D000220134AB170017A60080DE9AF777BB0031
:10F8E000B041B70017B302022C2700132401866031
:10F8F0000560AB05006E2AF701F328008860055704
:10F90000B7BB0020DEED5C532B03BFDE02F0132EED
:10F9100000E82AF70217BB00886006F777BB0020D3
:10F920005EED5C732E01856006F5B7AD020480C301
:10F9300000132E0184E00560AB05006E2AF701F389
:10F94000350088600557B7BB00205EEF0193330197
:10F9500086600160AB050068AC470013390020DE0B
:10F96000ED5A933803BFDE02F0133900E82AF7029C
:10F9700017BB00886006F777BB00205EED5AB339ED
:10F980000184600560AB050068AAF702F342010D2F
:10F99000AB170017A1010EAB170017A200685E8716
:10F9A00000134200E05E86F457A100E05E87080A7B
:10F9B000BD0186600160AB0500682C470013420161
:10F9C00084600160AB0502032BD300134E018360FA
:10F9D000015AAAD500682AF702D3490068AAF7029B
:10F9E000B35E0068AAE700134C0068AB2300134C19
:10F9F0000282DEBB00134C02072B1B00134C018458
:10FA0000600560AB0503BFDE02F0135E0283C573C1
:10FA100000135E00025E02F015BE0068AAF702B392
:10FA20005E018360055AAAD500E02C8F002B2301CC
:10FA3000856002F5B7AD0068AAE700135E0068AB09
:10FA40002300135E0282DEBB00135E00B02AC300F7
:10FA500017A201342B1B0017A1006EDE8706135975
:10FA600000B02ABF0017A2006E5E8964735E01BCFD
:10FA70006003000B2301BC6003000ADA0185600605
:10FA8000F5B7AD0184E005610B080068AAF700B383
:10FA90006802075EFF00136801342B1B0017A300E8
:10FAA0006DDE8D60336800685E8F0013680283AB83
:10FAB000170013660183600560AB0503BFDE02F02B
:10FAC000136800B02BDB000AF000B0446B000AF7AB
:10FAD0000068AAF70133770202AC2700136B018696
:10FAE000E00560AB050281ABD300137701BC600376
:10FAF000000ADA00682C2F00137700E8446561776C
:10FB0000A1006D5E8561937400B02C330017A200D4
:10FB1000E05E8961B7A2006DDE86F453760200AC28
:10FB2000230013770185600560AB0503BFDE02F09B
:10FB300013770180E001610B080068AAF701137ACE
:10FB400000B02AC7000AD10187E006F7F7BF020715
:10FB5000DEFF00137C0181E00560AB0500682AF739
:10FB600000338100682AF701F38102852BD300134B
:10FB70008000682AF70313810068AAF700939201B6
:10FB8000826006F7F7BF00B02AC7000AB90068AA6A
:10FB9000F703138800682B2300138800B0001300BC
:10FBA0000ABD00B02B7F000AC003BFDE02F0139134
:10FBB0000068AAF7009392011C2B17000AC00106E7
:10FBC000AB170017BB00685EEF00138F01BC60032A
:10FBD000006AC300B02C7B004B1E03BFDE02F01393
:10FBE0009100A82C7B004B1E01BC6003008AC3005F
:10FBF000B02AC7000AC80202DEBB00139F0284DEDF
:10FC0000FF0013950206DEFF00139F00B02AD70005
:10FC100017A2006DDE8955139E00B02B9B0017A222
:10FC200000B02A9B0017A10283AC2700139C006838
:10FC30002C8700139D006D5E8564339D00B02C7F82
:10FC40000017A2006DAB96F4539F0182E00560ABF4
:10FC5000050286ABD30013AD0088600557B7A1003D
:10FC600020DE856393A500E82AF70217A1008860CB
:10FC700006F437A100205E8563B3AB00682C6F00EB
:10FC800013AB01342B1B0017A2006E5E8B0293AAEC
:10FC900000B02C7B002B1E03BFDE02F013AB00A8CC
:10FCA0002C7B002B1E0068AAF702F3AD00B044675E
:10FCB000000B1B00E05ECD54B7B301826002F5D7A4
:10FCC000AE00B02C2B0017A100B02AD70017A2005D
:10FCD0006D5E895513B402865EB70013C503BFDE9F
:10FCE00002F013B6006D5E855FF3CA02812C23001B
:10FCF00013C501BC601F07706501BC601F11506413
:10FD000001BC601F11D7A400685A030013C100880A
:10FD1000580300F7A30134D8030017A200E95E8E50
:10FD20002337A301C3E0022357A500E8DE8AF4B716
:10FD3000A20068DE8B0013C1006EDE8EF673C50074
:10FD4000E0419300306400E04197019065006D410F
:10FD500092F493B903BFDE02F013CA00682AF700D9
:10FD600093CA00682AF70053CA00682AF70073CACA
:10FD700001826006F5D7AE00025E02F015BE01BC3E
:10FD800060131C57BB01342B1B0017A20080DE8AB6
:10FD9000F777BB00B041B70017A200682AF70053FD
:10FDA000D700682AF70253D700682AF70273D700F2
:10FDB000682AF70073D700682AF70853D700682A23
:10FDC000F70873D700682AF70893D700682AF70363
:10FDD000D3D703BFDE02F013E60185E006F5B7AD29
:10FDE00000685E8B0013E100B05E8B000AA6018202
:10FDF000E006F5D7AE00682C8B0013DE006E5E893E
:10FE00006453DE0181600563CB1E00E02BAB002A4A
:10FE1000EA006E5E896013E10182600560AB050057
:10FE2000E844655637A100B044670017A300682A6C
:10FE3000F70893E500E85E8EF42AAE01846002F7CD
:10FE4000F7BF0282DEB300144D0203C57300141C19
:10FE500000B02AAB0017A200B02AB30017A30068B5
:10FE6000AAF70093F602802BD30013F600B02B0301
:10FE70000017A1006D5E855873F20180E00560AB4C
:10FE80000500682B4F0013F201BC6003000ABC00A0
:10FE9000025E02F0159B00685E870013F600682B77
:10FEA000E70013F600B02BE70017A200B02BEB0021
:10FEB00017A300685E8F0013FF00682AEB0013FF92
:10FEC00000E844655757A100E05E8EF457A2006D2C
:10FED0005E86F453FF0181600560AB0500682B4F1F
:10FEE0000013FF01BC6003000ABC00025E02F015B3
:10FEF0009B0281AB2F00140402005EFF0014040279
:10FF000004452300140403A0DE02F014040183E07E
:10FF10000560AB050281AC2700141C02862C17007B
:10FF2000144D0286AC1700144D028080BF00144DA2
:10FF300002825EBB00144D02822BD300141C02818E
:10FF4000AC1700141C0280AC1700141C02812C1783
:10FF500000141C02822C1700141C028881AB0014B0
:10FF60001C0282AC1700141502832B1700141C020C
:10FF7000832C1700141502852C1700141502842CED
:10FF80001700141C0284AC1700141C0283AC170069
:10FF9000141C02845EB700141B0204DEAF00141BA5
:10FFA0000281DEBB00141B0184E002F577AB000286
:10FFB0005E02F0159F03BFDE02F0144D00E84465B9
:10FFC0005637A1006DDE8554B4280206ABD3001469
:10FFD000210183E0022B915C03BFDE02F0144D018E
:10FFE00083E0022B915C01BC600318517800B0459E
:10FFF000E3001800018360022F317900A84138F92D
:020000041005E5
:10000000D7A100B05E84FE704E03BFDE02F0144D37
:10001000028101AB00142C020081AB001437028472
:100020002C170014370280AC170014370206ABD32C
:10003000001435006BAC4223343000E04467014BC0
:1000400010018B60022B915C0287ABD3001433014B
:1000500082600609D04E03BFDE02F01434018260D4
:100060000209D04E03BFDE02F01436018360022B7A
:10007000915C03BFDE02F0144D0206ABD3001440C6
:10008000006BAC4223343B00E04467014B10018B12
:1000900060022B915C0287ABD300143E01826006A4
:1000A00009D04E03BFDE02F0143F0182600209D086
:1000B0004E03BFDE02F01446018B60022B915C01FF
:1000C000BC600318517800B045E30018000183605C
:1000D000022F317900A84138F9D7A100B05E84FE23
:1000E000704E00025E02F0121D02845EB700144DD5
:1000F00002832BD300144A00682AF702B44D01840E
:10010000E006F577AB00E02B27002AC903BFDE022B
:10011000F015870002DE02F000000185E002F5B76D
:10012000AD01836002F5D7AE0182E002F5D7AE01E2
:1001300082E002F7F7BF0184E002F7F7BF01BC607D
:1001400003000AD301BC6003000AC801BC600300BD
:100150000AC001BC6003000AEA018760015F6AFB14
:1001600001BC6003000C1601BC6003000C17018188
:10017000600163CB1E0002DE02F00000020200BF3D
:100180000014B20283DEFF0014DA0183E006F7F701
:10019000BF018560060B705B018560060BF05F0296
:1001A00006ABD300146601BC600302116D00B02AD7
:1001B0009700116E028045AB00147A03BFDE02F097
:1001C000146901BC600302115D00B02A9700115E42
:1001D0000280456B00147A0206ABD3001473006BE7
:1001E000AC4223346D00E04467014B10018B600288
:1001F0002B915C0287ABD30014700182600609D09A
:100200004E03BFDE02F014710182600209D04E017C
:1002100088600E2D516A03BFDE02F0147A018B60F4
:10022000022B915C01BC600318517800B045E300DB
:100230001800018360022F317900A84138F9D7A155
:1002400000B05E84FE704E0188600E2B515A00B0E3
:10025000413F1FF04F00682ABB00148001846006F4
:10026000F7F7BF01BC602F1717A300E04466F46ADC
:10027000B401BC6003000AAE00025E02F0144E003E
:10028000E844695FD7A1006EDE8700348A00B02B96
:10029000D7000AF001BC6003000AEF00682AEB00F7
:1002A000148A00B04467000AB900E84465554ABAA8
:1002B00000B02AB30017A100E82AEAF42ABA0280A3
:1002C00080BF0014970281DEBB0014A80206ABD3E6
:1002D00000148F0204C5AF00149703BFDE02F014B0
:1002E000900200456F0014970283C57300149702B3
:1002F00006ABD300149501BC63FF1FF7A10068C5CE
:10030000C6F434A803BFDE02F0149701BC63FF1FDC
:10031000F7A10068C586F434A80206ABD300149E8A
:10032000018B600E2B915C0287ABD300149C018281
:10033000600209D04E03BFDE02F0149D0182600608
:1003400009D04E03BFDE02F014A4018B600E2B9186
:100350005C01BC600318517800B045E3001800014F
:100360008B2B2E2F317900A84138F9D7A100B05E30
:1003700084F9B04E0184E002F5B7AD0184E002F5E6
:1003800077AB0185E001610B0803BFDE02F0159237
:100390000206ABD30014AB00025E02F0121D03BFD5
:1003A000DE02F014AD018360022B915C00025E025C
:1003B000F0121D0184E006F5B7AD0184E006F57783
:1003C000AB0206ABD30014B101846005610B0803D6
:1003D000BFDE02F01592018D60020BF05F0206ABEA
:1003E000D30014B60188600E2D516A03BFDE02F0FF
:1003F00014B70188600E2B515A028181AB0014C8DA
:100400000206ABD30014C1006BAC422334BC00E045
:100410004467014B10018B60062B915C0287ABD3C4
:100420000014BF0182600209D04E03BFDE02F01447
:10043000C00182600609D04E03BFDE02F014D7016E
:100440008B60062B915C01BC600318517800B045AD
:10045000E3001800018360022F317900A84138F9C8
:10046000D7A100B05E84FE704E03BFDE02F014D749
:100470000206ABD30014D1006BAC422334CC00E0B5
:100480004467014B10018B60022B915C0287ABD358
:100490000014CF0182600609D04E03BFDE02F014C3
:1004A000D00182600209D04E03BFDE02F014D701F2
:1004B0008B60022B915C01BC600318517800B04541
:1004C000E3001800018360022F317900A84138F958
:1004D000D7A100B05E84FE704E0184E002F5B7AD96
:1004E0000184E002F577AB00025E02F0144E0002D8
:1004F000DE02F0000000B0446B000AFE0202DEB330
:100500000014E70206ABD30014E5018360062B91CB
:100510005C0287ABD30014E20182600209D04E0373
:10052000BFDE02F014E30182600609D04E00025ED5
:1005300002F0121103BFDE02F014E7018360062B04
:10054000915C00025E02F0121101866005610B08E9
:10055000020200BF00150C0183E002F7F7BF02039F
:10056000C5730014FC020080BF0014FC0206ABD36C
:100570000014F5006BAC422334F000E04467014BFB
:1005800010018B600E2B915C0287ABD30014F3013A
:1005900082600209D04E03BFDE02F014F4018260D3
:1005A0000609D04E03BFDE02F0150B018B600E2B47
:1005B000915C01BC600318517800B045E30018005D
:1005C000018B2B2E2F317900A84138F9D7A100B02B
:1005D0005E84F9B04E03BFDE02F0150B0206ABD30A
:1005E00000150500E0446700B7BB006CC466F774F3
:1005F000FE018B60022B915C0287ABD300150301D7
:1006000082600609D04E03BFDE02F015040182604D
:100610000209D04E03BFDE02F0150B018B60022BE6
:10062000915C01BC600318517800B045E3001800EC
:10063000018360022F317900A84138F9D7A100B0B9
:100640005E84FE704E0182E002F597AC0002DE028D
:10065000F0000001BC60030037A20020E3FE091592
:10066000680020E0420D956802845EB300156802C0
:100670008042030015680284452300156803915EDB
:1006800002F015680068AB4F0015680282DEFF00BB
:10069000156800682ABB00151900E8446555D7B9EC
:1006A00000E82A9AF737B902805EFF00159B020125
:1006B00080C700159200B02AD70017A1006DDE8513
:1006C0005515920282DEB30015680203C57300154A
:1006D00049020480C700154900685E8B00152E0290
:1006E00084AC2300152E0203C5730015490202AB2A
:1006F000D300152502855EBB0015260282DEBB00F5
:10070000154900B02B830017A1006EAB6AF4352E9B
:100710000203C57300154900682A9B00152D006867
:100720002ABB00152E006ADEE554F549006ADEE5B5
:100730005A554900682AE700154902941DF300152F
:10074000310203DE5300153603BFDE02F01534011B
:10075000141DF30017A600901CBAF4D7A602005E81
:100760009B00153600B02B87000AA703BFDE02F0FE
:10077000159201BC600302579201BC63FF1FF0C3D6
:1007800001BC60030910E301865E8A1C70E30184EA
:1007900060061C70E300682AEF00153D0185E00645
:1007A0001C70E301BC600303978200025E02F01537
:1007B0007200B054130010E400E043915B30E40198
:1007C000BC60030010EE01BC63FF1FF0CE00E02A06
:1007D000EF002ABB01BC61030077A601141DF300E2
:1007E00017A200B05E8B000C1801BC610303EC196A
:1007F00003BFDE02F0156202845EB700156801BC1B
:1008000060230890E600025E02F0016A00B05ECF4D
:100810000010E40068AAF70035520205AC23001569
:100820005200E82ACE2337A3006DDE8E1C955200BD
:10083000B05E8F0010E400682A9B00155A00B02AB1
:10084000DB0010E40206ABD30015570284C5AF00ED
:10085000155A03BFDE02F015580280456F00155A85
:1008600000695EE700155A00E05EE556D0E40282BA
:10087000DEBB00155E00682AF700155E00E10EDAA7
:100880001C83B600E08EDF0003B701BC600301D714
:100890008200025E02F0157201BC61030077A603BC
:1008A000BFDE02F0156200B0004700108600025E55
:1008B00002F015F800025E02F010700190600A0963
:1008C000104801846006F597AC00B05E9B00108074
:1008D0000002DE02F0000002805EFF00156D028162
:1008E000DEBB00156D020180C7001592020480C7AF
:1008F00000159201806002F7F7BF0280C28F0015D9
:10090000930201DEBB00159301BC60030017A20334
:10091000BFDE02F0150E00685E4B0635790285DEFB
:10092000FF00158000B02B370017A1006DAAEEF470
:10093000358001BC600301378000B02B3B0017A15C
:10094000006D2AEEF4357B02812BD300157B01BCB0
:10095000600301778001BC600300378100025E0202
:10096000F0014301D2DE0AA030E000B0540B0010C9
:10097000E103BFDE02F015860280ABD300157901DA
:10098000BC600301578001BC600300178100025E58
:1009900002F0014300B054070010E000885E0B0035
:1009A00070E10002DE02F0000000682AF3001592F8
:1009B0000204DEAF00159200E844655797A4006E6C
:1009C0005E9154F59200885E930037A4006D5E91AD
:1009D00054F59200025E02F015E303BFDE02F0154B
:1009E0009F00E844655797A400885E930037A400F1
:1009F000025E02F015E303BFDE02F0159F0284DE03
:100A0000AF0015960181E002F5D7AE03BFDE02F01C
:100A1000159F00682B6700159B00E044655B2AD397
:100A200000682B6B00159A00E044655A4AD3000217
:100A3000DE02F0000001806006F7F7BF00682AF3CD
:100A400000159F00E844655797A400025E02F01568
:100A5000E301846002F597AC01BC6003000ABC01AD
:100A6000BC6003000AD301BC6003000ABB0104DEC2
:100A7000AF0017A101845E86F5B7AD0284DEAF003A
:100A800015A8018060060D906C0002DE02F00000E7
:100A90000285AC230015BD0203C5730015BD00B06F
:100AA0002A8F0017A30202AC230015AD00B02AAFB5
:100AB0000017A30202DEBB0015AF00B02A8B00179F
:100AC000A300E04466F46AB30185E005610B080009
:100AD000B04467000B030206ABD30015B7006BAC44
:100AE000422335B600E04467014B100183E0022B3E
:100AF000915C03BFDE02F015BD0183E0022B915C27
:100B000001BC600318517800B045E3001800018370
:100B100060022F317900A84138F9D7A100B05E8476
:100B2000FE704E0002DE02F000000202DEB300158D
:100B3000C90206ABD30015C7018B600E2B915C0276
:100B400087ABD30015C40182600209D04E03BFDE1B
:100B500002F015C50182600609D04E00025E02F067
:100B6000121103BFDE02F015DB018360062B915CDE
:100B700000025E02F012110203C5730015CE02845A
:100B8000DEAF0015CE0281DEBB0015CE02805EFF17
:100B90000015CE02045EB70015E20206ABD30015C5
:100BA000D5018B600E2B915C0287ABD30015D3016E
:100BB00082600209D04E03BFDE02F015D4018260CC
:100BC0000609D04E03BFDE02F015DB018B600E2B51
:100BD000915C01BC600318517800B045E300180037
:100BE000018B2B2E2F317900A84138F9D7A100B005
:100BF0005E84F9B04E0183E001610B080184600658
:100C0000F5B7AD0184E002F577AB01BC6003000AE3
:100C1000BB01846002F597AC0185E001610B08011E
:100C200086E001610B080002DE02F0000000682B84
:100C30005B0015E500B02B5B0017A4006D5E9155BD
:100C400055E700B02AAB0017A400882B070037A592
:100C500000E82B0AF4AAC200885E930037A400E0E3
:100C60002B0AF48AC200902B0B00AAC100B02B07FC
:100C7000000AA70002DE02F0000003A0DE02F01569
:100C8000F1020042030015F100025E02F00D2F0197
:100C900083E005610B0801846002F5B7AD0184E0D3
:100CA00006F577AB01BC6003000ABB01846002F566
:100CB00097AC00B04467000ABC0002DE02F00000FE
:100CC000010C81430017A101BC600300508A006839
:100CD0005E070016020068DE8700360201BC600372
:100CE00000B08A00685E070036020282DE0300164A
:100CF0000201BC600300908A0283DE03001602003A
:100D0000E0600AF4D08A00685E0700160A0190428B
:100D10002AA1308A00685E0700360A0190422AA0A4
:100D2000108A0109DE030017A2018F5E8A11508A22
:100D300000685E8B00160A0191E00E11508A0002D5
:100D4000DE02F000000109DE030017A400E05A06ED
:100D5000F497A500905E96F497A50203DE030016B3
:100D6000120282DE0300161201BC61EF0857A600D2
:100D700080DE96F4D7A50116DE870017A300885EF3
:100D8000870077A100E15E8702D7A100E0DE8F0037
:100D900017A301BC60030017A2020E5E0300161920
:100DA00001BC60030037A200905E96F457A5008056
:100DB000DE96F437A100E141B7FFF7A600E1DE8738
:100DC00001F7A10080DE96F477A300E1DE860DB77F
:100DD000A100E0DE8F0017A3017A5E86F477A10000
:100DE000885E86F457A100B05E870017A20287DEF6
:100DF0000300162600885E870057A103BFDE02F0BD
:100E0000163302875E0300162D01BC639B0CD7A529
:100E10000080DE86F4B7A100E141B7FFF7A500E04E
:100E2000DE870017A100885E870057A103BFDE029E
:100E3000F0163300885E870057A101BC639B0CF756
:100E4000A50080DE86F4B7A101BC62030017A500EF
:100E5000E141B6F4B7A500E0DE870017A100E05E2F
:100E60008400D7A10002DE02F0000002001FF7009C
:100E700000120282DE5300163B01886002049024B7
:100E800000E02092F3082400E8208EF3082303BF3B
:100E9000DE02F00B3701B8601604902401BC600339
:100EA00001D02503055E02F0164C0287C037000C06
:100EB0009E0386DE02F00CA100025E02F0123603F1
:100EC0005CDE02F0163D00D8409B0117A100E05EF9
:100ED0008702379800A85E630077980102DE53000E
:100EE00017A10182E002F297940188DE84FFA7FD3A
:100EF000006EA08EF3164C00E85E6301D02501B8A9
:100F0000600604902403BFDE02F000020181600449
:100F1000FFA7FD01B8600A04902403BFDE02F000C1
:100F20000202285E8700166200B041930017A400F9
:100F3000E04193007064010A5E870017A200E84157
:100F400092F4506301185E870017A100E86042F434
:100F500037A200885602F436000068418EF4965E8F
:100F600000E8418F00306300E8419300306400687E
:100F70005E8B02165600905602F457A300B0580636
:100F8000F4760103BFDE02F0165600684192F49633
:100F90006200E8419300306401BC60030016000366
:100FA000BFDE02F0165E00B05E870017A10002DE11
:100FB00002F000000180600286143000B050CB00C7
:100FC0001065013850830017A10068DE3B06366AC1
:100FD00000E05A3300368C006EDA32F4201200B092
:100FE0005A0B0017A201BC63FF1FF7A300B050CF3C
:100FF000001064006EDA32F4366F00B05A37001712
:10100000A300B0581300178201BC6003001604014E
:10101000BC601B1FD7B60102D0C70017A100E0417A
:1010200096F4306500E050CB00D06401BC60030052
:1010300017B401BC600300178001BC600300378156
:10104000018760040310A0009052330097A400E0D1
:10105000418701B7B500685ED2F0569600E05EDACF
:10106000F690630020D802F0368A020250C70016BC
:1010700090009056030097A100E85E86F497A101C6
:101080009E6002F437A1006DDE87081690010A5EAB
:10109000870017A201DA6002F437A100E05ED6F4FF
:1010A000506300886006F437A100205602F43690A1
:1010B00000B05802F0360000E05A2B00368A006A71
:1010C000DED2F4768C0068DED2F0169100E05E038A
:1010D00000378000685E030036910186E00403104B
:1010E000A003BFDE02F01691006ADED2F4768C0017
:1010F000E05ED30037B400D05E0700378102985E0F
:10110000D300167B00E0419300306403BFDE02F0A1
:10111000167B00685E0300001203BFDE02F006CCFF
:101120000282D0C70016A000B02A370017A101B86C
:101130002A32F4368401025013001685013C508394
:101140000017A100B050A70017A4006D5A32F43662
:10115000A90182E0068634310288502B0016A500D2
:10116000B05A330017A1019E5E8684F42701836084
:10117000068634310002DE02F0000000B050730039
:1011800017A101B8506EF436840106D00700168509
:1011900000B050AB0017A400D06006C0978000E0FC
:1011A000419700D7B5010A58130017A100E05ED699
:1011B000F437B500B0580F0010630116560300173E
:1011C000810068D8130016BE011400630017A10047
:1011D00068DE870016B40088013B01168003BFDE7D
:1011E00002F016B90068DE870076B700A0013BE088
:1011F000168003BFDE02F016B900E05E8709706258
:101200000088540301168000E85A0330168001BCA0
:10121000600300168101BC600300168201BC6003FC
:1012200000168303BFDE02F016C300E0418EC090BB
:1012300063006EC18EC036C300E8418EC0306300CB
:10124000E858030037A100E0418EF43063013850C4
:10125000A30017A50068581303F6DE0068418EC08E
:1012600056DE006DDA0AF4B6DE011656030017A149
:101270000068DE86F036DE015856030017A100E054
:101280005E870DD7A200B05ED70010620020DE029C
:10129000A016D500E05E86D037A300E05E8ED07742
:1012A000A3006D5A02F456DE006E5E8EF496DE00E8
:1012B000E86002F4368300B05E8F00168100A05A09
:1012C0000F00768300E05A0B00368200E85A02F4E1
:1012D000568000D05E0300378000E05813003604CB
:1012E00000E0418F003063029858130016DB00E0E5
:1012F0005ED70037B5006EC18EC036C400B058034B
:1013000000106303BFDE02F016C400B058130017CC
:10131000A10068DA370016E100B05E8700168D0084
:101320006DDE86D1B6E300B05E8700168D0002DE6A
:1013300002F0000001BC60030017A10187600403F4
:1013400010A001BC60030990B500B0006300F0B4C8
:1013500001BC60570310B601BC60030090B500B03B
:10136000006300B0B400B042D30018000317DE02DF
:10137000F016EC0397DE02F016ED00B02A330014ED
:101380002F018EE00C0310A0006DDE02D1B6F30039
:10139000E85A36F0168D03BFDE02F016F501BC6088
:1013A0000300168C01BC600300168D006E5A3AF0E3
:1013B00016F801BC600300168E03BFDE02F016F9BA
:1013C00000E85A3AF0168E00B058070017A100E066
:1013D000580EF01603006ED80EF436FF00E85E8655
:1013E000C017A100E8580EF4360300E8580F003685
:1013F0000301185E030017A1006DDE03021707004A
:10140000E86042F437A200905A1AF4368600885AEF
:101410001EF457A200905A1EF4368700B05A1AF4F0
:10142000568603BFDE02F0170900905A1EF4368676
:1014300001BC60030016870002DE02F000000158C4
:10144000600300102A01B8600A04902401BC600304
:101450000290040189E0020D906C0002DE02F000AF
:10146000000200DE5300171901BC60170777A100C6
:10147000025E02F0012700B040670017A200B05ED4
:101480008B0057A200025E02F0012B01BC60030337
:10149000378001BC600300178100025E02F0113248
:1014A0000002DE02F0000001BC600303378000028E
:1014B0005E02F0112D0183E006F037810181E00624
:1014C000F0378100025E02F0113200B05E070017B3
:1014D000A200E044670B57A1006B4466F43720017B
:1014E000BC600311378000025E02F0112D018060A4
:1014F00006F0378100025E02F0113201BC60030089
:10150000978000025E02F0112D01806006F03781A5
:1015100000025E02F0113200E044670157A1006B47
:101520004466F4372A01BC600303378001A0607E63
:10153000F4578100025E02F0113200E04467079721
:10154000A1006B4466F4372F01BC60031157800083
:10155000025E02F0112D01846006F0378100025E08
:1015600002F0113200B05E070017A201BC60030A4E
:10157000378000025E02F0112D01806002F0378199
:1015800000025E02F0113200E044670037A1006BF8
:101590004466F4373A01806006F0378100025E024B
:1015A000F0113201BC600308578000025E02F011A6
:1015B0002D018A6002F0378100025E02F0113200D4
:1015C000E044670037A1006B4466F43742018A604B
:1015D0000EF0378100025E02F0113200E04467062F
:1015E00057A1006B4466F4374601BC60030CB7801A
:1015F00000025E02F0112D0280DE0700173001BCF0
:10160000600311578001846002F4578100025E027A
:10161000F0113201BC60030037A30206ABD3001700
:10162000510284C5AF00175903BFDE02F017520202
:1016300080456F00175901BC60030017A3018B6040
:101640000E2B915C01BC600318517800B045E3009B
:101650001800018B2B2E2F317900A84138F9D7A122
:1016600000B05E84F9B04E01BC60170777A100029C
:101670005E02F0012700B040670017A200A85E8B51
:101680000057A200025E02F0012B00E04467015700
:10169000A1006B4466F4375F01BC600301B7A10190
:1016A000BC60030477A200025E02F0012B01BC6063
:1016B000130AF7A101BC60030017A200025E02F04A
:1016C000012B01BC60030117A400E85E930037A45E
:1016D00001BC600301D7A100B05E930017A2000215
:1016E0005E02F0012B01BC60130AD7A101BC6003AC
:1016F0000017A200025E02F0012B0068DE930017C3
:101700006700685E8F0017710002DE02F0000001C2
:10171000BC60270CB7A101BC60030197A200025E68
:1017200002F0012B01BC60270EB7A101BC600301D0
:1017300037A200025E02F0012B01BC60030657A431
:1017400001BC60030077A301BC60130957A100022C
:101750005E02F00127018060060337A200025E02EC
:10176000F0012B01806002F457A200025E02F0013A
:101770002B00E04466F497A1006B4466F4378000C8
:10178000E85E8F0037A300685E8F00178701BC609A
:10179000030317A401BC60270F17A100025E02F02B
:1017A00001270068C0671FF77901BC60270EB7A149
:1017B00001BC600301F7A200025E02F0012B0002EF
:1017C000DE02F000000002DE02F000000200DE5344
:1017D00000179D01BC60130E77A100025E02F001AC
:1017E0002700A040673FEC4401BC60131497A100A0
:1017F000025E02F001270196E0020337A200025EBA
:1018000002F0012B01BC601309B7A100025E02F0D7
:101810000127018760020337A200025E02F0012B5C
:1018200001BC60130997A100025E02F00127018745
:1018300060060337A200025E02F0012B0002DE0206
:10184000F0000001BC60730017A301BC6013149783
:10185000A100025E02F0012700A04066F477A40117
:1018600096E01EF497A300B05E8D8897A200025EFA
:1018700002F0012B01BC601309B7A100025E02F067
:101880000127018760060337A200025E02F0012BE8
:1018900001BC60130997A100025E02F001270187D5
:1018A00060060337A200025E02F0012B0002DE0296
:1018B000F000000068DE930017B100E05E030057FF
:1018C000A201095E8B0017A103BFDE02F017B90069
:1018D00068DE930037B501105E030017A200E05EDA
:1018E0008B0097A103BFDE02F017B901305E030041
:1018F00017A200E05E8B0197A1006D5E870597B986
:1019000001BC60030597A10002DE02F00000006840
:101910002BCB0017BF00B02BF30017A100E05E85B2
:101920005FB7A1006BDE862337BF0186E006F7F7BD
:10193000BF0002DE02F0000000681F330017CD0276
:101940000200BF0017C3020345730017CD0285C50F
:10195000230017CD00681F330037CB00B01FC7002E
:1019600017A100025E02F0012700A84064F9D7A287
:1019700000B05E88F9B7A200025E02F0012B03BF3F
:10198000DE02F017CD00A84138F9D7A100B05E847F
:10199000F9B04E0002DE02F00000020200BF0017A4
:1019A000C3020345730017CD0158600300102A01DC
:1019B00089E0020D906C01BC600300900400B0400F
:1019C000130017A10002DE02F00000018260060F82
:1019D00010780207C1E30017D601BC60030C17A3FF
:1019E00001BC600300907601BC6003001077000228
:1019F0005E02F0013401BC60030C97A300025E029A
:101A0000F0012F008860118757A101BC5E860EF09F
:101A10007700025E02F0013401BC60030C17A301E1
:101A2000BC600300B07601BC600300107700025E6A
:101A300002F0013401BC60030C97A300025E02F0C7
:101A4000012F008860058757A101BC5E860ED07605
:101A500000025E02F0013401BC60030017A3000223
:101A60005E02F0012F018560060ED07600025E0254
:101A7000F0013401BC60030C17A301BC600300300B
:101A80007601BC600300107700025E02F0013401B1
:101A9000BC60030C97A300025E02F0012F01AC6052
:101AA000A20EF07700025E02F0013401BC60030078
:101AB00017A300025E02F0012F018560060ED076AA
:101AC00000025E02F0013401BC60030C17A301BCEC
:101AD000600300307601BC600300107700025E02F4
:101AE000F0013401BC60030C97A300025E02F00118
:101AF0002F01AC60020EF07700025E02F0013401AB
:101B0000BC60030017A300025E02F0012F01856094
:101B1000060ED07600025E02F00134018260020FF0
:101B200010780002DE02F0000001BC60130817A16B
:101B300000025E02F00127018060020337A200026A
:101B40005E02F0012B01BC60030037A100025E02BF
:101B5000F001270188600E0337A20068B0EB00187F
:101B6000100188600A0337A200025E02F0012B0117
:101B7000BC601B0657A100025E02F00127018830FD
:101B8000EA0337A200025E02F0012B00025E02F0BF
:101B900017D501BC60130817A100025E02F00127EF
:101BA000018060060337A200025E02F0012B0002F2
:101BB000DE02F0000001BC60430890E600025E0215
:101BC000F0016A01BC604F1110E40190600A091035
:101BD0004801BC600300000601BC600301D782011C
:101BE000D2DE0877F0E000B00F030010E100B00093
:101BF0004700108600B00F1F00108A01BC60030070
:101C0000378100025E02F0107001BC60030010BB5F
:101C100001BC61030010800182600610308103D096
:101C20005E02F003940002DE02F0000000681F83F1
:101C3000001882028042030018820285C523001822
:101C40008200681F8F00388200681F8B00385F0198
:101C5000BC60130817A100025E02F001270180603A
:101C6000020337A200025E02F0012B01BC601B1BC5
:101C700057A100025E02F0012700B04067000C3E51
:101C80000182E0060337A200025E02F0012B01840C
:101C90006006F457A200025E02F0012B01BC60272F
:101CA0000F37A100025E02F0012700B04067000C70
:101CB0003F018860060337A200025E02F0012B019B
:101CC000BC60271597A100025E02F0012700B0401A
:101CD00067000C40019B60160337A201806006F488
:101CE00057A200025E02F0012B01BC60131077A125
:101CF00001BC600B0017A200025E02F0012B01BCC8
:101D000060131057A100025E02F0012701B8608243
:101D10000337A200025E02F0012B01BC60131037F2
:101D2000A100025E02F001270180E0020337A20059
:101D3000025E02F0012B01BC60030007E201BC60FF
:101D4000030007E30068310F00185700E04465887E
:101D500067E103BFDE02F0185800E044670807E1BE
:101D600001BC60131037A100025E02F00127018060
:101D700060060337A200025E02F0012B01BC600383
:101D80000027E200025E02F001270200406700180F
:101D900073028042030018730285C5230018730183
:101DA000BC60131037A100025E02F0012702004060
:101DB00067001866006CC464FC385F00E0310700FF
:101DC0002C4100E0310B002C4201BC601310F7A144
:101DD00000025E02F0012700B0406700018401BCF0
:101DE000601310D7A100025E02F0012700B0406727
:101DF00000018501BC602B1357A100025E02F001B7
:101E00002700B0406700018601BC60131117A100D4
:101E1000025E02F0012700B0406700018701BC604C
:101E2000271597A100B031030017A200025E02F04F
:101E3000012B01BC60270F37A100B030FF0017A2B3
:101E400000025E02F0012B01BC601B1B57A100B019
:101E500030FB0017A200025E02F0012B01BC6013F0
:101E60000817A100025E02F0012701806006033717
:101E7000A200025E02F0012B01BC60030007E20138
:101E8000BC60030007E000B05E870017A10002DE1F
:101E900002F0000001BC6003000C2500B030CB0054
:101EA000179E00B030CF00179D00B030D300179CB4
:101EB00000B030D700179B03BFDE02F00A1A000003
:101EC0000000000000000000000000000000000012
:101ED0000000000000000000000000000000000002
:101EE0000000000000207EC0000000000000000094
:101EF00000000000000000000000000000000000E2
:101F000000000000000000000000000000000000D1
:101F100000000000000000000000000000000000C1
:101F20000000000000207EC0000000000000000053
:101F300000000000000000000000000000000000A1
:101F40000000000000000000000020000000401120
:101F500001000000000080160100800000008016D3
:101F60000100800300008016000000400000801A7D
:101F70002100E00300008016000200400000801AEB
:101F8000100200400000801A100202400000801A77
:101F90006100E00300008016100200400000801A7B
:101FA0006101E01300008016300200400000801A3A
:101FB000100200400000801A1C0200400000801A3D
:101FC000000200000000801A1C0A00400000801A75
:101FD0001C0A20400000801A1FCA20400000801AFE
:101FE0001FCA20400000801A010000000000801E6F
:101FF000090000000000801E0000000000008002B8
:1020000000000000000080020000000000008002CC
:10201000080000000000801E000000000000801E7C
:10202000010000000000801E110000000000801E62
:102030001FCA20C00000801A1FCA20C00000801ADA
:102040005FCA20C00000801AB06400000000800E4B
:102050000000280000008012110000000000801E17
:1020600000000000C825428500000000000040017B
:1020700000000000000040010000000000004001DE
:102080005FCA2040000040191FCA204000004019CC
:10209000010000000000401D010000000000401D84
:1020A000010000000000401D090000000000401D6C
:1020B0001FC22040000040190F0000000000401D1A
:1020C0001FC220C0000040191BC220C000004019E0
:1020D000207D00000000400D0000200000004011A5
:1020E00000000000330442890000000000004001AD
:1020F000000000000000400100000000000040015E
:102100001BC2204000004019090000000000401DD3
:102110001BC2204000004019010000000000401DCB
:10212000000000000000401D1FC2204000004019B8
:10213000010000000000401D090000000000401DDB
:102140001FC22040000040190B0100000000401D8C
:102150001FC220C0000040191BC220C0000040194F
:10216000C07700000000400D000028000000401172
:1021700000000000331C4289000000000000400104
:1021800000000000000040010000000000004001CD
:102190001FC220C0000040191FC220C0000040190B
:1021A0006100E01300004015000000000000400145
:1021B000000000000000400100000000000040019D
:1021C0006101E0130000401513C220C00000401957
:1021D00061018013000040150A0100000000401D4D
:1021E00013C220C00000401908040000000000F8DD
:1021F000000000000000400100000000000040015D
:10220000000000000000400100000000000040014C
:10221000000000000000400113C2204000004019EF
:102220000B0100000000401D13C220C00000401937
:10223000000000000000400100000000000040011C
:10224000030100000000401D13C22040000040199F
:1022500000000800000040116101801300004015DB
:1022600061018013000040156101801300004015DA
:102270001FC22040000040191FC22040000040192A
:102280001FC22040000040190B0100000000401D4B
:102290000B0100000000401D1FC220C000004019BB
:1022A0001BC220C000004019C37700000000400D91
:1022B000000008000000401100000000131C4288CC
:1022C000000000000000400100000000000040018C
:1022D00000000000000040011BC220400000401927
:1022E000090000000000401D1BCA204000004019EA
:1022F0001FCA204000004019090000000000401DD6
:102300001FC22040000040190F0000000000401DC7
:102310001FC220C0000040191BC220C0000040198D
:10232000237D00000000400D00000000000040116F
:10233000000000001304428800000000000040017B
:10234000000000000000400100000000000040010B
:102350001BC2204000004019090000000000401D81
:102360001BCA204000004019010000000000401D71
:102370001FCA204000004019110000000000401D4D
:102380001FCA2040000040191FCA20C00000401989
:102390001FCA20C0000040191FCA20C000004019F9
:1023A0005FCA20C000004019B06400000000400D6A
:1023B0000000080000004011110000000000401D56
:1023C00000000000B8254284000000000000400129
:1023D000000000000000400100000000000040017B
:1023E0005FCA204000004019010000000000401DAD
:1023F0001FCA2040000040191FCA20400000401999
:10240000000000000000401D1C0A204000000018D1
:102410001C0A20400000001800000000000000100E
:10242000000000000000001C610180130000001487
:102430001C0A204000000018610180030000001405
:10244000100A204000000018000A20400000001878
:10245000000A004000000018410180030000001441
:1024600000080040000000180000100000000010EC
:102470000008024000000018000803400000001897
:10248000000802400000001800080040000000188A
:1024900000000000000000100008004000000018CC
:1024A00000080040000000184101800000000014F6
:1024B0004101000000000014400100000000001471
:1024C0000008024000000018000100000000001495
:1024D0000008004000000018000800C000000018BC
:1024E000080C00000000000408080000000000FCC8
:1024F00000000000000000000000000000000000DC
:1025000000000000000000000C715D48075F310012
:10251000B3C9A561005B234B45252447280800006B
:1025200000000000941DC51301BD320801003433C2
:1025300034333961302D726F6D6C2F7364696F2D78
:10254000672D706F6F6C2D7032702D6964737570AC
:102550002D6964617574682D706B7466696C74653F
:10256000722D6B656570616C6976652D616F652D87
:102570006C70632D73776469762D73726661737402
:102580002D66756172742D627463782D6E6F636C45
:102590006D696E632D636C6D5F6D696E2D6662741F
:1025A0002D6D66702D7361652D776F776C70662D5C
:1025B000746B6F2056657273696F6E3A20372E39CF
:1025C000352E343920283232373162623620435971
:1025D00029204352433A20623761323865663320FE
:1025E000446174653A204D6F6E20323032312D31A6
:1025F000312D32392032323A35303A323720505389
:10260000542055636F6465205665723A203130342A
:10261000332E3231363220465749442030312D6333
:102620003531643934303000FA00445649442030A2
:10263000312D623062343532306600000000000017
:10264000000000000000000000000000000000008A
:10265000000000000000000000000000000000007A
:10266000000000000000000000000000000000006A
:10267000000000000000000000000000424C4F423B
:102680003C000000FA69E0BB01000000020000000D
:10269000000000003C000000980300000A6F2B526D
:1026A0000000000000000000D4030000040000004F
:1026B000A0B0E5E200000000434C4D2044415441ED
:1026C00000000C00020052617370626572727950F2
:1026D000692E5069636F57000000312E32392E3455
:1026E000000000000000000070000000436C6D4915
:1026F0006D706F72743A20312E34372E3100000025
:102700000000000000000000000076352032322F6B
:1027100030362F32340000000000000000000000BE
:10272000010B010D0C0D0000680300007401000096
:1027300068000000300100007C0100000000000083
:102740004C0100004601000058030000000000009A
:102750002801000090030000880300007FB2000001
:102760000000000000000000000000000000000069
:102770000000000000000000000000000000000059
:1027800070030000000000003201000000000000A3
:102790000000000000000000000000000000000039
:1027A0000000000000000000000000000000000029
:1027B0000000000000000000000000000000000019
:1027C0000000000000000000000000000000000009
:1027D00000000000000000000000000000000000F9
:1027E00034000000810100000102323032322D300D
:1027F000362D32342030363A35353A303800000044
:10280000FF0000000100FF011E000001480001015F
:1028100000FF01140000014800010000FF0000005B
:10282000020000011E01000148010100000000003B
:10283000000000000001000101236E000200FFFF04
:10284000F000415400010001FFC0004155000100AB
:1028500001FFC000424500010001FFC000425200DC
:10286000010001FFC00043410000FF00FFCC004316
:102870004800010001FFC000434C00010001FFC0FF
:1028800000434E00010001FFC000434F0001000162
:10289000FFC000435A00010001FFC0004445000191
:1028A000FF01FFCC00444B00010001FFC000454583
:1028B00000010001FFC000455300010001FFC000FE
:1028C000465200010001FFC000474200010001FF25
:1028D000C000475200010001FFC000484B0001004A
:1028E00001FFC000485500010001FFC000494C0035
:1028F000010001FFC000494E00010001FFC0004976
:102900005300010001FFC000495400010001FFC055
:10291000004A5000010001FFC0004B4500010001CA
:10292000FFC0004B5200010001FFC0004C490001F4
:102930000001FFC0004C5400010001FFC0004C55D5
:1029400000010001FFC0004C5600010001FFC00063
:102950004D5400010001FFC0004D5800010001FF6F
:10296000C0004D5900010001FFC0004E47000100AA
:1029700001FFC0004E4C00010001FFC0004E4F009F
:10298000010001FFC0004E5A00010001FFC00050CD
:102990004500010001FFC000504800010001FFC0D8
:1029A00000504C00010001FFC00050540001000124
:1029B000FFC000534500010001FFC0005347000164
:1029C0000001FFC000534900010001FFC000534B4C
:1029D00000010001FFC000544800010001FFC000D9
:1029E000545200010001FFC000545700010001FFD4
:1029F000C000555300000000FFC00058580003FFFE
:102A000002FFCC005A4100010001FFC000010D018E
:102A100000014800000001480000000148010000DA
:102A200001000000550300000A0C0D0E0F101112DA
:102A30001314150C000102030405060708090A0B0C
:102A40000000000000000000000000000000000086
:102A5000AFA900004E5652414D5265763D24526555
:102A60007624006D616E6669643D307832643000B2
:102A700070726F6469643D30783037323700766544
:102A80006E6469643D30783134653400646576691C
:102A9000643D30783433653200626F6172647479FA
:102AA00070653D30783038383700626F617264721B
:102AB00065763D30783131303000626F6172646E1E
:102AC000756D3D3232006D6163616464723D30301A
:102AD0003A41303A35303A62353A35393A3565005F
:102AE00073726F6D7265763D313100626F61726431
:102AF000666C6167733D307830303430343030315B
:102B000000626F617264666C616773333D30783068
:102B100034303030303030007874616C66726571FA
:102B20003D3337343030006E6F6372633D31006186
:102B300067303D32353500616132673D3100636396
:102B40006F64653D414C4C0070613069747373690A
:102B5000743D307832300065787470616761696EF9
:102B600032673D30007061326761303D2D3136385B
:102B70002C363634392C2D373738004176566D696E
:102B8000645F63303D3078302C30786338006363A5
:102B90006B7077726F6666736574303D35006D617A
:102BA0007870326761303D383400747870777262C3
:102BB000636B6F663D360063636B627732303267FA
:102BC000706F3D30006C65676F66646D62773230A0
:102BD0003267706F3D307836363131313131310006
:102BE0006D6373627732303267706F3D307837379C
:102BF0003731313131310070726F7062773230327B
:102C000067706F3D30786464006F66646D646967F7
:102C100066696C74747970653D3138006F66646DF7
:102C200064696766696C747479706562653D313892
:102C300000706170646D6F64653D31007061706437
:102C400076616C6964746573743D310070616361B1
:102C50006C69647832673D3435007061706465700A
:102C6000736F66667365743D2D33300070617064F8
:102C7000656E646964783D3538006C746563786DA1
:102C800075783D30006C746563787061646E756D45
:102C90003D307830313032006C74656378666E7325
:102CA000656C3D30783434006C74656378676369B3
:102CB0006770696F3D3078303100696C306D6163E9
:102CC000616464723D30303A39303A34633A633586
:102CD0003A31323A333800776C3069643D307834B9
:102CE00033316200646561646D616E5F746F3D30A5
:102CF000786666666666666666006D7578656E619E
:102D0000623D30783130300073707572636F6E667B
:102D100069673D30783300676C697463685F62612E
:102D20007365645F6372736D696E3D3100627463D5
:102D30005F6D6F64653D3100000000000050F201DE
:102D400000000000636C6D6C6F61640000000000A7
:102D5000636C6D6C6F61645F737461747573000094
:102D600000000000636F756E74727900000000004F
:102D7000636C6D76657200006375725F657468657B
:102D80007261646472000000000000000000000036
:102D900000A050B5595E000062737300000000008F
:102DA0006D61786173736F63000000006363677027
:102DB000696F696E00000000E24C0110A64C011022
:102DC000A64C0110024D0110A64C0110A64C01109A
:102DD0003C4D0110A64C0110A64C0110A64C011050
:102DE000A64C0110B44C0110A64C0110A64C0110C9
:102DF000A64C0110A64C0110564D0110A64C011016
:102E0000A64C0110A64C0110A64C0110A64C0110B6
:102E1000A64C0110C44C0110A64C0110A64C011088
:102E2000A64C0110A64C0110A64C0110A64C011096
:102E3000A64C0110A64C0110A64C0110A64C011086
:102E4000A64C0110A64C0110A64C0110A64C011076
:102E5000A64C0110A64C0110A64C0110A64C011066
:102E6000A64C0110A64C0110A64C0110A64C011056
:102E70008C4D011063797734335F656E73757265BD
:102E80005F7570007570646174655F75735F7369F9
:102E90006E63655F626F6F7400000000D4A801105C
:102EA000E0A8011000000000E8A8011000000000E8
:102EB00000000000F0A80110FCA8011000000000B4
:102EC000000000000000000004A9011010A901107A
:102ED00000000000000000000000000020A9011018
:102EE00000000000000000000000000000000000E2
:102EF00000000000000000000000000000000000D2
:102F000000000000000000000000000000000000C1
:102F100000000000000000000000000000000000B1
:102F200000000000000000000000000000000000A1
:102F30000000000000000000000000000000000091
:102F40000000000000000000000000000000000081
:102F50000000000028A9011000000000000000008F
:102F60000000000000000000000000000000000061
:102F70000000000000000000000000000000000051
:102F80000000000000000000000000000000000041
:102F90000000000000000000000000000000000031
:102FA0000000000000000000000000000000000021
:102FB00030A9011000000000000000000000000027
:102FC0000000000000000000000000000000000001
:102FD00000000000000000000000000040A90110F7
:102FE00000000000000000000000000000000000E1
:102FF000000000000000000054A9011064A90110A5
:1030000070696F5F72656D6F76655F70726F677202
:10301000616D00005F70696F5F66696E645F6F6607
:10302000667365745F666F725F70726F6772616DF1
:103030000000000063797734335F647269766572EB
:103040005F6465696E69740063797734335F7363B5
:10305000686564756C655F696E7465726E616C5FDE
:10306000706F6C6C5F6469737061746368000000FA
:1030700063797734335F706F73745F706F6C6C5FFC
:10308000686F6F6B0000000063797734335F69729B
:10309000715F6465696E6974000000007570646139
:1030A00074655F75735F73696E63655F626F6F747C
:1030B0000000000063797734335F736C6565705F7F
:1030C00074696D656F75745F7265616368656400CE
:1030D00063797734335F646F5F706F6C6C000000EE
:1030E00063797734335F6972715F696E6974000068
:1030F0006C6F775F7072696F5F6972715F696E691B
:10310000740000006C6F775F7072696F7269747918
:103110005F6972715F68616E646C657200000000C7
:103120006C6F775F7072696F5F6972715F646569F8
:103130006E6974006173796E635F636F6E74657836
:10314000745F746872656164736166655F62616310
:103150006B67726F756E645F6465696E6974000099
:103160006173796E635F636F6E746578745F7468A2
:1031700072656164736166655F6261636B67726FDC
:10318000756E645F696E697400000000757064613B
:1031900074655F75735F73696E63655F626F6F748B
:1031A0000000000070726F636573735F756E646515
:1031B000725F6C6F636B000002000000F958011031
:1031C000CD5A011061590110AF5A0110795C0110FC
:1031D000595C0110395C0110195C01105359011040
:1031E00000000000FF5B0110F55B0110255B011082
:1031F0006932635F7365745F62617564726174657F
:0432000000000000CA
:10320400A0B30110ACB3011088020010B8B30110D0
:1032140094020010A0020010AC020010F8B30110D8
:10322400F0B5C64600B5040090461F002668EFF3CB
:10323400108C72B63568002DFCD0BFF35F8F042369
:10324400E55E002D0EDC2368BFF35F8F00221A6059
:103254008CF310884046390000F02AFE0028E5D09F
:10326400002009E0013DA5802368BFF35F8F0022A1
:103274001A608CF31088012080BCB846F0BD10B5EC
:103284000268EFF3108172B61368002BFCD0BFF311
:103294005F8F0422835E0624025F93420BDA0133BC
:1032A40083800368BFF35F8F00221A6081F3108864
:1032B40040BF012010BD0368BFF35F8F00221A6076
:1032C40081F310880020F5E710B5D0231B060024F5
:1032D4001C570DE0154B164A1648382100F0D8FD4E
:1032E4000368BFF35F8F00221A6081F3108820BF48
:1032F4000268EFF3108172B61368002BFCD0BFF3A1
:103304005F8F0423C356A34201D0002BE8DA047173
:1033140043790133DBB243710268BFF35F8F00204E
:10332400106081F31088002BD4D010BD44730110B9
:10333400BCAF01104C73011003000068EFF3108C54
:1033440072B60268002AFCD0BFF35F8F04229A563B
:10335400002A0BDB002910D00A6000201B68BFF391
:103364005F8F00221A608CF310887047D0221206F7
:10337400127852B21A710120F0E70020EEE7000043
:1033840010B50300D0221206002010561C68EFF37B
:10339400108C72B62268002AFCD0BFF35F8F04221F
:1033A4009A56002A06DB824204D0002918D00A600B
:1033B400002007E018715A790132D2B25A71002AFA
:1033C40008D001201B68BFF35F8F00221A608CF3C2
:1033D400108810BD034B044A0448652100F058FDD1
:1033E4000020EFE744730110A0AF01104C730110EB
:1033F400F8B5CE46474680B50400170098460368E2
:10340400002B20D0D0231B061B785BB2994626687C
:10341400EFF3108C72B63568002DFCD0BFF35F8FCC
:1034240004256557002D14DB2368BFF35F8F00224A
:103434001A608CF310883800414600F039FD0028EA
:10344400E5D000200FE00A4B0A4A0B48852100F022
:103454001FFD4B4623712368BFF35F8F00221A6060
:103464008CF310880120C0BCB946B046F8BDC046F4
:10347400A073011070AF01104C73011070B582B0CD
:10348400060015001C0001A9FFF756FF002807D10C
:10349400019B5BB2D0221206127852B2934201D140
:1034A40002B070BD2A0023003000FFF7A1FFF7E748
:1034B40010B582B00400684600F002FD009A019B3A
:1034C4002000FFF795FF02B010BD000010B50268A0
:1034D400EFF3108172B61368002BFCD0BFF35F8F3B
:1034E4000423C356002B0ADBFF2303710368BFF3D5
:1034F4005F8F00221A6081F3108840BF10BD034B18
:10350400034A0448B42100F0C3FCC046B47301105C
:1035140064AF01104C73011010B50268EFF3108111
:1035240072B61368002BFCD0BFF35F8F0423C3561D
:10353400002B12DB4379002B15D0013BDBB2437126
:10354400002B16D1FF3303710368BFF35F8F002292
:103554001A6081F3108840BF10BD0A4B0A4A0B4819
:10356400BB2100F095FC0A4B074A0848BC2100F037
:103574008FFC0368BFF35F8F00221A6081F3108809
:10358400EAE7C046B47301104CAF01104C7301104C
:10359400D8730110094B1B78002B08D00CE09A005B
:1035A40080214905511808680549505001333F2BC3
:1035B400F5DD024B01221A707047C046C0A70220F5
:1035C4001C7E012010B5014B984710BD1D7E0120C3
:1035D40000280AD003231B02054A12685340C02264
:1035E40092001340034A136070470223F3E7C04676
:1035F4000C8001400C900140F0B5D6464F4646463B
:10360400C0B507000E00150018239A461B88142223
:103614009046108828499847814653461B8842465D
:10362400108826499847040053461B884246108850
:103634002349984780464B46002B0CD0002C0AD0D7
:10364400002808D0FFF7A6FFC847A0470020FFF7CF
:10365400BFFF2A000FE01B4B1B4A1C48802100F0CF
:1036640017FC002B07D0002A05D0C0235B051B6E76
:103674003370013A01362B00134312D0C0235B058B
:103684009C6A08232340A407EBD5002DE9D0511BE5
:103694000D29E6D83878C02149050866013D01376F
:1036A400DFE70120FFF794FFC047FFF78BFFE0BC83
:1036B400BA46B146A846F0BD494600004558000048
:1036C40046430000947E0110CCB40110887D0110A3
:1036D40010B5002308E00133DA0000210848115036
:1036E400844662445160DBB20E2BF4D90548F022C3
:1036F4009200002100F0A4FB034B044A1A6010BDA1
:1037040000001050306B0220D09C02208001105029
:10371400F0B5D6464F464646C0B584B0254B9F6D9E
:103724000024012603E0B74376000134E4B2002FFD
:1037340039D01F2C37D83E42F6D01F4B9E65630804
:1037440099460123234001225340DBB298464B465D
:103754005D0045446D01194BED18280000F032FA64
:103764000028E0D0154A4B465B0043445B01D31864
:103774009A789246DB8A994601AB98460C2200213E
:10378400180000F05DFB072342465370434652463F
:103794001A714A469A600121404600F03BFA28001B
:1037A40000F0A0F9BFE704B0E0BCBA46B146A846B1
:1037B400F0BDC0460000115000301150F06A0220E4
:1037C40070B584B0634A9823D55880239B022C009B
:1037D4001C401D4240D0604B9A6A604B1A60002422
:1037E400002109E05E4B5B183C3300221A7000F0A4
:1037F400ABF931000134E4B20F2C18D8A601300023
:103804002030574BC0189B193B331B78022BF1D146
:10381400534B9B193A331E78002EEBD0504BA10129
:103824005B183C331B78002BDCD13100E2E7002924
:1038340008D14C4B1B78002B04D14B4A9033802188
:103844008902D150434B996C4905490D012200204E
:1038540000F006FB8024A402EB0609D4EB0329D56F
:1038640080235B021C4301AB404A1A8000260BE014
:1038740010231C43FFF74CFFF0E701AB985D00F009
:10388400FFFA0123C3700136012EF6D901AE0C22D2
:103894000021300000F0D4FA06237370344A02ABDE
:1038A40003CA03C30121300000F0B4F92E4B802277
:1038B40092021A65EB0407D46B041ED42B042FD494
:1038C400AC4241D104B070BD80235B011C43214B49
:1038D40000221A60FFF7FCFE01AE0C22002130002A
:1038E40000F0AEFA012373700121300000F092F968
:1038F4001D4B802212031A65DEE78023DB011C4383
:1039040001AE0C220021300000F09AFA04237370F7
:103914000121300000F07EF9134B10221A65CDE727
:1039240080231B021C4301AE0C220021300000F056
:1039340087FA052373700121300000F06BF90A4BFC
:10394400802212011A65BBE721006940094800F092
:103954008FFAC0460000115000400540D88901206C
:10396400F06A0220BFA70220003011500080FFFF40
:1039740000001050A87F0110094B1B6C9B070CD44E
:103984008378DB09012B01D0002007E0C37E022BE2
:1039940001D0002002E0012000E000207047C04672
:1039A4000000115010B5FFF7E7FF002809D0064BBF
:1039B4009B6A064A12689B1A054A94466344C62BBE
:1039C40000D810BD0020FCE700400540D889012044
:1039D400E0FCFFFFF8B504000F00838A028B1E1C75
:1039E400934200D9161CB6B29B1BA3828022D2003C
:1039F4003243E378002B13D08025AD011543012217
:103A04005340E3706378002B0CD0A38A002B02D1BF
:103A14008023DB011D43002F00D02D042800F8BDB6
:103A24000025EBE7E068BB01C0182169320000F013
:103A340037FA23699B19236180231B021D43E4E7A2
:103A440070B5040083681B68002900D01B0C9D0519
:103A5400AD0D6278002A12D11B0409D4E38A5B19E4
:103A6400E382238BAB4201D90023A382280070BDDB
:103A74000E4B0F4A81210F48490000F009FA1B043C
:103A84000DD52069E368890159182A0000F008FA65
:103A9400E38A5B19E38223695B192361E1E7064B3F
:103AA400034A0A210348FF3100F0F2F9C87F0110EC
:103AB4003CB50110E87F01105880011010B50400D6
:103AC40083681B680021FFF7BBFF63681B685B000A
:103AD40002D5238B834200D010BD01212000FFF7C3
:103AE400AFFFF9E7002383768382C38203617047C3
:103AF40010B5002902D083681B681940002A0FD032
:103B0400114352050CD5826813685B050BD40B4B2B
:103B14000B401360FFE7FFE7FFE7FFE7FFE7FFE77F
:103B24008368196010BD83787F211940DB09044A3A
:103B34009B0004489A5800F09BF9C046FFFBFFFF26
:103B4400280E00207880011070B5040043681E68B8
:103B54000021FFF73FFF80256D010543164B1B6CC9
:103B64009B0715D5A3785B0617D10023A28A002AE8
:103B740001D0002B15D0114B1E4080239B053343ED
:103B8400626813602A0000212000FFF7B1FF70BDB6
:103B9400A378DB0903D10133E8E70123E6E7002337
:103BA400E4E701212000FFF715FF0543044A3240F2
:103BB400A023DB051343E3E700001150FFFFFFAF31
:103BC400FFFFFFDF70B50400857E002D06D0FFF7F0
:103BD40075FFA38A002B0BD1280070BD83787F2149
:103BE4001940DB09094A9B0009489A5800F040F93A
:103BF4002000FFF7D7FE051E03D0012323770025FD
:103C0400EAE72000FFF7A0FFE6E7C046280E002001
:103C14009880011070B584B005004378042B48D017
:103C240006D8022B23D0032B00D0A9E0002466E0A1
:103C3400052B00D0A4E05C4B1B78DB0737D55A4A30
:103C4400137804218B431370584B1C6820001430E4
:103C540000F0FEF82900200000F0EAF86269A36988
:103C6400BFF35F8F0021116083F310881FE04E4B78
:103C74001A7801218A431A701A7801318A431A701A
:103C840000265E701A7802318A431A70474B1C680A
:103C94002000143000F0DCF82900200000F0C8F8FF
:103CA4006269A369BFF35F8F166083F3108804B061
:103CB40070BD3D4B1B78DB07F9D53B4A13780421D3
:103CC4000B431370394B1C682000143000F0C0F80B
:103CD4002900200000F0ACF86269A369BFF35F8F8C
:103CE4000021116083F31088E1E762001219D20009
:103CF4002F4B1B689B18002B13D10134E4B22D4BBE
:103D04001B78A34216D32C4A002A11D0A342ECD824
:103D1400E31ADBB2002BF0D15A00D318DB00274A98
:103D24009B185B69002BE8D0287869689847E4E71A
:103D34002300EFE71C4B1B785B07B8D51A4A1378AE
:103D440004218B43137001AE0C220021300000F0DB
:103D540077F82B78337005237370144B1C6820009C
:103D6400143000F075F83100200000F061F8626949
:103D7400A369BFF35F8F0021116083F3108896E776
:103D84000A4B1C682000143000F062F8290020005F
:103D940000F04EF86269A369BFF35F8F00211160E0
:103DA40083F3108883E7C046D87B0120307C012050
:103DB400B0780120BEA70220AD690010D8B501106B
:103DC4004200031C120EC043110010B50224C01798
:103DD40020407F3901381E290CDC002916DB8024A1
:103DE4005B025B0A24042343162907DD963A9340B9
:103DF400584310BD181C00F013F8FAE78022D203D0
:103E04000A41D3181722521AD340F1E77E3A53429B
:103E14005A4152421040ECE77047C046000000008F
:103E240001B40248844601BC604700BF956200109B
:103E340001B40248844601BC604700BF1D8E0010D7
:103E440001B40248844601BC604700BFA16500106C
:103E540001B40248844601BC604700BF05740010E9
:103E640001B40248844601BC604700BFD970001009
:103E740001B40248844601BC604700BFCD4600102F
:103E840001B40248844601BC604700BFC56F0010FE
:103E940001B40248844601BC604700BF9D45001040
:103EA40001B40248844601BC604700BFAD65001000
:103EB40001B40248844601BC604700BF5539001074
:103EC40001B40248844601BC604700BFB32E001011
:103ED40010000000000000000000010000000000CD
:103EE40000000000000002000000000000000000CC
:103EF4000000030000000000000000000000FF00BC
:103F04000000000001B5486801318E460047704644
:103F140009380149884701BDA92C0010D40D00209F
:103F240000000000700F0020408901200000000004
:103F34000000000050890120000000000000000083
:103F4400100000000000000000000000000000005D
:103F5400503300004C33000054330000523300004F
:103F64004D5300004D43000053340000433400001F
:103F7400B96D001000000000316D0010E1690010FF
:103F84000000000000010000C4800110C88001107E
:103F9400347C012010000C00000000000000000030
:103FA400000000000000000000000000FF0000000E
:103FB4006E19000000C000C00000000005130110CD
:103FC40000000000000000000000000000000000ED
:103FD4000000000075130110000000000000000044
:103FE40058580000000000004D550110000000006A
:103FF400000000000000000000000000F953011060
:1040040000000000000000000000000000000000AC
:104014000080044000000000004004400000000054
:1040240000000000000000009165001029590010F4
:104034004960001045630010E50200100D6F001088
:04000005100001E9FD
:00000001FF
